cellid,enodebid,physcellid,time_timestamp,localcellid,eutrancellid1,eutrancellid2,eutrancellid3,avg_dlrsrp_s,avg_dlrsrq_s,avg_longitude,avg_latitude,avg_dlearfcn,avg_dlrsrp_d1,avg_dlrsrq_d1,avg_dlrsrp_d2,avg_dlrsrq_d2,avg_dlrsrp_d3,avg_dlrsrq_d3,avg_dlcqi,avg_ta
2,20346,20,00:03.0,2,5208576,6156062,,-98,-17.5,80.053204,7.16271,1725,-98,-16,-98,-15,,,11,6
1,25629,115,01:12.0,1,5227294,5227274,,-109,-16.3,80.313459,8.163011,1725,-107.5,-15,-109.5,-17.5,,,6,13.5
1,25629,115,00:51.0,1,6561024,,,-109,-13.8,80.324888,8.167288,1725,-113,-18.1,,,,,5.5,22.3
2,21456,189,01:29.0,2,6597888,6107925,,-113,-15.5,81.692726,7.572679,1725,-115,-18,-117,-16,,,5,62
3,21585,112,01:45.0,3,4294967295,4294967295,6017536,-116,-20,80.140287,7.125365,1725,-113,-17.5,-116,-19.3,-119,-20,5.5,22
1,25629,115,00:10.0,1,6561024,,,-109.1,-13.5,80.323513,8.1668,1725,-115.3,-18,,,,,9,24.2
3,25629,346,00:00.0,3,5809695,,,-112,-12.5,80.308866,8.189043,1725,-119,-18,,,,,12,26
1,25629,115,01:59.0,1,5227294,6561024,,-111,-12.5,80.316009,8.158714,1725,-116,-14.5,-120,-20,,,15,18
0,25629,116,01:06.0,0,6561025,,,-99.3,-12.5,80.315948,8.170597,1725,-106,-18.8,,,,,7,7
0,20697,339,01:35.0,0,5298453,5298443,,-93,-15.9,79.954414,7.170633,1725,-92.5,-15.4,-98.5,-19.4,,,9,4.5
1,21193,169,00:07.0,1,6152704,,,-82,-11.2,79.856249,6.895836,1725,-88.3,-17.4,,,,,9.9,1.3
12,24860,405,01:46.0,12,6243328,,,-109,-15,79.859343,7.242093,1725,-112,-18.5,,,,,5,8
22,25709,423,01:49.0,22,5196830,6581506,5196801,-89,-15.5,81.831036,7.412755,1725,-92,-17,-95,-20,-96,-20,,
21,20697,341,00:04.0,21,5298432,,,-92.7,-15.1,79.952457,7.170742,1725,-94.9,-16,,,,,7,8.2
0,23520,180,00:39.0,0,5769473,,,-98,-14.5,79.910309,7.143012,1725,-109,-20,,,,,,
0,20421,48,01:32.0,0,5405451,,,-102.4,-15.6,80.404882,8.328906,1725,-105.4,-18,,,,,3.3,28
1,26939,105,00:48.0,1,5223681,5223710,,-93,-14.5,81.85743,7.236847,1725,-93,-15,-94,-16.5,,,5,6
1,26939,105,00:39.0,1,5223710,5223681,,-94,-13,81.858015,7.236958,1725,-95,-14.5,-95,-15,,,5,6
0,24227,98,01:33.0,0,6202113,,,-96,-11.5,79.859935,6.91484,1725,-99,-15,,,,,,
1,25629,115,00:43.0,1,6561024,,,-109,-13.4,80.327663,8.165515,1725,-113.9,-16.9,,,,,6.3,25.2
0,25629,116,01:50.0,0,6561027,,,-119,-14.5,80.314881,8.176418,1725,-122,-18,,,,,6,10
30,24045,144,01:26.0,30,6127104,,,-111,-14.4,81.516944,7.942371,1725,-113.4,-16.7,,,,,5.7,37
10,24045,95,01:15.0,10,6600960,,,-113,-13,81.543723,7.952972,1725,-120,-16.5,,,,,,64
0,20559,114,01:37.0,0,5263136,,,-115,-13,79.873184,6.977116,1725,-116,-15,,,,,,2
0,22689,309,00:00.0,0,6165248,,,-101,-13,80.364628,7.473154,1725,-106,-18.5,,,,,7,13
0,23520,180,00:13.0,0,5769473,,,-100,-14.5,79.910327,7.14324,1725,-109,-20,,,,,8,11
0,24227,98,00:06.0,0,5124096,5128962,6202113,-94,-14.5,79.86005,6.914903,1725,-97,-17.5,-98,-17,-98,-18,,2
0,25629,116,00:39.0,0,6561025,,,-112,-17,80.321576,8.170572,1725,-109,-14,,,,,6,17
81,27252,413,01:47.0,81,6256722,6976602,,-105.3,-13.5,81.810239,7.366014,525,-107.3,-15.7,-109,-17,,,6,8.5
0,20195,330,01:30.0,0,6288643,,,-100.3,-12.1,79.891831,7.086765,1725,-102.8,-13.8,,,,,9,5
0,20195,330,01:21.0,0,5282562,6288643,6158850,-97,-11.5,79.890357,7.08679,1725,-102,-15.5,-105,-17.5,-109,-19.5,10,6
20,20303,211,00:07.0,20,5197578,,,-90.8,-12.5,81.726391,7.68663,1725,-103.3,-19.5,,,,,7.8,6
2,20771,346,01:59.0,2,5317397,,,-98.3,-11.9,79.986272,9.74976,1725,-103.7,-17.4,,,,,9,7.7
0,20697,339,00:36.0,0,5298433,,,-95,-13.9,79.949903,7.17325,1725,-100.7,-16.7,,,,,10.8,4.2
22,21115,127,01:00.0,22,5405452,,,-99.3,-13.8,80.410178,8.333666,1725,-105.5,-19.5,,,,,8,2
12,23002,153,01:45.0,12,5284619,5284629,,-112,-16.5,80.115791,7.020817,1725,-114,-17.5,-116,-16.5,,,7,25
1,20254,199,00:36.0,1,5185024,,,-91,-12.5,79.89457,6.99045,1725,-98,-17,,,,,,
10,20303,212,00:54.0,10,5232396,6311168,6311190,-114,-13,81.7294,7.686876,1725,-116,-14.5,-123,-20,-123,-20,6,9
0,24227,98,01:33.0,0,5143572,,,-94,-12.5,79.859015,6.916014,1725,-101,-18,,,,,,
20,20303,211,00:43.0,20,5197568,,,-96.5,-13.5,81.727545,7.687498,1725,-102.3,-17.6,,,,,8,5.7
0,20731,375,01:42.0,0,6429184,6145793,,-109,-14.5,79.840961,7.220184,1725,-116,-20,-117,-20,,,8,6
30,24045,144,01:51.0,30,6155530,,,-99,-12.9,81.502815,7.945577,1725,-107.8,-18.1,,,,,10,8.5
0,20195,330,01:50.0,0,5289492,6288643,6158850,-107,-14.5,79.890597,7.088001,1725,-108,-17.5,-109,-17,-109,-18.5,5,6
0,20195,330,01:53.0,0,6288643,5289492,5282562,-105,-15,79.890127,7.087777,1725,-105,-15.5,-106,-17,-108,-17,5,6
131,20402,278,01:14.0,,5196932,5223044,,-101,-12.5,81.829447,7.425221,41090,-99,-11.5,-109,-20,,,,
1,21148,194,01:52.0,1,5413888,6323969,,-118,-17.5,80.359605,7.442467,1725,-119,-19,-119,-19.5,,,7,16
0,22689,309,00:38.0,0,5323777,5323778,6381569,-105,-14,80.368924,7.472944,1725,-105,-16.5,-106,-16,-111,-20,5,11
3,25629,346,01:37.0,3,5227264,,,-105.7,-13.7,80.311989,8.187346,1725,-108.3,-15.7,,,,,7,28.5
30,24045,144,01:21.0,30,6127104,,,-106.4,-15.6,81.525127,7.945749,1725,-108.9,-17.4,,,,,4.8,42
0,20195,330,01:47.0,0,6288643,5282562,6158850,-97,-11,79.890808,7.08769,1725,-103,-17,-104,-17.5,-107,-19,7,6
30,20303,327,00:53.0,30,5197569,,,-90.4,-13.1,81.725334,7.686207,1725,-94.8,-15.8,,,,,8,4.7
10,20303,212,00:23.0,10,5197588,,,-99,-13,81.728647,7.684155,1725,-100,-15,,,,,,10
0,24227,98,00:33.0,0,5128962,6202113,5121024,-98,-15,79.860069,6.914823,1725,-102,-18,-102,-18,-103,-19,8,2
3,21585,112,00:58.0,3,5525790,6918913,,-100,-16.3,80.130819,7.132428,1725,-96.3,-12.7,-100.7,-17,,,,
2,26426,399,00:53.0,2,6765077,,,-82.8,-13.8,81.831499,7.405322,1725,-85,-15.9,,,,,10.5,2
2,24045,146,00:29.0,2,6155520,6127106,,-98,-15.5,81.495296,7.970981,1725,-100,-17.5,-103,-19,,,6,40
2,22715,153,00:51.0,2,5808908,,,-105.7,-15.2,81.19173,8.676246,1725,-105.3,-14.2,,,,,8,12
0,20697,339,01:40.0,0,5298443,5298453,,-97,-15.5,79.950558,7.173201,1725,-101,-16,-101,-17,,,8,4
0,20731,375,01:58.0,0,6429184,,,-99,-13.8,79.840876,7.218075,1725,-106,-18.3,,,,,8.5,5
0,20530,27,00:50.0,0,5267458,5148930,,-94,-16.5,79.866023,6.879134,1725,-97,-16.5,-99,-17,,,,
1,24091,392,00:35.0,1,6167296,6564610,7164949,-97,-18,80.01344,9.667169,1725,-96,-16.5,-96,-16,-99,-18.5,,
3,21585,112,00:09.0,3,6918913,5525790,,-105,-13,80.129382,7.13267,1725,-107,-16,-112,-20,,,6,13
2,20346,20,00:33.0,2,6156042,6156062,,-111,-20,80.050128,7.162231,1725,-105,-14.5,-112,-20,,,9,10
3,25629,346,01:42.0,3,5901826,5809695,,-110,-14.5,80.310918,8.181136,1725,-113,-16.5,-115,-19.5,,,3,16
21,26426,236,00:06.0,21,5222678,6765058,,-110,-15,81.834864,7.400804,1725,-110,-17,-111,-17.5,,,6,4
30,24045,144,01:49.0,30,6127104,,,-102.8,-14.1,81.513238,7.952193,1725,-107.2,-17.7,,,,,7,39.9
0,22689,309,00:18.0,0,5326849,5413920,6165248,-106,-14.5,80.361342,7.468833,1725,-107,-15,-110,-18,-111,-19,,
0,20731,375,01:57.0,0,6290432,7170306,7170326,-110,-15.5,79.84199,7.217751,1725,-111,-16.5,-112,-19,-113,-19.5,6,5
12,20649,131,00:20.0,12,6576128,5410836,,-94,-13,80.124456,7.270708,1725,-100,-20,-101,-20,,,,31
3,21585,112,01:43.0,3,4294967295,4294967295,4294967295,-119,-20,80.14297,7.125851,1725,-115,-17.5,-119,-20,-120,-19.3,5,23
3,21585,112,00:26.0,3,4294967295,,,-106,-15.8,80.14105,7.131719,1725,-111,-19.3,,,,,4.3,17
1,25629,115,01:55.0,1,6561026,,,-104.9,-13.4,80.311535,8.165713,1725,-106.3,-15.3,,,,,5.7,6.4
0,25629,116,01:57.0,0,6561027,,,-106,-13.4,80.315053,8.174887,1725,-110,-17.3,,,,,7,8.5
0,20195,330,01:31.0,0,5289492,5282562,6288643,-104,-13.5,79.890024,7.087539,1725,-107,-14,-109,-19,-110,-17.5,5,7
2,24045,146,00:34.0,2,6600960,5493762,,-97,-14.5,81.49331,7.941246,1725,-100,-15,-105,-20,,,8,12
20,20303,211,00:48.0,20,5197568,5232384,,-105,-15,81.730149,7.687559,1725,-108,-17.5,-112,-20,,,,10
30,20425,409,00:14.0,30,5767198,,,-98.8,-12.4,81.611575,7.78315,1725,-103.6,-17.2,,,,,4,9.3
0,20254,198,01:19.0,0,5185025,,,-98.5,-13,79.894598,6.990669,1725,-104.5,-16.5,,,,,8,2
22,20771,347,01:37.0,22,5879809,,,-106.7,-12.4,79.983228,9.745609,1725,-112.6,-17.3,,,,,6.8,12.4
1,21193,169,00:34.0,1,6152704,5128193,,-74,-11.5,79.856918,6.896063,1725,-79,-16.5,-80,-18,,,8,1
0,24227,98,01:05.0,0,5121024,6202113,5128962,-99,-15,79.859991,6.91479,1725,-105,-19.5,-105,-19,-107,-20,7,3
1,24091,392,01:16.0,1,6167296,6564610,,-99,-17,80.013953,9.667067,1725,-101,-15.5,-104,-17,,,,
3,24157,57,01:35.0,3,6184194,6184214,,-73.3,-14.8,79.84867,7.210024,1725,-76.7,-18.2,-77.7,-19,,,10,2
91,27252,201,01:48.0,91,5764946,,,-97,-11,81.810672,7.358402,525,-110,-20,,,,,9,8
3,20646,274,00:21.0,3,5285377,,,-86.6,-13.2,79.938338,6.990604,1725,-90,-16.1,,,,,8,3.5
10,20303,212,00:59.0,10,5197588,,,-96.6,-13.2,81.72677,7.686149,1725,-99,-15,,,,,9,5.3
10,20303,212,00:39.0,10,5197588,,,-94.6,-12.9,81.727224,7.687853,1725,-98.8,-16.7,,,,,8,5.5
1,23430,289,01:55.0,1,5998082,,,-100.8,-12.3,80.403784,9.391186,1725,-107,-18.8,,,,,11,3
0,23520,180,01:28.0,0,5779202,5411596,5748224,-109,-18,79.91268,7.146535,1725,-111,-15.5,-114,-20,-115,-20,8,13
11,20769,98,00:16.0,11,6167297,,,-85.3,-13.5,80.012105,9.667058,1725,-90,-17.5,,,,,8.3,2.3
1,24091,392,00:54.0,1,6167296,,,-86.2,-14,80.01287,9.667401,1725,-89.9,-16.7,,,,,10.7,0.6
0,26967,366,01:50.0,0,5493780,6903554,,-102.3,-12.2,81.522002,7.902621,1725,-105,-15.5,-109.7,-19,,,9,3
12,20649,131,00:25.0,12,6576128,5410836,,-94,-15,80.124367,7.271103,1725,-96,-17,-99,-20,,,,31
12,20649,131,01:07.0,12,5286176,6479872,,-98,-14.5,80.138917,7.280152,1725,-99,-15.5,-101,-18,,,5,21
0,22689,309,00:10.0,0,5154836,,,-102,-11.5,80.365581,7.471984,1725,-108.5,-17.8,,,,,9,8
0,24641,274,01:55.0,0,5207840,5207820,4294967295,-100,-12.5,80.093583,7.143053,1725,-105,-17,-110,-20,-111,-20,3,12
1,24604,65,01:40.0,1,6316832,,,-105,-15.8,80.678085,8.239839,1725,-106,-16.8,,,,,,54
81,27394,229,01:09.0,81,6025296,,,-105.5,-11.3,79.738661,8.050816,525,-111,-16.4,,,,,7.8,16.3
81,27394,229,01:16.0,81,6050130,,,-106,-13.5,79.736828,8.052925,525,-112,-19,,,,,,15
0,23520,180,01:55.0,0,5779212,,,-115,-17,79.918596,7.141162,1725,-117,-19.5,,,,,,21
21,21653,174,00:21.0,21,6167297,6564609,6564610,-90,-15,80.013333,9.665785,1725,-93,-16.5,-96,-18.5,-97,-19,,
0,21685,372,01:46.0,0,6674178,7138818,5552130,-109,-17,80.377699,7.480199,1725,-108,-16,-112,-19.5,-112,-20,6,3
0,21893,256,01:41.0,0,5604639,,,-91,-14.5,80.377489,8.342976,1725,-96,-19.5,,,,,,4
2,23520,182,00:08.0,2,6021123,,,-89.5,-14,79.903504,7.144709,1725,-92,-17,,,,,11,0
11,21115,401,00:42.0,11,5609217,,,-105,-15,80.398534,8.335288,1725,-110,-20,,,,,5,19
1,23879,206,01:07.0,1,6113024,5782273,6113044,-88,-17,81.182616,8.503719,1725,-90,-17.5,-91,-19,-91,-16.5,5,0
1,20477,281,01:43.0,1,5502466,,,-93,-10.3,79.857476,6.924249,1725,-99,-16.5,,,,,8,2
10,23079,269,00:54.0,10,5618945,,,-106,-16,80.507432,7.970076,1725,-109,-19,,,,,4,37
3,21585,112,00:04.0,3,6918913,5525790,,-105,-14,80.129382,7.13267,1725,-107,-16.5,-111,-20,,,6,13
3,21585,112,00:04.0,3,5525790,5525770,,-103,-15.5,80.131959,7.138357,1725,-106,-18.5,-109,-20,,,,
20,20303,211,01:20.0,20,5231637,,,-91.7,-11.3,81.728356,7.68737,1725,-96,-17.2,,,,,13,6.5
2,22715,153,01:30.0,2,5808908,,,-106,-14,81.195258,8.669635,1725,-110,-18.5,,,,,10,4
3,24157,57,00:29.0,3,5303808,,,-86,-18,79.84562,7.214536,1725,-91,-20,,,,,4,5
0,26990,423,01:58.0,0,5274890,6909460,,-95,-14,79.907128,6.933285,1725,-99,-17.5,-99,-17,,,5,4
1,21763,250,01:37.0,1,5570562,,,-96,-12.5,81.22764,8.580972,1725,-101,-16,,,,,,4
32,20104,200,01:27.0,32,5144843,5146625,,-106,-15,79.881605,6.89964,1725,-111,-18,-112,-18,,,8,5
2,26426,399,00:40.0,2,6765077,,,-87,-15,81.830746,7.40557,1725,-92.3,-19,,,,,7.7,1.7
0,20195,330,00:56.0,0,6288643,6158850,5282562,-116,-16,79.887491,7.088963,1725,-118,-17.5,-118,-17.5,-118,-18,6,7
2,24045,146,01:10.0,2,5906432,5903872,,-105,-18.5,81.493132,7.973596,1725,-109,-20,-110,-20,,,3,39
0,20195,330,00:51.0,0,5282562,6288643,,-103,-13.5,79.891348,7.086642,1725,-105,-14.5,-106,-15.8,,,7,5.5
21,21610,199,01:10.0,21,5532161,5532170,5532180,-97,-12,79.973877,7.034832,1725,-99,-13,-105,-19,-107,-20,,2
0,21685,372,00:19.0,0,5552130,5154847,5552159,-92,-18.5,80.382859,7.492121,1725,-90,-15,-93,-19,-95,-20,5,23
1,24091,392,01:35.0,1,6167296,6564610,,-100,-17,80.014021,9.667052,1725,-101,-15,-106,-18,,,8,2
1,25629,115,01:09.0,1,6561024,5227294,5227274,-109,-13,80.318682,8.166024,1725,-116,-13.5,-117,-20,-120,-20,8,11
30,24045,144,00:33.0,30,6127104,5228546,5906432,-106,-16.5,81.524159,7.950646,1725,-109,-15.5,-110,-19.5,-112,-20,5,45
2,23002,259,01:58.0,2,5888523,,,-101,-13.5,80.132711,7.017786,1725,-103,-15.5,,,,,,25
0,25766,114,01:18.0,0,6598658,,,-108.3,-14.3,80.589841,9.377208,1725,-111.3,-18.8,,,,,10,29.5
32,20104,200,01:22.0,32,5133056,7048468,,-112,-17,79.881098,6.899459,1725,-117,-18,-119,-20,,,7,5
1,24091,392,00:40.0,1,6167296,4294967295,5309954,-101,-17.5,80.013601,9.667087,1725,-100,-15.5,-104,-20,-106,-18.5,6,2
0,25629,116,01:25.0,0,6561025,5227294,,-108.5,-14.5,80.32404,8.166968,1725,-111,-17,-116.5,-20,,,5.5,18.5
3,25629,346,01:17.0,3,5227264,,,-110.2,-11.7,80.311599,8.183505,1725,-116.4,-17,,,,,5.3,44.3
81,27252,413,01:54.0,81,6976603,,,-93,-11.3,81.807657,7.362997,525,-100.7,-19.5,,,,,8,5
30,24045,144,00:53.0,30,6127104,6130688,,-117,-16,81.53076,7.949936,1725,-120,-18,-123,-20,,,,42
0,22689,309,00:32.0,0,5550337,5154826,6381569,-117,-19,80.364755,7.476148,1725,-114,-16,-119,-20,-120,-20,,14
21,20697,341,00:46.0,21,5298432,,,-97.6,-14.1,79.951316,7.171044,1725,-101.1,-16.7,,,,,5.7,7.6
0,23520,180,01:49.0,0,5411596,,,-110,-18,79.912374,7.144622,1725,-117,-20,,,,,,
1,21763,250,01:41.0,1,5571330,,,-87.4,-11.3,81.226212,8.581771,1725,-92.7,-17.1,,,,,9.3,2.2
1,21574,375,01:41.0,1,5289473,,,-106,-16.5,79.869146,7.068048,1725,-109,-17.5,,,,,9,14
1,24829,238,00:31.0,1,6486274,,,-114,-14.3,81.023433,7.631929,1725,-115.7,-16.1,,,,,7,24.3
21,20803,313,00:14.0,21,5325568,5325588,5325569,-83,-16.3,80.364573,7.48822,1725,-83.5,-16,-84.5,-18,-86.5,-18.8,6,0
1,20680,377,01:58.0,1,5994240,5994241,,-97,-12,80.109681,7.126512,1725,-101.5,-13,-107,-18.3,,,6,6.5
0,24227,98,01:01.0,0,5143553,,,-82,-11.3,79.858975,6.916224,1725,-87.5,-16.8,,,,,,
0,25629,116,00:30.0,0,6561025,,,-95,-13.2,80.321959,8.167043,1725,-98.7,-16,,,,,7,22
0,25629,116,01:38.0,0,5901826,6561027,,-114,-15,80.315862,8.176866,1725,-115,-16.5,-116,-18,,,5,10
3,21585,112,00:27.0,3,6918913,4294967295,5291786,-115,-18,80.143375,7.132478,1725,-114,-17,-114,-17.5,-116,-19,,12
2,24323,250,01:22.0,2,5297921,6522113,5297940,-110,-17.5,79.893262,7.00436,1725,-110,-15.5,-112,-19.5,-112,-19.5,5,9
1,21148,194,01:53.0,1,5413888,6323969,,-117,-16.5,80.359605,7.442467,1725,-118,-18,-119,-19,,,7,16
0,22689,309,00:26.0,0,5326849,6165248,5413920,-107,-15,80.3615,7.469289,1725,-108,-14.5,-110,-17.5,-111,-19.5,,12
20,20303,211,00:22.0,20,5197568,5232384,5232416,-107,-16,81.73035,7.689391,1725,-109,-17.5,-110,-18.5,-112,-20,,
2,21456,189,01:23.0,2,6107925,6597888,6120194,-114,-14.5,81.696265,7.581309,1725,-114,-14.5,-115,-16.5,-117,-18.5,5,54
1,25629,115,00:15.0,1,5227294,,,-107.8,-13,80.317229,8.161977,1725,-111.3,-17,,,,,6,13.7
3,25629,346,01:18.0,3,6561026,,,-108,-13.7,80.295467,8.17829,1725,-112.7,-18.5,,,,,10,23
3,20646,274,01:28.0,3,5539361,5298689,,-103,-11.5,79.938893,6.991097,1725,-109,-19,-111,-20,,,,
30,20303,327,00:51.0,30,5197569,,,-89.5,-12.3,81.724827,7.686037,1725,-93.5,-15.9,,,,,8.5,4.9
2,21456,189,00:29.0,2,6107925,,,-111,-14.7,81.702294,7.59458,1725,-112.6,-16.4,,,,,6,70.5
2,20125,29,00:59.0,2,5592577,,,-73,-11.5,79.850349,6.917202,1725,-80,-17,,,,,,4
1,21193,169,01:03.0,1,6152704,6152724,,-81,-15.5,79.857002,6.895023,1725,-77,-12.5,-80,-15.5,,,8,1
0,25629,116,00:20.0,0,6561025,,,-94.7,-12.3,80.313196,8.168964,1725,-99.3,-15.7,,,,,6,11
1,25629,115,00:50.0,1,5227294,5227274,,-106,-13,80.318007,8.164667,1725,-111,-16.5,-113,-19.5,,,,12
3,25629,346,01:56.0,3,6561026,,,-89.3,-11.8,80.306551,8.173029,1725,-93.7,-16.3,,,,,7,9.5
3,25629,346,00:21.0,3,5809695,5227264,,-117,-13,80.311686,8.187094,1725,-125,-20,-126,-20,,,6,26
0,25629,116,01:03.0,0,5901826,,,-103.5,-12.6,80.315836,8.172476,1725,-109.5,-17.6,,,,,8.5,8.3
2,24045,146,00:31.0,2,5903872,,,-103,-17.8,81.469367,7.949835,1725,-103.5,-17.5,,,,,5,58.5
21,21610,199,01:01.0,21,6235660,,,-100.6,-11.9,79.976155,7.033164,1725,-105.4,-16,,,,,6.5,6.7
1,24091,392,01:02.0,1,6564610,5543189,,-105,-16.5,80.013123,9.665422,1725,-106,-17,-109,-19,,,,
81,27394,229,01:17.0,81,6050158,,,-115.5,-12.5,79.743237,8.050719,525,-122.5,-19.8,,,,,3.5,23.5
10,20303,212,00:38.0,10,5232396,6311168,6311190,-115,-13.5,81.729531,7.687245,1725,-117,-15.5,-121,-19.5,-123,-20,6,9
0,23882,408,01:46.0,0,5820426,6344706,,-103,-12.7,81.70168,7.731283,1725,-108.3,-17.8,-110.3,-18.8,,,9.5,5.5
3,21585,112,01:19.0,3,5525790,,,-100,-14.1,80.131541,7.132208,1725,-102.6,-15.8,,,,,9.8,9.5
1,25629,115,01:30.0,1,6561024,,,-102.2,-11,80.318326,8.1663,1725,-107.6,-16.9,,,,,9.3,10.9
3,25629,346,01:33.0,3,6561026,,,-96,-12,80.306483,8.17211,1725,-102,-16.5,,,,,7,11
0,20559,114,01:19.0,0,5304834,5207041,,-105,-12.5,79.875357,6.978539,1725,-110,-18.5,-114,-18,,,8,3
30,20303,327,00:05.0,30,5197569,,,-91.4,-13.6,81.725315,7.686499,1725,-95.5,-16.4,,,,,7.8,4.7
21,20697,341,01:31.0,21,5298432,,,-95.9,-15.1,79.95289,7.172015,1725,-98.5,-16,,,,,6.8,8
1,21193,169,00:10.0,1,5121281,,,-81,-11.5,79.856656,6.895446,1725,-87,-17.5,,,,,10,1
3,21118,57,00:10.0,3,6548992,5795072,5787904,-117.3,-17.2,80.810696,8.554727,1725,-117,-17.7,-118.3,-19,-120.3,-19.3,8,34
83,27352,42,01:32.0,83,5227346,7002194,7140946,-108,-12.5,80.291654,8.160672,525,-111,-15.5,-116,-18.5,-116,-20,8,10
2,20424,128,01:22.0,2,6294016,,,-101,-13,81.549213,7.918762,1725,-107,-18.5,,,,,,18
1,24604,65,00:50.0,1,5996034,6298624,,-113,-16,80.6667,8.27359,1725,-116.3,-17,-118.3,-19.7,,,,31
0,20687,391,01:01.0,0,6322434,5999363,,-99,-13,79.963854,6.989074,1725,-100,-15,-102,-16.5,,,,8
3,21585,112,01:53.0,3,5525790,6918913,,-112,-16.5,80.123612,7.138567,1725,-114,-18,-117,-20,,,8,15
12,23002,153,01:59.0,12,5284629,5284619,,-110.5,-16.8,80.131465,7.034419,1725,-110,-15.5,-110.5,-16.5,,,6,26.5
0,23520,180,01:07.0,0,5779222,,,-113,-16,79.912135,7.146513,1725,-121,-20,,,,,,
2,23113,208,01:27.0,2,6046998,5315074,,-109,-15,79.970953,9.713152,1725,-112,-18,-116,-20,,,8,47
2,20424,128,01:14.0,2,5228547,,,-107.5,-12.6,81.555434,7.923161,1725,-112,-16.5,,,,,6.9,16.3
1,24829,238,01:31.0,1,7175168,6205440,6486272,-121,-20,81.046792,7.646491,1725,-121,-19,-126,-20,-126,-20,7,54
0,21846,95,01:48.0,0,5152002,5152022,5152000,-78,-15,79.850783,6.919389,1725,-81,-15.5,-82,-16.5,-83,-19.5,9,1
0,21846,95,01:52.0,0,5152022,5152000,5152001,-83,-17,79.850467,6.91913,1725,-81,-16,-82,-16.5,-84,-18.5,,1
12,20649,131,01:05.0,12,5410836,6479873,6479872,-105,-13.5,80.130997,7.274823,1725,-108,-15.5,-110,-18,-110,-19,,23
0,20697,339,00:26.0,0,5285890,,,-92.8,-13.1,79.950949,7.175587,1725,-96.8,-16.3,,,,,8.5,6.7
22,21115,127,01:07.0,22,5197076,5405954,5405472,-86,-13.5,80.409254,8.333881,1725,-93,-18,-94,-20,-94,-19.5,8.5,3.5
1,23925,386,00:13.0,1,6124802,,,-96.9,-13.2,81.338843,7.550622,1725,-100.2,-15.9,,,,,9.3,9.5
1,24604,65,00:44.0,1,6170369,5996034,6298624,-109,-16,80.666787,8.284563,1725,-109,-15.5,-109,-17.5,-111,-19.5,6,31
81,27394,229,00:39.0,81,6050158,,,-115,-13,79.730598,8.038383,525,-121,-18.5,,,,,6,28
20,20303,211,01:16.0,20,5197590,5197579,,-89,-13.5,81.724159,7.688601,1725,-93,-18.5,-95,-19,,,,1
12,20649,131,00:21.0,12,5286176,6479872,,-99,-14.5,80.138917,7.280152,1725,-100,-15.5,-102,-17,,,4,21
22,21115,127,01:27.0,22,5405452,,,-100,-16.8,80.409334,8.333863,1725,-109,-17.5,,,,,6,2
41,20649,370,00:48.0,41,5410856,5410857,,-109,-13,80.120821,7.25737,3650,-114,-17,-116,-19.5,,,,30
0,23520,180,00:46.0,0,5779222,,,-110,-16,79.908498,7.145382,1725,-114.5,-18.3,,,,,6,19
1,24604,65,00:29.0,1,5996034,6298624,6170369,-107,-17.5,80.663754,8.289228,1725,-108,-19,-108,-18.5,-108,-18,6,31
2,26426,399,00:43.0,2,6765077,,,-74.3,-13.3,81.831253,7.40513,1725,-79,-16,,,,,9.7,2
3,25629,346,00:01.0,3,5809695,,,-113,-13,80.308866,8.189043,1725,-120,-19,,,,,12,26
2,21456,189,01:06.0,2,6107925,6565378,,-114,-15,81.697583,7.585227,1725,-115,-16.5,-116,-18,,,5,54
2,21456,189,01:15.0,2,5766421,6565378,,-110,-15,81.679688,7.589447,1725,-113,-17,-116,-20,,,5,59
0,20697,339,01:32.0,0,5285890,,,-89,-13.7,79.950574,7.176529,1725,-92.8,-16.6,,,,,10.8,5.5
32,20104,200,01:10.0,32,5504513,7048468,7048450,-112,-18,79.878385,6.89975,1725,-113,-16,-115,-20,-115,-20,,5
0,24227,98,01:43.0,0,5128962,7080450,,-87,-12,79.859644,6.915892,1725,-88.7,-12.8,-92.7,-16.7,,,9,2
3,24157,57,00:39.0,3,6184214,,,-90.5,-15.5,79.849048,7.211339,1725,-95,-18.6,,,,,8.8,3.8
11,20769,98,01:12.0,11,6167298,,,-99.8,-14.5,80.010327,9.667234,1725,-106,-17.5,,,,,9,1.7
1,25629,115,01:48.0,1,6561024,,,-106,-13.1,80.321879,8.165929,1725,-108.7,-16,,,,,7.5,15.3
131,20402,278,00:57.0,,6059907,,,-105,-11.5,81.829786,7.420133,41090,-107,-11.5,,,,,7,116
12,20254,386,00:18.0,12,5185056,,,-93,-12,79.893309,6.989425,1725,-97,-15.5,,,,,,1
0,22689,309,00:32.0,0,5326849,6165248,,-109,-14,80.361825,7.469995,1725,-110,-15.3,-113.7,-17.7,,,4,11.5
30,20303,327,00:36.0,30,5197569,,,-88.4,-13.1,81.72513,7.686685,1725,-92.1,-15.8,,,,,8.2,4.4
2,21456,189,01:05.0,2,6565378,5766421,,-111,-14,81.679688,7.589447,1725,-116,-19.5,-117,-19.5,,,4,60
21,20697,341,01:32.0,21,5298432,,,-95.8,-15.1,79.951113,7.171211,1725,-97.6,-15.8,,,,,8,7.2
0,25766,114,00:45.0,0,5545473,,,-114.7,-16.7,80.590859,9.386391,1725,-117.1,-18.8,,,,,6,54.3
0,20530,27,01:28.0,0,5185537,,,-103,-15.4,79.865929,6.879455,1725,-105.5,-15.6,,,,,8,3
21,21115,400,01:38.0,21,5405954,5405470,5197076,-97,-20,80.410407,8.33338,1725,-85,-15.5,-86,-17.5,-87,-18,,1
21,20814,222,01:42.0,21,5328386,,,-103.5,-13.5,80.570095,7.75979,1725,-52,-19,,,,,6,4
0,23520,180,00:16.0,0,5779222,,,-113,-15.3,79.912552,7.146409,1725,-116.3,-17.7,,,,,,
2,23113,208,00:10.0,2,5317378,,,-111,-17,79.967464,9.715829,1725,-114,-20,,,,,7,47
3,21118,57,00:45.0,3,5787904,6548992,,-112,-16.5,80.813987,8.560597,1725,-112,-16,-114,-18.5,,,8,31
11,20424,126,00:15.0,11,5228318,,,-98,-12.5,81.554859,7.903502,1725,-103,-17.5,,,,,5,31
11,20424,126,00:41.0,11,5228318,,,-98,-13.5,81.554859,7.903502,1725,-102,-17,,,,,8,31
2,20424,128,01:31.0,2,5228575,,,-94.7,-12.3,81.557808,7.917968,1725,-97.7,-14.8,,,,,10,11.7
3,21585,112,01:54.0,3,4294967295,,,-111.4,-15.4,80.139815,7.131792,1725,-114.4,-18.1,,,,,7,16.2
3,21585,112,01:58.0,3,4294967295,5525790,,-96,-16.5,80.133044,7.134624,1725,-97,-18,-97,-18,,,9,7
2,26426,399,00:45.0,2,6765077,,,-83,-13.5,81.830615,7.405751,1725,-87,-17.5,,,,,8.5,2
1,25629,115,01:40.0,1,5227294,,,-119,-14.5,80.316795,8.160945,1725,-124,-18.5,,,,,7,12
10,20303,212,00:38.0,10,5197588,,,-92,-12.9,81.727091,7.68564,1725,-97.1,-17,,,,,10,5.8
21,20697,341,01:20.0,21,5285890,5298432,,-104.2,-14.6,79.954202,7.17143,1725,-108,-17.8,-109.6,-19.4,,,5.3,12.5
0,23520,180,00:37.0,0,5779202,5779201,5208084,-108,-17.5,79.9122,7.144597,1725,-113,-17,-114,-19.5,-114,-19,8,13
2,26426,399,01:29.0,2,6765077,,,-86.2,-13.6,81.831208,7.405757,1725,-90.7,-17.5,,,,,8.4,2
2,26426,399,00:35.0,2,6765077,,,-90.7,-14.6,81.830927,7.405229,1725,-95.4,-18,,,,,10,1.7
1,25629,115,00:21.0,1,5901826,,,-106,-12.5,80.317365,8.164698,1725,-113,-19,,,,,9,11
1,25629,115,01:15.0,1,6561024,,,-109,-12.8,80.318044,8.167025,1725,-114.2,-17.5,,,,,6.3,17.3
1,25629,115,01:41.0,1,6561024,,,-106.4,-11.7,80.317912,8.167557,1725,-114,-18.8,,,,,8.8,9.4
1,25629,115,00:20.0,1,6561024,,,-110.5,-14.3,80.326124,8.168916,1725,-114,-17,,,,,6.5,23
3,25629,346,00:19.0,3,5809695,,,-113,-13,80.311123,8.187483,1725,-118,-17.5,,,,,6,26
2,21456,189,01:52.0,2,5492737,5492757,,-91.5,-14.3,81.712761,7.607767,1725,-92,-14.8,-94,-16.5,,,7,1.5
1,21193,169,00:28.0,1,6152704,5128193,6152706,-72.5,-12,79.856714,6.896187,1725,-73.5,-14,-76.5,-16.8,-80,-20,10,1
3,25629,346,01:56.0,3,5901826,5227264,,-108,-16.5,80.315482,8.185749,1725,-106,-14.5,-109,-18.5,,,5,24
2,24045,146,00:39.0,2,5906432,,,-104,-17,81.493834,7.970514,1725,-112,-20,,,,,4,39
30,24045,144,01:00.0,30,6155521,,,-98.8,-12.8,81.504076,7.943629,1725,-107.2,-18.9,,,,,8.3,7.8
20,20303,211,00:33.0,20,5197578,,,-88,-11,81.726295,7.684988,1725,-101,-20,,,,,,
30,20303,327,01:10.0,30,5197569,,,-86.9,-13,81.725525,7.686362,1725,-90.9,-15.8,,,,,6.2,5.3
2,21456,189,01:09.0,2,6107925,5231618,6565378,-118,-17,81.697583,7.585227,1725,-118,-16,-119,-16.5,-120,-17,6,54
21,20697,341,01:42.0,21,5298432,,,-92.1,-14.5,79.95141,7.172268,1725,-94.1,-15,,,,,8,6.2
132,24235,282,01:52.0,,5218946,5218948,,-114,-14,79.845017,8.023577,41090,-116,-17,-117,-17,,,5,25
0,20697,339,01:35.0,0,5298453,,,-97.2,-14.7,79.949523,7.172598,1725,-98.9,-16.1,,,,,8.5,4.5
3,21585,112,01:40.0,3,4294967295,6017536,,-106,-16,80.134535,7.129308,1725,-114.5,-19.3,-114.5,-19,,,6,22
2,24546,345,01:42.0,2,5322260,,,-102,-14,80.142063,7.353683,1725,-103,-15.5,,,,,6,31
2,20858,177,01:48.0,2,5339648,5339649,5339052,-78,-13,80.501359,8.762698,1725,-84,-20,-84,-20,-86,-20,12,3
12,20649,131,00:01.0,12,5286176,6479872,,-98,-14.5,80.131307,7.278187,1725,-98,-15,-101,-18,,,4,21
12,20649,131,00:11.0,12,5527328,5527299,6576130,-96,-14,80.14179,7.268246,1725,-93,-17,-99,-19.5,-99,-18,7,37
0,23520,180,01:43.0,0,5779222,,,-111.3,-15.2,79.911563,7.147209,1725,-116,-17.3,,,,,6,15
22,20077,415,01:54.0,22,5139712,6179841,,-88,-11.5,79.86088,6.875083,1725,-92,-14.5,-96,-16.5,,,5,2
22,21115,127,01:58.0,22,5197078,5405952,,-106,-12.5,80.405317,8.341946,1725,-110,-17.5,-113,-19.5,,,,16
20,23879,205,01:13.0,20,6113025,4294967295,6113024,-108,-11,81.186853,8.505493,1725,-115,-18,-115,-19.5,-115,-19.5,9,6
0,23520,180,00:36.0,0,5779222,,,-112,-15.2,79.911852,7.146903,1725,-117,-17.7,,,,,,
2,24586,446,00:05.0,2,5229322,5766913,6507265,-115,-20,81.526851,7.920692,1725,-112,-18.5,-114,-19,-115,-20,,19
1,24604,65,00:34.0,1,6170369,6298624,,-107,-16,80.665152,8.286892,1725,-108,-17,-110,-19,,,6,31
10,23079,269,01:39.0,10,5908225,5623552,6782722,-111,-13.5,80.515648,7.958073,1725,-114,-17,-117,-19,-117,-19.5,12,35
20,23879,205,00:18.0,20,6113025,6113024,,-104,-14,81.188161,8.50428,1725,-108,-17,-109,-18,,,5,9
0,21654,15,01:53.0,0,5543426,5543425,,-94.5,-13.8,80.161288,9.659117,1725,-99.5,-17.5,-101.5,-19.5,,,11,1.5
3,21585,112,00:19.0,3,6918913,5525790,,-105,-13,80.142337,7.133558,1725,-109,-16.5,-109,-17.5,,,8,13
1,25629,115,01:34.0,1,5227294,,,-108.5,-15.5,80.317394,8.163178,1725,-118,-19,,,,,5.5,13.5
3,20646,274,01:02.0,3,5285377,5539361,,-103,-11,79.937123,6.991649,1725,-109,-20,-110,-20,,,,
2,20771,346,01:47.0,2,6029569,7006465,,-111.7,-15.3,79.990852,9.747765,1725,-116.3,-19.3,-119.7,-19.7,,,5,18
3,21585,112,01:43.0,3,6017536,4294967295,,-113.3,-14.3,80.148177,7.126817,1725,-115.7,-16.5,-124.3,-19.5,,,4,24
0,20731,375,01:44.0,0,6145793,7170306,5305090,-108,-15.5,79.841387,7.218693,1725,-111,-19,-111,-19.5,-113,-20,8,5
3,24157,57,00:29.0,3,6184214,,,-86,-15.6,79.847964,7.210166,1725,-90.3,-18.8,,,,,7.7,4.3
3,25629,346,01:38.0,3,6561026,,,-95,-12.5,80.306867,8.172763,1725,-102,-18,,,,,7,11
0,25629,116,01:16.0,0,6561025,,,-98.4,-11.7,80.317856,8.169437,1725,-103.9,-17.2,,,,,7.4,8.4
30,24045,144,01:20.0,30,6155530,,,-115,-12,81.505595,7.94466,1725,-122,-18.5,,,,,9,10
0,26967,366,01:43.0,0,5493780,,,-102.8,-12,81.521779,7.902918,1725,-107,-15.4,,,,,8,3
0,22689,309,00:18.0,0,5551362,5154826,5808386,-107,-16.5,80.360339,7.469603,1725,-109,-17,-111,-20,-112,-20,3,11
20,20303,211,00:48.0,20,5197578,,,-92,-11.3,81.727826,7.685864,1725,-105,-20,,,,,10.5,8.5
2,21456,189,01:01.0,2,5904897,6107925,,-115,-17,81.694063,7.57776,1725,-116,-17.5,-116,-17.5,,,4,54
0,20530,27,00:35.0,0,5267458,5201943,,-94,-17.5,79.867938,6.886915,1725,-95,-15.5,-101,-20,,,7,10
1,21193,169,00:09.0,1,5128193,6152704,,-73,-12,79.856794,6.896285,1725,-79,-17,-79,-9,,,11,1
1,24091,392,01:40.0,1,6564610,6167296,5309954,-99,-19,80.013796,9.666475,1725,-104,-20,-104,-19.5,-107,-20,8,2
1,25629,115,00:31.0,1,6561024,,,-112,-13.8,80.318378,8.168521,1725,-116.7,-18.7,,,,,6.3,11
30,24045,144,01:27.0,30,6127106,,,-100,-14.5,81.510441,7.941041,1725,-103,-18.3,,,,,5.5,11
2,22715,153,01:44.0,2,6308866,5815040,6308865,-105,-16.5,81.195466,8.676643,1725,-106,-17,-106,-18,-106,-17.5,5,13
0,23520,180,01:43.0,0,5779202,,,-111,-17.5,79.912127,7.145073,1725,-116,-17.5,,,,,,
1,24401,389,01:07.0,1,6198274,,,-90,-11.5,79.788631,7.576898,1725,-96,-19.5,,,,,10,9
0,21657,93,01:55.0,0,5318145,,,-105,-15,80.049765,9.659399,1725,-110,-18.8,,,,,10.5,7.5
21,21653,174,00:01.0,21,6167297,6564610,,-99.5,-15.3,80.013218,9.666079,1725,-102,-15.8,-105.5,-18.5,,,5,7.5
1,23925,386,01:52.0,1,6124802,,,-99.7,-13.2,81.340718,7.550602,1725,-104.6,-17.5,,,,,8.4,8.3
1,24586,445,00:20.0,1,5228308,5228298,6130690,-101,-20,81.538333,7.925306,1725,-98,-13,-102,-19.5,-103,-20,,17
1,24604,65,00:43.0,1,6316832,5996034,,-116,-16,80.64626,8.279712,1725,-119,-18,-123,-20,,,6,35
2,20731,377,01:44.0,2,5305090,5307137,,-107,-14.5,79.839412,7.213502,1725,-109,-17,-112,-19.5,,,6,3
1,23879,206,00:18.0,1,6113024,6113044,5782273,-88,-16.5,81.182616,8.503719,1725,-89,-17,-90,-16.5,-91,-19,8,0
1,23879,206,00:22.0,1,6113024,5782273,6113044,-87,-16.5,81.182616,8.503719,1725,-90,-17.5,-90,-18,-90,-16,7,0
10,23079,269,00:14.0,10,5623552,5874709,5901579,-110,-18,80.532026,7.937938,1725,-110,-17,-112,-20,-113,-18.5,,
21,21653,174,01:02.0,21,6167297,6564610,6564609,-94.5,-15.5,80.013291,9.665921,1725,-96.5,-16,-99.5,-17.8,-100,-20,5.5,8
2,24586,446,00:17.0,2,6903808,5229322,6127105,-115,-20,81.538333,7.925306,1725,-109,-13.5,-111,-17,-112,-18,,19
2,24586,446,01:21.0,2,6507265,5229322,6903808,-115,-20,81.526035,7.91997,1725,-113,-18.5,-114,-19.5,-115,-20,,19
11,21115,401,01:37.0,11,5405442,,,-88,-17,80.409917,8.333672,1725,-89,-19,,,,,5,1
22,21115,127,00:37.0,22,5405472,5197076,,-114,-13.5,80.408941,8.33461,1725,-118,-16.5,-118,-17,,,,4
1,24604,65,01:31.0,1,6316832,5996034,5968672,-117,-16.5,80.669613,8.272724,1725,-119,-16,-120,-19,-120,-18.5,6,37
81,27394,229,00:56.0,81,6050158,,,-115.7,-12.3,79.743193,8.042822,525,-122.3,-18.5,,,,,9,24
81,27394,229,00:48.0,81,7012946,,,-109,-16,79.729711,8.045598,525,-105,-12,,,,,9,15.5
10,20303,212,00:28.0,10,5232396,6311190,6311168,-114,-14,81.729475,7.687112,1725,-116,-15.5,-121,-20,-122,-20,7,9
21,21653,174,01:04.0,21,7164928,,,-77,-12,80.008924,9.667885,1725,-85,-17,,,,,9,2
0,21443,31,00:32.0,0,5155586,5226498,,-107.4,-14.8,81.681607,7.300686,1725,-108.6,-15.9,-112.4,-18.1,,,5,15.5
2,20424,128,00:26.0,2,6294016,6130688,,-105,-14,81.546933,7.919121,1725,-107,-16.5,-107,-17,,,6,25
2,20424,128,00:07.0,2,6294016,,,-106,-12.1,81.553861,7.920013,1725,-112,-18,,,,,8.5,19.3
2,20424,128,01:23.0,2,5228547,5228308,,-100.5,-11.5,81.555456,7.921861,1725,-105.5,-17,-108,-19.3,,,8.5,15.5
3,21585,112,01:59.0,3,6017536,,,-110.3,-15,80.143338,7.128097,1725,-112.3,-15.8,,,,,6.3,20.7
0,21846,95,01:37.0,0,5152000,5152022,,-78,-15,79.850452,6.919105,1725,-82,-16.5,-82,-16.5,,,,1
21,21115,400,01:38.0,21,5227776,,,-105,-18,80.396176,8.335597,1725,-107,-19.5,,,,,,23
22,21115,127,01:21.0,22,5405452,,,-94.7,-13.7,80.409583,8.333982,1725,-101.7,-18.2,,,,,7,1.7
22,21115,127,01:24.0,22,5405452,5405472,,-97,-13.5,80.409991,8.333841,1725,-103,-16.3,-104.5,-19,,,9,2
12,23002,153,01:49.0,12,5284619,,,-109.5,-13.8,80.128012,7.031693,1725,-112.2,-15.8,,,,,8,27.5
81,27394,229,00:08.0,81,6050129,,,-102.7,-11.3,79.734717,8.045437,525,-109.7,-18.3,,,,,9.7,17.3
30,20303,327,00:43.0,30,5197578,,,-89.3,-12.6,81.72591,7.688247,1725,-96.5,-19,,,,,7.5,3.7
2,23113,208,00:20.0,2,6046998,,,-109,-15,79.96591,9.715819,1725,-113,-18.5,,,,,7,47
1,24586,445,01:47.0,1,6130690,6294018,,-100,-15.5,81.534791,7.921278,1725,-103,-17.5,-104,-18.5,,,5,9
11,20424,126,01:32.0,11,5228318,,,-98,-13,81.554859,7.903502,1725,-99,-15,,,,,10,31
11,20424,126,01:52.0,11,5228318,,,-96,-13,81.554859,7.903502,1725,-101,-15.5,,,,,10,31
0,21443,31,01:54.0,0,5155586,5226498,,-103.7,-14.4,81.681397,7.299632,1725,-107.2,-17.2,-108.8,-18.8,,,4.3,12.8
3,21585,112,01:55.0,3,4294967295,4294967295,,-110.5,-16.3,80.138236,7.126187,1725,-111,-17.3,-112.5,-18.3,,,6,21
22,21115,127,00:25.0,22,5197076,5405954,5197057,-103,-12.5,80.408858,8.335044,1725,-107,-16.5,-108,-16.5,-111,-19.5,8,4
22,21115,127,01:24.0,22,5197076,5197057,5405954,-100,-13,80.409297,8.335165,1725,-100,-12.5,-103,-15,-105,-18,9,4
0,23520,180,01:27.0,0,5779222,,,-110.5,-16.3,79.912007,7.147867,1725,-113.3,-17.5,,,,,7,17
1,23925,386,00:45.0,1,5912833,5912834,,-116,-20,81.344042,7.552344,1725,-113,-18.5,-114,-18.5,,,4,15
2,24586,446,01:14.0,2,5766914,6127104,,-112,-20,81.520612,7.925643,1725,-108,-17,-111,-20,,,3,25
22,21115,127,00:00.0,22,5405472,,,-101,-11.5,80.409714,8.335374,1725,-107,-15,,,,,,
22,21115,127,00:33.0,22,5405472,5197076,,-113,-13.5,80.409019,8.334659,1725,-116,-15,-118,-17.5,,,,4
81,27394,229,00:24.0,81,6025297,6050158,,-116,-13.5,79.730499,8.038328,525,-119,-15.5,-121,-19,,,6,28
3,21118,57,01:21.0,3,5406208,5406218,5406238,-99,-15,80.832366,8.548416,1725,-103,-18.5,-105,-20,-106,-20,8,1
0,23520,180,00:03.0,0,5779222,,,-104,-15.5,79.912095,7.147817,1725,-106,-18.5,,,,,,16
0,23520,180,00:18.0,0,5779222,,,-106.3,-16,79.912721,7.148438,1725,-108.7,-15,,,,,8,19
11,20424,126,01:30.0,11,6130689,5228318,,-114,-16.5,81.564404,7.918381,1725,-115,-15.5,-118,-18.5,,,5,26
1,20680,377,01:12.0,1,5994241,,,-92.3,-12.3,80.110286,7.122961,1725,-98.5,-15.6,,,,,8.7,6.6
2,20145,78,00:40.0,2,5318656,,,-88,-9.5,80.015281,9.687198,1725,-95,-15,,,,,9,3
1,21193,169,00:02.0,1,5425408,,,-93.7,-12.2,79.856106,6.89598,1725,-98.4,-17.1,,,,,8.2,1.4
22,21115,127,01:09.0,22,5405472,,,-101.1,-12.8,80.409256,8.33449,1725,-106.3,-17.3,,,,,7.3,3.8
81,27394,229,01:28.0,81,6050129,7012946,6025296,-107,-13,79.728358,8.04927,525,-109,-13.5,-114,-18.5,-114,-19,10,10
10,20303,212,00:19.0,10,5232396,6311168,6311190,-114,-13,81.729588,7.687377,1725,-116,-15,-122,-20,-122,-20,7,9
2,20424,128,01:34.0,2,5228547,,,-104.1,-11.5,81.556819,7.922066,1725,-109.7,-16.5,,,,,9.6,11.6
0,23662,93,01:35.0,0,6013185,5880320,5817090,-120,-17.5,80.009517,8.788912,1725,-121,-19,-121,-18.5,-122,-19,,
2,20424,128,01:26.0,2,5228547,,,-101.4,-11.8,81.55779,7.922808,1725,-106.8,-16.8,,,,,7.8,13.4
1,23925,386,01:46.0,1,6124802,5912832,,-90,-13.3,81.339176,7.552385,1725,-94,-17.8,-95,-17.5,,,6,6.5
32,20104,200,01:00.0,32,7048468,7048448,5144843,-110,-15.5,79.87858,6.899766,1725,-110,-15,-113,-16.5,-115,-17.5,,5
3,21585,112,01:38.0,3,4294967295,4294967295,,-112.3,-17.4,80.142431,7.133331,1725,-110.3,-16.8,-112.5,-17.4,,,6.8,21
0,25629,116,01:10.0,0,6561025,,,-100.9,-11.6,80.316132,8.170035,1725,-107.1,-17.1,,,,,9,7.8
1,25629,115,00:46.0,1,6561024,,,-109,-13.5,80.324104,8.1676,1725,-113.4,-18.6,,,,,6,19.8
81,27252,413,01:42.0,81,5764946,5764975,6256722,-104.5,-15.5,81.811152,7.36576,525,-106.5,-18.5,-107.5,-19.5,-108.5,-19.8,5.5,10
3,20646,274,01:38.0,3,5539361,5285377,,-106,-11,79.938082,6.990752,1725,-112,-19,-113,-20,,,8,6
10,20303,212,00:17.0,10,5232396,,,-105,-13.8,81.729866,7.687033,1725,-109,-18.5,,,,,4,9.5
20,20303,211,01:14.0,20,5232384,5197568,,-111,-17.5,81.73031,7.687754,1725,-111,-18,-112,-19.5,,,,10
1,21193,169,00:02.0,1,6152704,,,-80.5,-11.5,79.856637,6.895626,1725,-86,-17,,,,,9.5,1
3,24157,57,00:38.0,3,5195030,,,-102,-14.2,79.849022,7.211215,1725,-107.3,-18.8,,,,,10,3
0,20254,198,01:09.0,0,5185025,,,-95,-15.5,79.895867,6.990739,1725,-102,-19,,,,,8,4
12,20649,131,00:26.0,12,6479872,5286176,6479873,-100,-14.5,80.138917,7.280152,1725,-101,-13.5,-101,-14,-105,-18,5,21
12,20649,131,00:36.0,12,5286176,6479872,,-101,-15,80.138917,7.280152,1725,-102,-16,-102,-17,,,3,21
2,20313,47,01:50.0,2,5273090,5273110,5273089,-94,-16,79.862231,6.856323,1725,-96,-18,-97,-19,-99,-20,,2
1,25629,115,00:55.0,1,5227294,5227274,,-109,-15,80.318012,8.164664,1725,-111,-17,-113,-19,,,,12
0,25629,116,01:33.0,0,6561027,,,-84,-11.5,80.32159,8.180291,1725,-87,-14.5,,,,,,24
3,25629,346,01:51.0,3,5901826,5227264,,-105,-15,80.315482,8.185749,1725,-107,-16,-108,-17,,,4,25
30,20303,327,00:08.0,30,5197569,,,-91.6,-12.7,81.725058,7.686925,1725,-97.3,-17.1,,,,,7.2,4.1
0,20731,375,01:47.0,0,6304258,,,-109,-15,79.840662,7.22075,1725,-116,-19.5,,,,,10,6
2,23520,182,00:39.0,2,6021121,5208084,6021123,-97,-13,79.90324,7.143364,1725,-100,-17,-105,-20,-105,-19.5,,4
0,25629,116,00:34.0,0,6561025,5227294,,-111,-15.5,80.321576,8.170572,1725,-110,-15,-118,-20,,,6,17
0,25629,116,01:30.0,0,6561025,5227294,,-109.5,-15,80.323933,8.167347,1725,-110,-15.3,-116.5,-20,,,5.5,18.5
1,25629,115,00:13.0,1,5227265,,,-114,-14.3,80.322752,8.158493,1725,-116.7,-17.3,,,,,5,26
3,25629,346,01:01.0,3,5227264,,,-112,-12.3,80.31188,8.18583,1725,-114.7,-16.2,,,,,8,25
10,20303,212,00:23.0,10,5232396,,,-105,-15.5,81.730409,7.687249,1725,-105,-15.5,,,,,3,10
0,22689,309,00:01.0,0,5550337,5551362,6674177,-92,-17.5,80.368915,7.479362,1725,-89,-15,-94,-18.5,-94,-18.5,,20
21,20697,341,00:35.0,21,5298432,,,-93.1,-14.5,79.952892,7.172322,1725,-97.2,-16.5,,,,,8.5,7.8
3,25629,346,00:24.0,3,5227284,,,-100,-11,80.312277,8.173133,1725,-108,-18,,,,,12,6
0,25629,116,01:15.0,0,6561025,,,-102.1,-12.5,80.319293,8.170949,1725,-107.5,-17.3,,,,,9.2,10.6
2,24045,146,00:49.0,2,5903872,5906432,6127106,-105,-18,81.493834,7.970514,1725,-111,-20,-113,-20,-115,-20,3,39
0,20195,330,01:00.0,0,5289492,6288643,5282562,-107,-15,79.889912,7.087225,1725,-108,-16.5,-108,-14,-110,-18.5,5,7
1,21148,194,01:59.0,1,6011138,6453504,5883422,-118,-20,80.337792,7.441317,1725,-119,-16.5,-120,-18,-120,-18,3,36
0,25766,114,00:25.0,0,5545473,,,-115,-15.1,80.590628,9.372819,1725,-119.9,-19.1,,,,,9,43.8
0,20530,27,01:12.0,0,5578756,,,-117,-15.5,79.866723,6.880395,1725,-120,-19.5,,,,,7,3
21,21610,199,00:46.0,21,6235660,,,-108.5,-14,79.97719,7.03319,1725,-109.5,-15.5,,,,,5,10
22,20771,347,01:42.0,22,5879809,,,-106,-13.3,79.980701,9.746842,1725,-111.3,-17.9,,,,,6,12.4
1,21193,169,00:03.0,1,5425408,,,-87.6,-11.6,79.855735,6.896032,1725,-92.7,-16.6,,,,,9.1,1.4
12,20649,131,00:52.0,12,5527328,6576130,,-93,-12.5,80.14179,7.268246,1725,-94,-14.5,-97,-18,,,9,37
91,27394,230,00:41.0,91,6050138,,,-104.5,-13.1,79.735243,8.042387,525,-108.7,-16.8,,,,,6.7,17.9
2,20424,128,00:39.0,2,6600960,,,-115,-14.5,81.541895,7.920439,1725,-118,-18,,,,,5,32
1,24604,65,01:26.0,1,5996034,,,-114.3,-15.1,80.666382,8.270161,1725,-118,-18.7,,,,,7,36.8
1,24829,238,00:57.0,1,6486274,,,-114.5,-14.9,81.028736,7.635074,1725,-117.8,-18,,,,,8,25
3,21585,112,01:18.0,3,4294967295,4294967295,,-115,-18.5,80.143363,7.133522,1725,-116,-17.5,-119.8,-19.3,,,5.8,20
1,24091,392,00:13.0,1,6167296,5309954,6564610,-100,-17.5,80.013201,9.667918,1725,-96,-14,-100,-19,-102,-18,,
1,24091,392,01:35.0,1,5309954,5309955,6564610,-100,-19.5,80.013375,9.666443,1725,-102,-20,-104,-20,-104,-20,8,2
1,25629,115,01:24.0,1,5227274,6561024,,-112,-12.5,80.31902,8.165839,1725,-118,-19,-119,-20,,,7,11
0,25629,116,01:00.0,0,5901826,,,-98.2,-13.1,80.317154,8.171573,1725,-103.2,-18,,,,,7,7.7
81,27252,413,01:59.0,81,6976602,6256722,,-99,-12.5,81.810072,7.36572,525,-104,-17,-106,-19,,,,8
0,20195,330,00:09.0,0,5289492,6288643,,-110,-11.8,79.88785,7.088293,1725,-115.5,-16.5,-119,-18.3,,,5,9
20,20303,211,00:17.0,20,5197568,5232384,,-107,-16,81.73035,7.689361,1725,-109,-18.5,-110,-19.5,,,,10
2,21456,189,01:04.0,2,5766421,,,-112.5,-16.8,81.674241,7.596862,1725,-114.5,-17.5,,,,,3,61
12,20649,131,01:21.0,12,6659843,,,-103,-15.5,80.149568,7.278802,1725,-109,-13,,,,,,20
12,20649,131,00:09.0,12,6576128,,,-94.5,-14.1,80.130932,7.275277,1725,-98.5,-16.8,,,,,10,31
0,20697,339,01:33.0,0,5285910,,,-92.5,-15.5,79.949237,7.174924,1725,-95,-17.5,,,,,7,6
0,21893,256,00:42.0,0,5405451,,,-111.7,-17.8,80.386355,8.342428,1725,-117,-18.8,,,,,7,17
1,23879,206,00:42.0,1,5782273,6113024,6113044,-89,-17.5,81.182617,8.50372,1725,-89,-18,-89,-17,-91,-16.5,7,0
1,20477,281,01:48.0,1,5502466,,,-93,-9.5,79.857867,6.925599,1725,-98,-15.5,,,,,8,2
82,21677,368,01:51.0,82,5325649,,,-90.4,-13.9,80.364498,7.488238,525,-94,-17.3,,,,,7,0.6
1,24604,65,00:24.0,1,5996034,,,-112,-16.8,80.670757,8.273552,1725,-113,-17,,,,,,
80,26618,6,01:19.0,80,5194322,,,-104,-14,80.023793,9.746051,525,-109,-20,,,,,10,9
80,26618,6,00:24.0,80,5194322,,,-105.3,-14.5,80.024876,9.745478,525,-111.8,-18.9,,,,,8.5,9.5
0,21443,31,01:07.0,0,5226498,5155586,,-106.6,-15.3,81.682816,7.300333,1725,-108.8,-17.4,-111,-18.6,,,4.8,15.2
11,20424,126,00:56.0,11,5228318,,,-97,-12.5,81.554859,7.903502,1725,-102,-16.5,,,,,10,31
2,20424,128,01:13.0,2,6127104,5228547,,-113,-14,81.545075,7.926181,1725,-115,-17,-116,-18.5,,,6,30
2,20424,128,01:10.0,2,5228547,,,-100.4,-12.7,81.557928,7.923262,1725,-103.2,-15.1,,,,,7.8,13.1
2,20424,128,01:23.0,2,5228575,,,-105,-13,81.559595,7.914275,1725,-107,-14.5,,,,,8,8
1,21574,375,01:50.0,1,5411861,,,-106.7,-12.8,79.860045,7.065934,1725,-113,-19.7,,,,,6,6
0,25629,116,00:25.0,0,5901826,,,-103,-13,80.315338,8.177223,1725,-109,-18.5,,,,,6,11
0,25629,116,01:08.0,0,5901826,,,-101.2,-12.9,80.31638,8.171726,1725,-106.4,-17.5,,,,,7,7.4
30,24045,144,01:25.0,30,6155530,,,-95.5,-12,81.502816,7.944563,1725,-109.5,-19.8,,,,,8,2
3,20646,274,01:33.0,3,5539361,,,-103,-11,79.939196,6.991484,1725,-111,-19.5,,,,,8,6
0,22689,309,00:23.0,0,5326849,5413920,6165248,-107,-15,80.361452,7.469213,1725,-107,-14,-110,-18,-112,-19,,
2,21456,189,01:18.0,2,6107925,6120194,6597888,-115,-14.5,81.696077,7.580751,1725,-115,-15.5,-120,-18,-120,-17.5,5,54
2,21456,189,01:10.0,2,6565378,,,-106.2,-13,81.691961,7.595292,1725,-110,-16.3,,,,,6.5,42.3
0,23520,180,00:01.0,0,5779202,,,-105,-15.8,79.911153,7.143583,1725,-109,-18.3,,,,,7,13
12,20649,131,01:02.0,12,5286176,6479872,5527328,-98,-15,80.138917,7.280152,1725,-99,-15,-101,-17.5,-104,-20,5,21
1,24091,392,00:57.0,1,5543189,6564610,6564609,-105,-15.5,80.013239,9.665276,1725,-107,-17,-110,-19,-110,-19,5,3
22,21115,127,01:14.0,22,5197076,5197057,5405954,-100,-12.8,80.408626,8.334868,1725,-103.5,-14.8,-107,-18.8,-109,-19.5,9,3
10,23079,269,00:01.0,10,5623552,5909249,5788674,-110,-19,80.532252,7.942549,1725,-109,-16.5,-113,-20,-113,-20,5,49
20,23879,205,01:18.0,20,5220372,6113024,,-105,-11,81.186718,8.505169,1725,-112,-20,-113,-20,,,9,6
81,27394,229,01:00.0,81,6025296,6050129,6050158,-117,-13.8,79.732937,8.037454,525,-121,-17.8,-121,-18.5,-121,-18.8,6,28
1,21653,176,01:15.0,1,5543189,,,-89.5,-12.1,80.009567,9.669316,1725,-92.5,-13.9,,,,,7.5,0.5
2,20424,128,00:02.0,2,6294016,5228575,,-105.7,-14.2,81.557851,7.921622,1725,-106,-15.5,-109,-17.3,,,7,23.5
1,21574,375,01:51.0,1,5289473,5411840,,-107,-17.5,79.866649,7.066235,1725,-108,-17.5,-110,-20,,,7,14
0,25766,114,01:56.0,0,6563586,,,-106,-14.5,80.589795,9.353997,1725,-107,-15,,,,,,
3,21585,112,01:24.0,3,4294967295,4294967295,,-123,-18,80.135988,7.124937,1725,-122,-18.5,-124,-20,,,5,21
3,25629,346,00:29.0,3,5227284,6561024,,-102,-11.5,80.312302,8.172931,1725,-108,-17.5,-111,-20,,,10,6
1,25629,115,01:57.0,1,6561026,,,-103.2,-14.3,80.311641,8.166144,1725,-103.2,-14.5,,,,,5.3,6.4
2,24045,146,00:44.0,2,5906432,,,-105,-17.5,81.493834,7.970514,1725,-110,-20,,,,,4,39
0,20559,114,01:53.0,0,5263136,,,-108.8,-13.1,79.874462,6.977241,1725,-112.2,-17.2,,,,,6.7,3.3
22,20077,415,00:07.0,22,5139712,5185538,,-93,-12.3,79.861036,6.875271,1725,-97,-15.3,-103,-17,,,6.5,2
0,23520,180,00:16.0,0,5779202,5411596,,-108,-17,79.912367,7.145371,1725,-113,-19.5,-114,-20,,,,
12,24860,405,01:51.0,12,6371841,,,-108,-14.8,79.858955,7.242287,1725,-111.5,-17.3,,,,,5.5,9
1,24091,392,01:20.0,1,6167296,6564610,,-99,-17,80.013967,9.667074,1725,-101,-16,-103,-17,,,,
0,25629,116,00:02.0,0,6561025,,,-109,-15.5,80.321219,8.170586,1725,-108,-14,,,,,6,17
2,24045,146,00:33.0,2,6600960,5493762,,-97,-13.5,81.4934,7.941095,1725,-100,-14.5,-105,-20,,,8,12
10,24045,95,00:58.0,10,6155550,,,-94,-14,81.503271,7.944142,1725,-100,-14.5,,,,,6,7
0,20195,330,01:37.0,0,5282562,6288643,6158850,-96,-12,79.890587,7.087492,1725,-106,-14.5,-106,-16.5,-109,-20,7,6
10,20303,212,00:28.0,10,5197588,,,-99,-14,81.728647,7.684155,1725,-100,-13.5,,,,,,10
20,20303,211,01:19.0,20,5197600,5197578,,-91,-14,81.724209,7.688601,1725,-98,-17.5,-98,-18.5,,,,0
30,20303,327,00:39.0,30,5197569,,,-87.2,-12.8,81.725046,7.686467,1725,-91.3,-15.5,,,,,8.6,4.4
2,21456,189,00:51.0,2,6107925,5904898,5904897,-112,-13,81.693412,7.578004,1725,-116,-16,-116,-16.5,-119,-20,8,53
2,21456,189,01:57.0,2,5492757,5492737,,-89,-12.5,81.712411,7.608303,1725,-93,-16.5,-100,-20,,,5,0
1,21193,169,00:34.0,1,5128193,,,-79.5,-11.3,79.856771,6.895976,1725,-87,-18.5,,,,,9,1
1,21193,169,00:18.0,1,6152704,5128193,,-72,-12.3,79.856748,6.896287,1725,-76.5,-13.5,-77.5,-18.5,,,9,1
1,24091,392,01:11.0,1,6167296,6564610,5309954,-97,-16,80.01381,9.667095,1725,-101,-16.5,-102,-18.5,-104,-18,,
3,21585,112,00:20.0,3,5525790,5525770,,-103,-16,80.131918,7.138978,1725,-105,-17.5,-105,-18,,,,
30,20303,327,00:06.0,30,5197569,6124034,,-90.3,-13.2,81.726278,7.685804,1725,-94.2,-14.2,-96.3,-15.5,,,8.3,5.3
0,22689,309,00:38.0,0,5551362,5154826,6674177,-108,-16.5,80.368269,7.473586,1725,-109,-18.5,-112,-20,-112,-20,,
2,22715,153,00:57.0,2,5808908,,,-100,-16.5,81.189737,8.679565,1725,-102,-15.5,,,,,,20
0,25629,116,01:35.0,0,6561025,5227294,,-113,-16.1,80.324006,8.166903,1725,-112,-15.6,-116.5,-18.8,,,5.5,17.7
10,24045,95,00:48.0,10,6155550,,,-99,-13.8,81.507836,7.94498,1725,-103.3,-16.5,,,,,9,11
0,20195,330,01:16.0,0,5289492,6288643,5282562,-97,-12.5,79.890395,7.086805,1725,-104,-19.5,-104,-16.5,-104,-17,7,6
2,22715,153,00:34.0,2,5808918,,,-105,-14.8,81.194386,8.673549,1725,-110.7,-19,,,,,9,11.5
2,23113,208,01:01.0,2,5317378,,,-109,-15.5,79.969096,9.715518,1725,-114,-20,,,,,7,47
80,26618,6,01:24.0,80,5194322,,,-105.7,-14.8,80.021942,9.747293,525,-108.7,-18.5,,,,,9.7,10.7
11,20424,126,00:25.0,11,6130689,,,-102.8,-13.3,81.551484,7.906639,1725,-109,-15.7,,,,,7,25.4
3,24157,57,01:26.0,3,6198528,,,-81.7,-15.2,79.84915,7.211126,1725,-85.7,-16,,,,,11,3.5
0,21846,95,00:53.0,0,5152002,5152022,,-80,-14,79.850815,6.919156,1725,-87,-17.5,-88,-18,,,,
0,21846,95,01:24.0,0,5152002,5152001,5152022,-79,-14.5,79.850955,6.919114,1725,-82,-15.5,-84,-18,-85,-18,11,1
2,26495,26,01:23.0,2,6782721,,,-104.3,-14.1,80.523979,7.974527,1725,-108.8,-17.6,,,,,8.3,9
2,21654,17,01:57.0,2,5543424,,,-101.1,-13.2,80.159218,9.660506,1725,-105.1,-17.3,,,,,9.3,5.5
1,25629,115,00:56.0,1,6561024,,,-109,-13.4,80.32487,8.167374,1725,-113.8,-18.1,,,,,5.5,22.3
10,20425,341,00:30.0,10,5228820,,,-96.7,-12.2,81.610008,7.784194,1725,-102,-15.5,,,,,7,3.5
20,20303,211,01:27.0,20,5231637,,,-97.3,-11.3,81.728078,7.687028,1725,-104.3,-18.3,,,,,8,7.5
2,24586,446,00:52.0,2,5766913,5228320,6903808,-115,-20,81.538333,7.925306,1725,-109,-18,-112,-20,-112,-20,,18
0,23520,180,01:20.0,0,5779222,5894422,,-108,-15.5,79.915669,7.144518,1725,-108,-15.5,-114,-20,,,,17
0,21846,95,00:02.0,0,5152002,4294967295,5152022,-96,-15.5,79.851377,6.919288,1725,-97,-15.5,-100,-17.5,-101,-19.5,9,1
2,20858,177,00:08.0,2,5339649,,,-98.3,-13.2,80.498964,8.761781,1725,-104,-17.9,,,,,11.2,2
10,23079,269,01:26.0,10,5874709,,,-110,-14.5,80.516737,7.958492,1725,-114,-18,,,,,,34
2,20663,128,00:40.0,2,5290782,6123287,,-104,-13,79.893459,7.05715,1725,-110,-19,-114,-20,,,,
22,21115,127,01:43.0,22,4294967295,,,-99,-11,80.409286,8.33442,1725,-117,-20,,,,,5,4
22,21115,127,01:53.0,22,4294967295,5405954,4294967295,-100,-11,80.409587,8.334807,1725,-109,-20,-114,-20,-116,-20,5,3
22,21115,127,01:58.0,22,5405472,4294967295,5405954,-100,-11,80.410367,8.334997,1725,-111,-20,-113,-20,-115,-20,5,4
91,27394,230,00:34.0,91,6050138,,,-105.6,-12.1,79.734173,8.043072,525,-110.7,-16.3,,,,,7.8,18.3
0,23520,180,01:35.0,0,5779222,,,-107,-15.5,79.915054,7.14504,1725,-111,-18,,,,,,17
1,24586,445,01:32.0,1,6294018,6130690,,-100,-16,81.535167,7.9201,1725,-102,-17.5,-104,-18,,,6,9
1,24604,65,00:49.0,1,6298624,,,-113.7,-16.5,80.661832,8.282647,1725,-117,-19.2,,,,,7,28.5
1,21193,169,00:04.0,1,5128193,6152704,,-74,-12.5,79.856653,6.896185,1725,-80,-17,-80,-11,,,12,1
3,21585,112,00:15.0,3,5525790,5525770,,-103,-15,80.131959,7.138361,1725,-106,-18.5,-107,-19.5,,,8,7
0,24227,98,01:11.0,0,5143553,,,-86,-10.2,79.859402,6.917133,1725,-99.3,-20,,,,,,
1,25629,115,01:52.0,1,6561026,,,-103.6,-13.3,80.311246,8.167143,1725,-103.3,-14.2,,,,,7,4.5
0,22689,309,00:11.0,0,5550337,6929410,5551362,-93,-18,80.369912,7.479245,1725,-92,-17,-95,-20,-95,-20,,
0,20697,339,01:30.0,0,5298453,,,-96.6,-16,79.950562,7.172066,1725,-96.7,-14.7,,,,,7.2,5.4
2,24546,345,01:53.0,2,5786112,,,-108,-14.5,80.143872,7.349416,1725,-115,-20,,,,,6,24
12,20649,131,01:36.0,12,6479874,5410836,6659840,-107,-14.5,80.136856,7.268499,1725,-107,-15.5,-108,-17,-111,-19.5,,11
12,20649,131,00:26.0,12,6479873,,,-100,-12,80.129964,7.273815,1725,-104,-17,,,,,,23
22,20771,347,01:45.0,22,5317378,,,-104,-12,79.984631,9.750112,1725,-112,-19.5,,,,,,7
22,21115,127,01:48.0,22,5405452,,,-94,-15,80.410238,8.333095,1725,-100,-16,,,,,8,1
21,21115,400,01:34.0,21,5405954,,,-109.7,-12.7,80.406416,8.332727,1725,-116,-17.7,,,,,7.3,10.3
20,23879,205,00:45.0,20,6113025,,,-92.5,-11.2,81.184754,8.504123,1725,-100.3,-18.3,,,,,8.8,4.3
30,20303,327,00:20.0,30,5197569,6124034,,-99,-14.5,81.726763,7.684866,1725,-101,-16,-104,-18.3,,,7,5.5
91,27394,230,00:06.0,91,6050128,6050138,,-116,-14.5,79.735453,8.035959,525,-118,-16.5,-119,-18,,,,
10,23079,269,01:45.0,10,5618945,,,-119,-14.5,80.521768,7.95216,1725,-127,-20,,,,,9,35
10,20303,212,00:13.0,10,5232396,6311168,,-112.5,-15.3,81.728903,7.685967,1725,-113.5,-15.3,-119,-20,,,7,9
80,20015,273,01:45.0,80,5123961,5278034,,-74,-11.5,,,525,-80,-16,-81,-17.5,,,5,1
12,20649,131,00:52.0,12,5286176,,,-95.3,-13.2,80.137775,7.275141,1725,-100.3,-18,,,,,5,35.5
22,21115,127,00:36.0,22,5197076,5405954,5197057,-103,-13.5,80.40907,8.335056,1725,-104,-14.5,-106,-16,-107,-17.5,9,4
20,23879,205,00:53.0,20,5220362,6113025,,-106,-13,81.188271,8.504045,1725,-110,-16.5,-111,-18,,,5,9
0,23520,180,01:22.0,0,5779222,,,-108.5,-15.8,79.912898,7.148011,1725,-113.5,-19,,,,,6,16.5
2,24586,446,00:54.0,2,6903808,5766913,5229322,-118,-20,81.538333,7.925306,1725,-109,-15.5,-112,-18.5,-115,-19,,20
22,21115,127,01:04.0,22,5405472,,,-101.9,-13.1,80.409223,8.334041,1725,-107.6,-18.3,,,,,7,3.3
0,20254,198,00:59.0,0,5185056,,,-97,-14,79.892644,6.991065,1725,-100.5,-16.5,,,,,7.5,1.5
12,20649,131,00:06.0,12,5286176,6479872,,-98,-14.5,80.131307,7.278187,1725,-99,-16,-101,-18.5,,,4,21
0,20731,375,01:36.0,0,7170326,7170306,,-98.4,-16,79.839962,7.21871,1725,-101.2,-18.6,-101.6,-19.1,,,9,5
20,23879,205,00:00.0,20,6113024,,,-90,-12,81.185393,8.505735,1725,-95,-17.4,,,,,7.3,5.3
0,24641,274,01:55.0,0,5523713,,,-104,-15.5,80.093615,7.142649,1725,-108,-18,,,,,5,13
2,24546,345,01:37.0,2,5322260,,,-101,-13,80.142063,7.353683,1725,-104,-15,,,,,6,31
2,23113,208,00:51.0,2,5315074,,,-109,-16,79.96822,9.714032,1725,-117,-20,,,,,5,47
80,26618,6,00:05.0,80,5194322,,,-104.3,-14.2,80.025132,9.74655,525,-106,-15.7,,,,,11,7.5
83,27352,42,01:37.0,83,5227346,7002194,5227347,-107,-12,80.291722,8.160624,525,-108,-15,-114,-18.5,-114,-17.5,6,10
2,20424,128,01:44.0,2,5228547,,,-104.8,-11.8,81.557885,7.921078,1725,-110.2,-16.6,,,,,8.7,13.3
2,20424,128,00:16.0,2,6155530,6127104,,-110,-15.5,81.502001,7.92803,1725,-112,-17.5,-114,-20,,,4,90
1,24604,65,01:06.0,1,5996034,,,-117,-17,80.662613,8.286365,1725,-123,-20,,,,,,
3,21585,112,01:55.0,3,5525790,,,-101.8,-15.6,80.130754,7.136334,1725,-104.1,-16.1,,,,,9.5,9.7
2,26495,26,00:58.0,2,5908244,6782720,,-113.3,-16.3,80.522069,7.985636,1725,-115.7,-16.8,-118.7,-19.3,,,8,10.7
2,26495,26,01:59.0,2,5908244,6782720,,-112,-14.5,80.522511,7.985411,1725,-112,-15,-114,-17.5,,,,
2,20438,309,00:39.0,2,5229568,,,-105,-14.3,81.690484,7.70693,1725,-111,-18.1,,,,,9.5,6.7
2,26426,399,00:50.0,2,6765077,6581506,,-85,-16.5,81.830873,7.405049,1725,-89,-20,-93,-20,,,7,2
1,25629,115,01:51.0,1,5227274,,,-106,-12,80.316525,8.165765,1725,-114.5,-19.8,,,,,8.5,9
30,24045,144,01:08.0,30,6127104,,,-108.7,-14.8,81.522707,7.943872,1725,-112.2,-17.4,,,,,7,40.7
0,22689,309,00:14.0,0,5326849,5413920,,-105.7,-14.2,80.36132,7.469187,1725,-108.3,-16.3,-110.7,-17.7,,,6,11.5
0,22689,309,00:01.0,0,6165248,5413920,,-101,-13.5,80.364628,7.473154,1725,-108,-19.5,-112,-20,,,7,13
0,23520,180,00:57.0,0,5779202,5810443,,-112,-17,79.910845,7.146152,1725,-114,-14.5,-118,-20,,,,
2,23520,182,01:28.0,2,5208084,5305866,,-107.5,-13.8,79.902386,7.142613,1725,-109,-13.8,-111,-18,,,8,5
21,21610,199,00:56.0,21,6235660,,,-99.8,-11.9,79.976592,7.034013,1725,-105.2,-15.8,,,,,5.7,9
2,20858,177,01:53.0,2,5339649,5339648,4294967295,-78,-14,80.50132,8.762667,1725,-84,-20,-84,-20,-85,-20,12,3
1,21193,169,00:54.0,1,6152704,,,-75.3,-11.3,79.856856,6.895469,1725,-80.3,-14.3,,,,,8,0.7
0,20421,48,00:50.0,0,5405461,6898975,,-110,-15,80.404472,8.332858,1725,-112,-17,-116,-20,,,,24
30,24045,144,00:48.0,30,6127104,,,-106.4,-13.8,81.527205,7.944351,1725,-112.9,-18.1,,,,,7,40.3
10,24045,95,01:09.0,10,6155550,6155521,,-93,-14.5,81.503338,7.943745,1725,-95,-15.5,-101,-20,,,8,7
0,20195,330,00:21.0,0,6288643,,,-97.5,-13,79.890522,7.086685,1725,-101,-14.8,,,,,8.5,5
0,22689,309,00:50.0,0,5326849,6165248,5413920,-108,-15,80.361041,7.468983,1725,-108,-16,-109,-17,-111,-17.5,,12
10,20303,212,00:12.0,10,5197588,,,-99,-13,81.728647,7.684155,1725,-100,-13.5,,,,,,
2,21456,189,01:34.0,2,6597888,6107925,,-109,-12.5,81.692726,7.572679,1725,-115,-18,-116,-18.5,,,8,63
41,20649,370,00:03.0,41,5286186,,,-100,-12,80.127027,7.267964,3650,-104.5,-15.3,,,,,8.5,31.5
0,20697,339,01:31.0,0,5298453,,,-92,-15.1,79.950732,7.172896,1725,-95.1,-16.7,,,,,9.5,4.7
132,24235,282,01:41.0,,5218946,5563012,5564290,-112,-12.5,79.844406,8.03271,41090,-116,-16.5,-119,-19.5,-120,-20,6,18
1,24091,392,00:56.0,1,6167296,6564610,5309954,-100,-17,80.013675,9.667005,1725,-103,-17,-105,-19.5,-106,-18.5,8,2
0,21654,15,01:58.0,0,5543426,5309186,,-100.3,-15,80.161019,9.661407,1725,-105.7,-18.3,-107.7,-19.5,,,8.7,4.3
3,21585,112,01:16.0,3,5525790,,,-101.1,-13.6,80.131759,7.135132,1725,-104.7,-16.8,,,,,7.7,9.8
0,24227,98,00:38.0,0,5143553,,,-82,-10.5,79.859311,6.916198,1725,-87.3,-15.7,,,,,11,1.5
0,25629,116,01:21.0,0,5794049,6561025,,-106,-14.5,80.323278,8.184574,1725,-109,-18,-110,-19.5,,,,32
0,25629,116,01:05.0,0,6561025,5227294,,-108,-15,80.323674,8.168266,1725,-109.5,-16.5,-115,-20,,,5.5,18.5
0,25629,116,01:20.0,0,6561025,5227294,,-109,-15,80.323974,8.167202,1725,-109.5,-15.5,-118.5,-20,,,5.5,18.5
1,21661,257,01:43.0,1,5545475,,,-110.3,-13.7,80.5436,9.39959,1725,-114.7,-17.5,,,,,4.7,36.3
1,24092,170,01:58.0,1,6878464,,,-97,-12.5,81.195912,8.493145,1725,-99,-15,,,,,,33
2,24323,250,01:27.0,2,5297921,6377217,5297940,-108,-18,79.893262,7.00436,1725,-108,-15.5,-111,-18.5,-111,-19,6,8
22,20771,347,01:59.0,22,5879809,,,-105.8,-13.3,79.981648,9.748917,1725,-110,-17.4,,,,,6,10.2
12,20649,131,01:00.0,12,5410836,,,-100,-11.3,80.126832,7.27598,1725,-106.5,-18.3,,,,,6,30
0,20077,416,00:27.0,0,4294967295,5185538,,-86.5,-13.3,79.861324,6.876126,1725,-88,-14.3,-91.5,-15,,,6.5,3.5
0,20077,416,00:21.0,0,4294967295,6179841,5185538,-82,-14.5,79.861498,6.875354,1725,-84,-14,-88,-18,-89,-17.5,5,3
3,21118,57,00:00.0,3,5795072,6548992,4294967295,-118,-17.5,80.81039,8.5537,1725,-121,-18,-122,-20,-123,-20,,34
1,21653,176,00:44.0,1,5312778,5309955,,-90.5,-16.5,80.013167,9.66859,1725,-92,-17.3,-93.5,-19.8,,,2.5,8.5
2,20424,128,00:54.0,2,6294016,5228308,,-110,-14.5,81.548574,7.91822,1725,-109,-17.5,-109,-18,,,,18
11,20424,126,00:51.0,11,5228318,,,-97,-13,81.554859,7.903502,1725,-100,-16,,,,,11,31
0,21846,95,00:24.0,0,5152002,5152022,5160982,-98,-15,79.851121,6.918851,1725,-99,-16.5,-103,-18.5,-103,-18.5,8,1
1,23113,430,00:30.0,1,5317377,5916949,,-103,-13,79.996619,9.733013,1725,-107,-15.5,-108,-17.5,,,5,15
0,20418,222,00:14.0,0,5227010,5227030,,-107,-14.5,80.596294,8.04036,1725,-112,-17,-112,-17,,,,
0,23520,180,01:30.0,0,5779222,5894422,,-108,-16,79.915062,7.145033,1725,-111,-18,-113,-19,,,,
83,27352,42,01:49.0,83,7002193,5227376,7002194,-100,-13.5,80.292915,8.153176,525,-104,-17,-107,-19,-108,-20,,17
1,21457,314,01:47.0,1,5492994,5493014,5155841,-112,-16.5,81.698961,7.711254,1725,-112,-16.5,-113,-17,-118,-20,1,3
2,20424,128,00:13.0,2,5228547,,,-105,-12.2,81.555582,7.922187,1725,-109.2,-16,,,,,9.7,15.6
2,20424,128,00:37.0,2,6155522,,,-95,-13.5,81.564404,7.918381,1725,-100,-18,,,,,,94
2,20424,128,01:41.0,2,5228547,,,-105.6,-12.2,81.555312,7.922893,1725,-110.6,-16.2,,,,,8.2,17.3
11,24235,19,01:59.0,11,5218826,5562902,5218836,-111,-17,79.838,8.033681,1725,-110,-14.5,-113,-16.5,-114,-18.5,5,20
82,27379,83,00:08.0,82,5892690,6928210,6517586,-108,-13,80.277,7.824778,525,-111,-16.5,-118,-20,-120,-20,4,68
2,20346,20,00:26.0,2,5208576,6156062,,-101.5,-15.5,80.053922,7.162294,1725,-102.5,-14.3,-106,-15.5,,,10,7
0,24227,98,00:21.0,0,5128961,5128962,,-97,-12.5,79.858857,6.914454,1725,-101,-15.5,-103,-15,,,,1
0,25629,116,00:10.0,0,6561025,,,-98,-13.2,80.316738,8.168128,1725,-99.7,-13.7,,,,,5,10.5
0,25629,116,01:41.0,0,6561025,,,-99.5,-12.3,80.320008,8.171443,1725,-105,-17,,,,,6,12.5
30,24045,144,01:45.0,30,6155530,,,-102.3,-12.8,81.504504,7.941853,1725,-109,-18.7,,,,,7.7,10.3
0,20697,339,01:46.0,0,5298453,5298443,,-97,-14.5,79.95058,7.173147,1725,-100,-14.5,-103,-17.5,,,9,4
2,20125,29,01:11.0,2,5592577,5152022,,-81,-13,79.850456,6.916526,1725,-85,-13.5,-88,-19,,,,4
3,21585,112,01:01.0,3,4294967295,,,-106,-16.4,80.139626,7.131513,1725,-108.3,-18.1,,,,,5.5,17
2,27115,276,01:50.0,2,6902784,,,-104,-14.5,,,1725,-107,-18,,,,,3,79
1,24604,65,01:17.0,1,5618176,5618177,4294967295,-110,-19,80.638924,8.271036,1725,-109,-20,-110,-20,-114,-20,3,15
1,24604,65,01:13.0,1,5968672,6298624,5619456,-120,-17,80.666612,8.279398,1725,-124,-20,-125,-20,-126,-20,,
2,20424,128,00:18.0,2,5228547,,,-103.8,-11.6,81.557084,7.922348,1725,-108.4,-16.5,,,,,8.3,12.9
2,20424,128,00:27.0,2,5228575,,,-95.4,-13.4,81.562626,7.916227,1725,-97.6,-15,,,,,9,5.3
2,20424,128,00:36.0,2,6155530,6127104,6130688,-109,-14,81.502027,7.92809,1725,-114,-19,-116,-20,-116,-20,5,90
1,23925,386,01:41.0,1,6124802,5912832,5912834,-94,-14,81.335445,7.552378,1725,-97,-18.5,-101,-19.5,-101,-20,7,12
3,21585,112,01:56.0,3,6017536,,,-111.7,-16.5,80.143017,7.132441,1725,-116.3,-18.2,,,,,8.3,17.3
10,24045,95,00:17.0,10,6155550,,,-94.5,-13.3,81.502915,7.94651,1725,-100.5,-16,,,,,8,10.5
10,24045,95,00:27.0,10,6155550,,,-89,-14,81.501134,7.945837,1725,-96,-18,,,,,7,7
12,20649,131,00:02.0,12,5410836,,,-114,-13.8,80.130643,7.282523,1725,-115.7,-15.5,,,,,8,26.5
2,20771,346,01:32.0,2,5317397,,,-88.5,-11,79.986356,9.749494,1725,-95,-17,,,,,11,9
1,21193,169,00:08.0,1,5425408,,,-86.9,-12,79.856147,6.896311,1725,-92.3,-16.7,,,,,9.2,1.1
0,21893,256,01:35.0,0,5604639,,,-89.7,-14.8,80.376994,8.343695,1725,-95,-18.7,,,,,9,2.5
22,21115,127,01:56.0,22,5405452,,,-110.3,-13.7,80.410131,8.333178,1725,-116,-18,,,,,9,2
0,24641,274,01:50.0,0,5207840,5207820,4294967295,-103,-13,80.094118,7.142785,1725,-105,-16,-112,-20,-118,-20,2,12
0,23520,180,00:52.0,0,5779222,,,-113.3,-15.2,79.91209,7.145949,1725,-119.7,-19.7,,,,,,
0,23520,180,00:57.0,0,5779222,,,-112.5,-16.3,79.912369,7.149244,1725,-117,-18.5,,,,,8.5,18
81,27394,229,00:55.0,81,7012946,,,-107.7,-11.5,79.735568,8.045093,525,-111.7,-14.3,,,,,8,19
0,21443,31,01:32.0,0,5226498,5155586,,-103.8,-13.6,81.683054,7.300233,1725,-108.3,-16.4,-110.5,-18.6,,,6,15.3
2,20424,128,01:06.0,2,5228575,,,-97.3,-11.7,81.558588,7.916918,1725,-102.7,-17.7,,,,,11,10
2,20424,128,01:27.0,2,6294016,,,-104.7,-12.7,81.553535,7.919938,1725,-109.2,-16.8,,,,,12,15
2,20424,128,00:16.0,2,6294016,,,-117,-14.5,81.554409,7.918366,1725,-120,-18,,,,,6,20
0,24227,98,00:22.0,0,6202113,5121024,5128962,-100,-15.5,79.860034,6.914803,1725,-100,-15.5,-102,-16,-105,-19,5,2
1,24091,392,00:45.0,1,6167296,6564610,5309954,-100,-17,80.013626,9.667043,1725,-101,-16.5,-103,-18,-106,-18,5,2
1,25629,115,00:45.0,1,6561024,,,-109.8,-13.2,80.322026,8.16582,1725,-115.2,-18.8,,,,,5.7,18.5
3,25629,346,00:51.0,3,5227264,,,-105,-11.5,80.311825,8.184962,1725,-111,-17.5,,,,,,23
0,20559,114,01:08.0,0,5304834,5207041,6212118,-104,-13.5,79.87543,6.978384,1725,-111,-18,-111,-20,-111,-20,,
30,20303,327,00:15.0,30,5197569,,,-90.9,-13.3,81.725591,7.686663,1725,-95.1,-16.2,,,,,7.3,4.8
20,20303,211,00:02.0,20,5197578,,,-87,-11,81.727201,7.684999,1725,-102,-20,,,,,10,8
0,20530,27,00:40.0,0,5267458,,,-93,-17,79.866023,6.879134,1725,-98,-17.5,,,,,6,10
12,20649,131,00:07.0,12,5410836,,,-111.5,-13.8,80.131024,7.282904,1725,-114,-16.4,,,,,8,28
22,20771,347,01:57.0,22,5879809,,,-107.2,-12.3,79.981162,9.745816,1725,-113.5,-18.2,,,,,6.8,10.8
10,23079,269,00:49.0,10,5618945,5874709,,-107,-19,80.506666,7.969588,1725,-110,-20,-112,-20,,,10,38
0,26990,423,01:53.0,0,5274890,6909460,,-95,-14,79.906916,6.932863,1725,-99,-16.5,-102,-17,,,5,4
3,24157,57,01:30.0,3,6184214,6184194,,-77,-16,79.848519,7.210211,1725,-76,-15,-78,-17.5,,,,1
2,26426,399,00:56.0,2,6581506,,,-87,-15,81.830568,7.405114,1725,-96,-20,,,,,6,2
1,25629,115,00:11.0,1,5227274,,,-115,-12.5,80.316467,8.163729,1725,-121,-18.5,,,,,8,11
30,24045,144,01:40.0,30,6155530,,,-113.5,-13.3,81.505515,7.941686,1725,-119.5,-19,,,,,5,10
12,24860,405,01:57.0,12,6243328,,,-95,-14,79.860135,7.241711,1725,-99,-18,,,,,5,5
0,22689,309,00:44.0,0,5323777,5323778,,-107,-15,80.36851,7.473346,1725,-107,-17,-108,-17,,,4,11
21,20697,341,01:34.0,21,5298432,5285890,,-97.4,-14.4,79.950096,7.17066,1725,-99.4,-15.4,-102.4,-18,,,6.3,7.8
12,20649,131,01:45.0,12,5410836,,,-106,-11,80.129224,7.28296,1725,-112,-17,,,,,7,29
12,20649,131,01:12.0,12,5286176,,,-94.5,-14.5,80.135772,7.27679,1725,-97.5,-16.5,,,,,6,18.5
0,20697,339,00:03.0,0,5298453,5298443,,-90,-16.7,79.951248,7.173051,1725,-90.7,-15.5,-92.7,-16.5,,,4.5,4.5
22,20077,415,01:38.0,22,5139712,6179841,,-82.5,-12,79.860881,6.875298,1725,-86,-14.8,-89.5,-18,,,6.5,2
21,21115,400,01:38.0,21,5228032,,,-105.7,-13.8,80.404248,8.327775,1725,-110.7,-18.8,,,,,8,12.5
1,23879,206,00:05.0,1,6113024,6113044,5782273,-88,-17.5,81.182617,8.503722,1725,-89,-16,-90,-16.5,-90,-18,8,0
10,23079,269,01:12.0,10,6782722,5623552,,-108,-16.5,80.521182,7.967289,1725,-110,-18,-115,-20,,,5,48
10,23079,269,01:33.0,10,5623552,,,-117.5,-17.3,80.538716,7.943422,1725,-116.5,-17,,,,,1,74
1,23879,206,01:17.0,1,5782273,5220362,,-104,-16,81.186842,8.503352,1725,-106.5,-17.3,-108,-18.5,,,5,8
2,20514,11,01:40.0,2,5498114,5234946,,-94,-16.5,79.861758,6.945612,1725,-92,-15,-96,-16.5,,,6,4
1,23925,386,00:44.0,1,5912834,5912833,5912832,-92,-13,81.34988,7.524375,1725,-100,-20,-103,-20,-103,-20,5,12
22,20771,347,01:32.0,22,5879809,,,-106.1,-12.6,79.982249,9.745429,1725,-112.4,-17.6,,,,,5.8,10.7
20,23879,205,00:33.0,20,6878465,6113025,5220362,-108,-15.5,81.188239,8.504384,1725,-108,-14.5,-109,-17.5,-112,-19,6,8
21,21653,174,00:54.0,21,6167297,6564609,6564610,-92,-15.5,80.013303,9.665754,1725,-95,-16.5,-97,-20,-98,-20,,
0,23520,180,01:17.0,0,5779222,,,-107.3,-15.5,79.912885,7.147729,1725,-113,-18.7,,,,,7,19
11,21115,401,00:07.0,11,5405954,5197077,,-108,-13,80.414073,8.340042,1725,-114,-14,-117,-19.5,,,6,12
1,20829,139,01:58.0,1,5219105,,,-121,-18,79.840331,7.361367,1725,-123,-19,,,,,6.5,11
10,23079,269,01:51.0,10,6782722,5765398,,-112,-16,80.514361,7.971321,1725,-112,-16,-113,-18,,,,
1,23925,386,00:15.0,1,5912832,,,-94,-13.8,81.348333,7.542738,1725,-99,-17.8,,,,,9.7,3.3
22,21115,127,00:53.0,22,5405443,4294967295,5405442,-101,-17,80.410669,8.33324,1725,-98,-11.5,-101,-15,-105,-17.5,,
22,21115,127,01:45.0,22,5405472,5197076,,-110,-12.5,80.409123,8.334553,1725,-114,-17,-115,-18.5,,,,4
1,24604,65,01:00.0,1,6315520,,,-115,-15,80.665031,8.264573,1725,-121.5,-20,,,,,8,40
11,20015,123,01:47.0,11,5123871,5123842,5142037,-91,-15,79.851715,6.910433,1725,-93,-17.5,-94,-18.5,-94,-18,,2
0,24461,51,00:18.0,0,5207840,5207820,6262017,-85,-18,80.095475,7.141296,1725,-85,-14,-85,-14.5,-89,-16.5,4,3
12,20649,131,00:57.0,12,5286176,6479872,,-99,-15,80.138917,7.280152,1725,-99,-15.5,-102,-18.5,,,5,21
22,21115,127,00:43.0,22,5197076,5405954,,-98,-11.5,80.409204,8.335065,1725,-105,-14,-107,-19.5,,,8,4
21,21115,400,00:41.0,21,5405472,5405452,5405450,-103,-18.5,80.409486,8.33299,1725,-100,-16,-101,-18.5,-101,-19,,1
22,21115,127,01:22.0,22,5405472,5405954,5405452,-79,-11.5,80.409298,8.33535,1725,-87,-19,-90,-20,-92,-20,11,3
0,22689,309,00:20.0,0,5154836,,,-97,-10,80.366451,7.472731,1725,-104,-20,,,,,10,7
80,20015,273,00:19.0,80,7051611,5278034,5233489,-110,-17.5,,,525,-107,-16.5,-108,-15.5,-110,-18,2,4
1,23925,386,01:32.0,1,5912832,6124802,,-95,-12.5,81.342644,7.552367,1725,-99.5,-15.8,-102.5,-18.8,,,6.5,3.5
1,21457,314,01:59.0,1,5492994,5492992,,-88,-11.5,81.699339,7.712574,1725,-92,-16,-93,-16,,,,0
22,21115,127,00:06.0,22,5405472,5197076,,-116,-13,80.409183,8.334759,1725,-120,-17,-121,-17.5,,,,4
2,23113,208,01:06.0,2,5317378,,,-109,-15.5,79.968999,9.715356,1725,-116,-20,,,,,8,47
0,21443,31,01:38.0,0,5226498,,,-94,-12,81.68687,7.304384,1725,-102,-20,,,,,,21
2,20424,128,00:42.0,2,6127104,,,-117,-16.5,81.541848,7.920564,1725,-117,-16.5,,,,,5,32
3,21585,112,01:49.0,3,5525761,,,-100.5,-14,80.143173,7.128234,1725,-104.5,-17.3,,,,,9,11
0,23662,93,01:56.0,0,5817090,,,-110,-12.5,80.038057,8.786852,1725,-123,-20,,,,,8,39
132,24235,282,01:47.0,,5218946,,,-106,-12.6,79.840732,8.031389,41090,-110.8,-16.9,,,,,9.5,18.3
0,24227,98,01:28.0,0,5124096,5128962,,-98,-13.5,79.859749,6.915429,1725,-104,-17.5,-104,-18,,,9,3
1,25629,115,00:27.0,1,6561024,6561026,,-106,-12,80.310948,8.163148,1725,-113,-19,-114,-19.5,,,6,10
0,25629,116,01:03.0,0,5901826,5901825,,-90,-13.7,80.31443,8.171048,1725,-92.3,-16.2,-96.3,-19.7,,,8,8
0,20195,330,01:06.0,0,5282562,6158850,,-95,-11,79.890847,7.086964,1725,-102,-15,-107,-18,,,8,6
30,20303,327,00:43.0,30,5197569,,,-88.6,-13.1,81.72517,7.686455,1725,-92.9,-16.1,,,,,9.1,4.5
0,20697,339,00:34.0,0,5285899,5285890,,-105,-12.5,79.955412,7.17408,1725,-109,-16.5,-110,-17,,,,11
0,23882,408,00:23.0,0,5820416,6120192,5231360,-109,-13.5,81.710422,7.730761,1725,-111,-14.5,-112,-17.5,-114,-19.5,7,19
2,21443,30,00:10.0,2,5489439,,,-96.1,-13.6,81.670856,7.305701,1725,-99.3,-14.8,,,,,11.8,6.7
2,20424,128,01:12.0,2,5228575,,,-97.7,-12,81.557509,7.918219,1725,-101,-15.7,,,,,7.7,11.7
1,24604,65,01:04.0,1,5996034,,,-115.5,-15.8,80.668771,8.285286,1725,-117.5,-18.5,,,,,8,49
1,24829,238,00:26.0,1,6486274,,,-112,-13.7,81.026909,7.633771,1725,-115.3,-17.8,,,,,6.7,23.3
3,21585,112,01:42.0,3,4294967295,4294967295,4294967295,-120,-20,80.143168,7.126049,1725,-116,-18,-117,-18.5,-118,-19,5,23
1,25629,115,00:00.0,1,6561024,,,-111.5,-13.8,80.328266,8.166904,1725,-116.5,-18.8,,,,,5.5,25.5
3,25629,346,00:07.0,3,5809695,,,-113,-14,80.308866,8.189043,1725,-120,-20,,,,,6,26
3,25629,346,01:27.0,3,5227264,,,-112.6,-12.7,80.3064,8.187338,1725,-116,-16.7,,,,,5.7,58.3
30,24045,144,00:59.0,30,6155521,,,-98.2,-13.8,81.502314,7.941963,1725,-102.5,-18,,,,,6,7.5
2,24045,146,00:36.0,2,5906432,5903872,6155520,-103,-17,81.493834,7.970514,1725,-108,-20,-112,-20,-113,-20,4,38
0,20195,330,00:45.0,0,6288643,5282562,6158850,-96,-11.5,79.89038,7.086855,1725,-102,-17,-103,-16,-106,-19.5,8,6
0,25766,114,00:39.0,0,5545473,6563586,5545217,-117,-15,80.58979,9.384731,1725,-120,-19.5,-120,-19.5,-121,-19.5,,
12,20649,131,00:05.0,12,6479873,,,-104,-13,80.129907,7.272557,1725,-104,-14.5,,,,,,23
2,20069,215,01:46.0,2,6143232,5158913,,-90,-8.5,79.887693,6.910772,1725,-95,-13,-99,-19,,,11,3
20,23879,205,00:48.0,20,6113025,5220362,,-107,-14.5,81.187981,8.504093,1725,-110,-17,-112,-18.5,,,5,9
0,23520,180,00:31.0,0,5779222,,,-113,-15,79.912135,7.146513,1725,-122,-20,,,,,6,15
0,20530,27,01:13.0,0,6021376,5178624,,-119,-13.5,79.866386,6.881151,1725,-123,-18.5,-124,-19,,,,3
0,23520,180,01:40.0,0,5208084,,,-115,-17,79.918982,7.140539,1725,-116,-18,,,,,,21
22,21115,127,00:30.0,22,5197076,5405954,5197057,-100,-13,80.408858,8.335044,1725,-103,-13.5,-107,-19,-107,-17.5,6,4
1,23879,206,00:32.0,1,6113024,6113044,5782273,-88,-18,81.182617,8.50372,1725,-90,-17,-90,-15,-91,-18.5,6,0
1,23879,206,01:29.0,1,5220362,,,-105.4,-14.5,81.185749,8.501662,1725,-109.3,-17.4,,,,,8.6,6.8
0,24641,274,01:57.0,0,6049813,,,-96,-14.1,80.093365,7.138132,1725,-99.8,-16.1,,,,,11.1,5.9
30,20303,327,00:33.0,30,5231902,,,-114,-19,81.732946,7.688832,1725,-114,-19,,,,,3,16
1,24401,389,01:52.0,1,5218591,,,-90.2,-12.6,79.790884,7.582626,1725,-94.3,-15.4,,,,,9.5,4
12,20649,131,00:12.0,12,5410836,,,-103,-12.5,80.135507,7.275603,1725,-108,-17.8,,,,,7,23
22,20077,415,01:43.0,22,5139712,6179841,5139718,-93,-13.5,79.860841,6.87502,1725,-94,-13.5,-98,-18.5,-100,-19.5,4,2
10,23079,269,01:17.0,10,6782722,5623552,,-112,-19.5,80.521256,7.967174,1725,-111,-17,-111,-18.5,,,5,48
0,23520,180,00:00.0,0,5779222,,,-111.8,-14.9,79.911983,7.143643,1725,-118.4,-18.6,,,,,,15
2,24586,446,01:23.0,2,6127106,6127104,6130690,-115,-20,81.508687,7.966045,1725,-111,-16.5,-114,-19,-114,-20,5,51
1,21193,169,00:23.0,1,6152704,5128193,,-74,-12,79.85701,6.896521,1725,-73,-13,-79,-19,,,12,1
0,24227,98,01:28.0,0,5143552,,,-94,-12.5,79.858984,6.915867,1725,-101,-18,,,,,7,3
3,21585,112,00:25.0,3,4294967295,,,-110.4,-17.5,80.1437,7.126436,1725,-112,-18.5,,,,,4,17.7
1,25629,115,00:08.0,1,5986817,,,-122.7,-19.2,80.325825,8.14288,1725,-122,-18.3,,,,,2,34.5
0,23550,52,01:45.0,0,6250004,,,-108.5,-14,80.567793,7.743289,1725,-109.5,-13.8,,,,,6,25.5
2,24045,146,01:51.0,2,6155521,,,-97.6,-15.3,81.49732,7.943244,1725,-100.4,-17.9,,,,,11,3.3
1,21661,257,01:48.0,1,5545475,,,-112.7,-15,80.536333,9.405048,1725,-115.7,-18,,,,,5.3,36
0,20530,27,00:21.0,0,5178624,,,-94.5,-14.5,79.866525,6.879971,1725,-99.5,-17.5,,,,,11.5,1.5
0,20530,27,01:10.0,0,5178624,,,-108,-14.4,79.866638,6.880597,1725,-111.3,-16.3,,,,,10.5,4
0,23882,408,00:29.0,0,6120192,5820416,5231360,-107,-13,81.710422,7.730761,1725,-112,-15.5,-113,-16,-115,-20,6,19
0,24227,98,01:43.0,0,5124096,5124097,6202113,-96,-14,79.858702,6.914651,1725,-98,-15.5,-100,-18.5,-102,-19,,
0,25629,116,00:59.0,0,6561025,,,-111,-13.5,80.315164,8.169957,1725,-114.7,-18.2,,,,,6,16.5
3,25629,346,00:31.0,3,5227264,,,-109.5,-11.9,80.313123,8.186604,1725,-114,-16.4,,,,,5,27
0,20195,330,01:57.0,0,5282562,6288643,5538838,-97,-12.5,79.891239,7.087301,1725,-102,-14,-106,-18,-107,-19.5,6,6
30,20303,327,00:03.0,30,5197569,,,-86.6,-13.4,81.725354,7.686684,1725,-91,-16.7,,,,,8.2,4.4
2,21456,189,01:57.0,2,5492736,6565378,,-94,-12.5,81.709533,7.609375,1725,-99,-18.5,-101,-20,,,9,26
2,22715,153,00:50.0,2,5808918,,,-112,-15,81.193473,8.675772,1725,-117.3,-17.5,,,,,9,14
1,24091,392,01:40.0,1,6167296,,,-96.1,-13.9,80.0129,9.666862,1725,-100,-16.8,,,,,11.1,1
1,24091,392,01:30.0,1,6167296,6564610,,-103,-17,80.01381,9.667141,1725,-104.5,-15.8,-109.5,-17.5,,,,
0,20195,330,00:30.0,0,6288643,5282562,,-101,-13.3,79.891694,7.086155,1725,-101.7,-13,-104.7,-16.3,,,6,5.5
3,20646,274,00:52.0,3,6142720,,,-98,-11,79.935088,6.991959,1725,-106,-18.8,,,,,8,7
1,24091,392,01:01.0,1,6167296,6564610,5309954,-99,-16.5,80.013685,9.666998,1725,-100,-15.5,-105,-20,-106,-17,7,2
0,24227,98,01:38.0,0,5128961,,,-96,-12,79.859702,6.91486,1725,-104,-19.5,,,,,,
2,26426,399,00:30.0,2,6765057,,,-93,-14.8,81.831197,7.406609,1725,-100.5,-19.3,,,,,9,0
0,20195,330,00:04.0,0,6288643,5289492,,-109,-12,79.889045,7.086948,1725,-114.5,-16.8,-116.5,-19,,,6,9
0,20195,330,00:16.0,0,6288643,5282562,6158850,-100,-12,79.891022,7.087047,1725,-105,-15,-108,-18.5,-109,-19.5,7,6
10,20303,212,00:18.0,10,5197588,,,-94,-13,81.726866,7.685601,1725,-96.7,-16.7,,,,,6,7
20,20303,211,01:19.0,20,5197598,5197600,,-91,-14,81.724201,7.688719,1725,-97,-17,-97,-17,,,,0
22,20300,258,00:35.0,22,5801216,,,-94,-12,81.815846,7.420621,1725,-99,-20,,,,,6,16
2,20015,125,01:53.0,2,5123871,5277954,,-84,-13,79.852274,6.908719,1725,-88,-14.5,-91,-19,,,6,3
1,23900,337,01:57.0,1,5335307,,,-110,-15,81.208019,8.584671,1725,-112.5,-14.5,,,,,8,4.5
0,20254,198,00:53.0,0,5185025,,,-95.5,-13.8,79.89487,6.990745,1725,-100,-16.8,,,,,8.5,4
22,20771,347,00:54.0,22,5317378,,,-98.5,-11.6,79.984565,9.748874,1725,-108,-19.8,,,,,6.5,8.7
0,20697,339,00:31.0,0,5285890,,,-95.7,-13.6,79.950523,7.17562,1725,-98,-15.7,,,,,10,6.3
0,24227,98,00:48.0,0,6202113,5128962,5124096,-98,-13.5,79.859752,6.9147,1725,-101,-17,-105,-20,-107,-20,,
1,25629,115,00:39.0,1,5227294,5227274,,-108,-14.5,80.317985,8.164681,1725,-111,-17.5,-113,-19.5,,,,12
1,25629,115,01:07.0,1,6561024,,,-111,-15.3,80.324624,8.174586,1725,-109.5,-13.5,,,,,4,22
10,24045,95,00:32.0,10,6155550,,,-99.5,-14.3,81.504945,7.947268,1725,-105,-18.5,,,,,7,11
0,23520,180,01:10.0,0,5208084,,,-97,-14.5,79.910882,7.143505,1725,-107,-20,,,,,9,11
0,20254,198,01:35.0,0,5185025,,,-97,-13.2,79.894706,6.991489,1725,-102,-17.3,,,,,6.5,2.5
2,20771,346,01:31.0,2,5916928,4294967295,5540895,-104,-10.5,79.984113,9.748907,1725,-110,-18,-111,-19,-111,-18.5,10,8
22,21115,127,01:30.0,22,5405452,,,-102,-15,80.410091,8.333812,1725,-107,-16,,,,,6,2
91,27394,230,00:29.0,91,6050128,,,-108,-12.8,79.736086,8.041432,525,-111.5,-16.8,,,,,7.5,19
91,27394,230,00:23.0,91,6050128,6050138,,-110,-12.3,79.736348,8.043243,525,-114,-17,-118,-18.3,,,7.5,17
2,20771,346,01:44.0,2,6029569,4294967295,,-107,-13.5,79.989407,9.749374,1725,-111,-17.5,-113,-19.5,,,7,11
0,21893,256,00:21.0,0,6177539,6177536,5227779,-117,-17.5,80.389158,8.333178,1725,-118,-18,-118,-18,-119,-20,6,16
22,21115,127,01:13.0,22,5405452,,,-109.5,-13.5,80.40924,8.33339,1725,-113.5,-16.5,,,,,,
22,21115,127,01:43.0,22,5405452,,,-102.5,-14.6,80.409509,8.333324,1725,-109,-18.6,,,,,8,1.7
21,21653,174,01:21.0,21,6167297,6564609,,-90,-15.5,80.013162,9.665861,1725,-91,-16,-94,-19,,,4,8
0,23520,180,01:38.0,0,5779222,,,-109,-14.8,79.914144,7.14671,1725,-113.3,-16.7,,,,,6,16.5
0,20015,150,01:41.0,0,5144577,,,-92,-12,79.851621,6.913432,1725,-99,-19,,,,,6,3
0,23520,180,00:11.0,0,5779222,,,-114,-15.7,79.912086,7.146818,1725,-119.7,-19.3,,,,,6,15
1,24091,392,00:51.0,1,5309954,5309955,,-114,-19,80.01458,9.667029,1725,-116,-19,-117,-17.5,,,,2
21,21653,174,00:49.0,21,6167297,6564609,,-90,-15,80.013303,9.665754,1725,-93,-16.5,-95,-20,,,4,8
10,23079,269,00:43.0,10,5618945,5908225,,-123,-15.5,80.521388,7.954356,1725,-129,-20,-133,-20,,,,
3,21585,112,00:29.0,3,4294967295,5291786,,-114,-20,80.141523,7.131716,1725,-108,-15.5,-115,-20,,,,13
1,25629,115,00:24.0,1,5227294,5227274,,-107,-13.5,80.317937,8.164712,1725,-111,-16.5,-113,-19,,,,12
0,25629,116,00:55.0,0,6561025,,,-94.4,-11.6,80.318064,8.170018,1725,-102.2,-19,,,,,8.7,11
30,24045,144,00:48.0,30,6127104,6294018,5493762,-107,-20,81.515591,7.940722,1725,-106,-18.5,-106,-19.5,-106,-20,,
10,20303,212,00:33.0,10,5197588,,,-96.7,-12.9,81.726874,7.68582,1725,-101.3,-17.6,,,,,11.5,4.7
21,20697,341,01:36.0,21,5298432,5298443,,-110,-16,79.951751,7.17019,1725,-109,-15,-116,-20,,,7,6
2,21654,17,01:52.0,2,5543424,,,-95.9,-15,80.159718,9.660722,1725,-100.6,-18.2,,,,,11.6,6.2
3,25629,346,01:13.0,3,6561026,,,-106,-11.5,80.310205,8.170055,1725,-111,-18,,,,,12,4
0,20731,375,01:47.0,0,6290432,7170306,7170326,-109,-15.5,79.84199,7.217751,1725,-112,-17.5,-113,-20,-114,-20,6,5
2,23520,182,01:03.0,2,5208084,,,-101.7,-13.9,79.902117,7.145439,1725,-107.2,-17.8,,,,,10.5,4
0,20697,339,00:36.0,0,5285890,,,-90.5,-14.5,79.950249,7.175231,1725,-94.3,-16.8,,,,,10.8,5
0,24227,98,01:23.0,0,5143572,5143552,5234689,-94,-11.5,79.859029,6.916046,1725,-100,-17,-100,-18,-101,-15,8,3
0,24227,98,00:11.0,0,5121024,5128962,5128961,-98,-16.5,79.860025,6.914949,1725,-97,-14.5,-99,-17,-100,-18,,2
0,25629,116,01:26.0,0,6561025,,,-98.2,-13.6,80.314491,8.169113,1725,-98.6,-14,,,,,6.9,4.6
3,25629,346,01:32.0,3,5227264,,,-104.8,-12,80.311043,8.183963,1725,-109.3,-16.6,,,,,7.5,53
30,24045,144,00:39.0,30,6155521,,,-94.5,-13.2,81.503646,7.941526,1725,-102,-18.8,,,,,8.6,6.9
20,20303,211,01:15.0,20,5231637,,,-101,-13,81.728373,7.688122,1725,-107.5,-17.3,,,,,,7.5
21,20697,341,00:40.0,21,5298432,5285890,,-95.3,-14.4,79.95441,7.172468,1725,-99.8,-17.3,-101,-18.3,,,7,8
1,26939,105,01:44.0,1,5226754,5779988,5223434,-112,-15.5,,,1725,-113,-17,-115,-18.5,-115,-19.5,5,9
0,24227,98,00:43.0,0,6202113,5128962,6202133,-98,-14,79.859912,6.914764,1725,-104,-20,-105,-20,-109,-20,6,2
1,25629,115,01:49.0,1,5227274,,,-110,-11.5,80.316357,8.164531,1725,-117,-19,,,,,6,11
0,25629,116,00:54.0,0,6561025,5227294,,-108,-14,80.321981,8.169133,1725,-110,-16,-116,-20,,,6,17
0,25629,116,01:21.0,0,6561025,,,-96.3,-12.1,80.314917,8.169212,1725,-100.4,-15.8,,,,,7.3,5.3
81,27252,413,01:48.0,81,6976602,6256722,,-100,-13,81.810093,7.366066,525,-105,-18,-106,-19,,,,8
3,20646,274,00:06.0,3,5298688,,,-101.5,-12.3,79.933324,6.989997,1725,-106.5,-16.8,,,,,5,9
21,20697,341,00:57.0,21,5285890,5298432,,-107,-14,79.95414,7.172214,1725,-107.5,-14.5,-111.5,-18,,,7.5,9
0,23520,180,01:07.0,0,5779202,5810443,,-109,-18,79.910608,7.147362,1725,-113,-16,-115,-20,,,,
11,20015,123,01:40.0,11,5123871,,,-78.5,-14,79.852647,6.909307,1725,-81,-14.8,,,,,10.5,2
20,20003,165,01:40.0,20,5393668,5120768,5120769,-70,-9,79.850678,6.90489,1725,-74,-15,-79,-19,-83,-20,,3
32,20104,200,01:05.0,32,7048448,5144843,7048468,-111,-17.5,79.878256,6.89973,1725,-112,-16,-112,-15,-114,-18,,6
0,24227,98,00:17.0,0,6202113,5128962,5124096,-98,-14.5,79.859693,6.914746,1725,-102,-19,-103,-18.5,-103,-20,,
3,21585,112,00:51.0,3,4294967295,,,-110.6,-16.9,80.142954,7.128276,1725,-113,-18.4,,,,,4.3,17.3
0,22689,309,00:52.0,0,5551362,,,-99,-13.8,80.369345,7.473855,1725,-102.5,-17,,,,,5,8.5
0,22689,309,00:06.0,0,5550337,6674177,5551362,-91,-17,80.369003,7.479408,1725,-90,-17.5,-91,-17,-93,-19.5,,20
22,21115,127,01:32.0,22,5405452,5405472,5197076,-98,-11.5,80.409688,8.333176,1725,-102,-16,-103,-19,-105,-19,11,2
0,24227,98,00:04.0,0,5128962,,,-86,-11,79.859798,6.915102,1725,-90,-17,,,,,11,2
3,21585,112,00:58.0,3,4294967295,,,-111.9,-17,80.139762,7.128354,1725,-112.6,-18.1,,,,,6.2,30.5
1,25629,115,00:32.0,1,6561024,6561026,5227274,-104,-11.5,80.311287,8.162799,1725,-111,-20,-111,-20,-112,-20,6,10
0,20195,330,00:40.0,0,6288643,5282562,,-101,-11.5,79.891263,7.086249,1725,-103.5,-14,-108.5,-17.8,,,5,5.5
0,20559,114,01:55.0,0,6212118,,,-102.5,-13.5,79.874828,6.979338,1725,-106,-17.3,,,,,6.5,3
2,21456,189,00:00.0,2,6565378,5766145,6107925,-107,-15.5,81.712531,7.608835,1725,-110,-19,-110,-19,-110,-19,,40
2,22715,153,00:54.0,2,6308865,5815040,,-101,-18.5,81.196627,8.672177,1725,-96,-13.5,-102,-19,,,,7
2,20424,128,01:26.0,2,5228575,,,-98.3,-13.1,81.561366,7.918296,1725,-100.3,-15.3,,,,,7.5,6.5
11,20424,126,00:56.0,11,5228289,,,-109.8,-14.9,81.542405,7.898881,1725,-112.8,-17.4,,,,,4.3,50.3
2,20424,128,01:09.0,2,6294016,,,-102,-12.8,81.549425,7.918767,1725,-105.5,-16,,,,,6,24
2,20424,128,01:43.0,2,6155530,6127104,,-110,-15.5,81.501004,7.928281,1725,-114,-20,-116,-20,,,14,92
1,24604,65,00:45.0,1,5996034,,,-103.5,-15.5,80.661292,8.274561,1725,-110.5,-20,,,,,,
3,21118,57,00:14.0,3,5406208,5406228,5406218,-85,-18,80.831668,8.54796,1725,-87,-15.5,-88,-17,-89,-18,6,1
1,20680,377,01:34.0,1,5994241,,,-95.3,-13,80.11069,7.122379,1725,-99.7,-15.8,,,,,10,7
2,26495,26,01:34.0,2,5908244,6782720,,-111.5,-17.5,80.522551,7.985598,1725,-111,-16.8,-113.5,-19,,,5.5,10.5
1,20212,439,00:38.0,1,5164055,,,-96.2,-12.9,79.876134,6.877746,1725,-101.6,-16.7,,,,,9.4,2.6
1,20212,439,00:37.0,1,5174292,,,-89.7,-12.8,79.875557,6.879033,1725,-95,-14.5,,,,,8.7,1
0,20753,12,00:25.0,0,5541633,5312769,5312514,-110,-19.5,80.013582,9.671527,1725,-109,-15,-110,-18,-115,-20,3,5
80,27107,89,01:40.0,80,5334894,,,-109,-12.2,81.27429,8.448475,525,-113.8,-15.7,,,,,7.7,14
10,24045,95,00:34.0,10,6127104,,,-105.8,-13.9,81.537957,7.951215,1725,-110.1,-16.8,,,,,6.6,67.1
21,26426,236,00:54.0,21,5222688,7177730,7177731,-107,-17.5,81.834887,7.401124,1725,-110,-19.5,-111,-20,-111,-20,,
0,23882,408,00:56.0,0,5820426,,,-100.2,-12.8,81.699356,7.728372,1725,-105,-17,,,,,9.3,5.4
0,23882,408,00:16.0,0,6113793,6344706,,-101,-15,81.698423,7.727432,1725,-101,-14.5,-104,-16.2,,,7,2.5
0,20180,309,01:52.0,0,5166081,,,-81.7,-14.2,79.86561,6.852691,1725,-86.3,-14.7,,,,,11.7,0.3
2,20858,177,01:50.0,2,5339648,6669057,,-90,-17,80.504222,8.762467,1725,-93,-17.5,-94,-18,,,10,8
21,21115,400,01:57.0,21,5405451,5405472,5405470,-96,-16.5,80.409692,8.332934,1725,-99,-17,-101,-16.5,-104,-20,9,0
91,27394,230,00:17.0,91,4294967295,6025296,,-117,-14.5,79.736882,8.046403,525,-119,-16.5,-121,-18.5,,,6,16
81,27394,229,01:06.0,81,6025296,,,-102.3,-11.1,79.738861,8.052733,525,-110.8,-18.6,,,,,9,18
81,27394,229,00:39.0,81,7012946,,,-88.7,-10.7,79.73663,8.049673,525,-97.7,-17.3,,,,,15,10.5
91,27394,230,00:18.0,91,6050128,7012945,,-107,-11.5,79.736826,8.044687,525,-116,-20,-121,-20,,,5,15
22,21115,127,01:22.0,22,5405452,5405472,,-110,-15.5,80.409753,8.333264,1725,-114,-16.5,-116,-18.5,,,12,2
21,21115,400,01:31.0,21,5405954,5197077,5492168,-107,-14.5,80.403098,8.32699,1725,-109,-16.5,-111,-18.5,-111,-18.5,,16
21,20814,222,01:47.0,21,5328386,,,-104,-11.5,80.569606,7.759691,1725,-51,-19,,,,,6,4
2,20771,346,00:12.0,2,7006465,,,-105.3,-15.7,79.996087,9.745757,1725,-109.7,-19.5,,,,,,28
22,21115,127,01:38.0,22,4294967295,4294967295,,-100,-11.5,80.409696,8.334688,1725,-118,-20,-118,-20,,,3,3
1,24604,65,00:45.0,1,5996034,6316832,,-111,-15.5,80.65527,8.277032,1725,-119,-20,-119,-20,,,,
20,20303,211,00:57.0,20,5231637,,,-93.5,-11.6,81.728278,7.687402,1725,-100,-17.8,,,,,8,7.3
10,23079,269,00:41.0,10,5618945,,,-110,-14.5,80.517013,7.95621,1725,-117,-19.8,,,,,,
10,20303,212,01:09.0,10,5232396,6311168,6311190,-114,-12.5,81.729337,7.686705,1725,-116,-15,-122,-20,-122,-20,5,9
2,20424,128,01:06.0,2,6294016,,,-106.3,-14.1,81.553098,7.91905,1725,-110.3,-17.5,,,,,9,16.6
11,20424,126,01:42.0,11,6130689,,,-102.8,-12.6,81.554492,7.905936,1725,-108.5,-15.3,,,,,6.5,20.5
2,24586,446,01:55.0,2,6130690,5766932,6903828,-113,-16.5,81.534138,7.923605,1725,-113,-16,-116,-19,-117,-20,8,8
3,24157,57,00:23.0,3,5195030,,,-87.3,-13.6,79.849606,7.210865,1725,-93.2,-18.3,,,,,9,3
3,21585,112,01:59.0,3,5525770,5525790,,-109,-15,80.129901,7.132494,1725,-110.7,-16.5,-112.3,-17.7,,,6,17
2,26495,26,01:13.0,2,5908244,6782720,,-111,-15,80.522511,7.985411,1725,-111,-15.5,-113,-19,,,7,11
1,26939,105,00:45.0,1,5223681,5223710,,-94,-13,81.857695,7.236992,1725,-95,-14.5,-96,-14.5,,,5,5
0,24227,98,00:06.0,0,5143553,,,-84,-10.5,79.859119,6.916551,1725,-91,-11.5,,,,,,
2,26426,399,01:24.0,2,6765077,5222678,,-79.5,-14.3,81.831598,7.404779,1725,-83.5,-19.8,-86,-20,,,9.5,3
3,25629,346,01:37.0,3,5901826,5809695,,-110,-13.5,80.31103,8.180856,1725,-115,-13.5,-118,-20,,,4,16
0,25629,116,00:05.0,0,6561025,,,-92,-13,80.313839,8.168536,1725,-94,-14,,,,,,5
0,25629,116,00:11.0,0,5227274,,,-113,-13,80.343792,8.181443,1725,-118,-18.5,,,,,7,55
0,25629,116,01:49.0,0,6561025,,,-106,-13,80.32055,8.164171,1725,-108,-14.5,,,,,7,16
131,20402,278,01:15.0,,5196932,,,-100.6,-12.2,81.826967,7.423878,41090,-106.6,-16.8,,,,,9.8,8.6
2,21456,189,00:24.0,2,6107925,,,-106.5,-13.9,81.698514,7.585689,1725,-108.8,-16,,,,,4,53.3
21,21610,199,00:51.0,21,6235660,,,-106.5,-13,79.976092,7.032602,1725,-109.5,-16,,,,,5,8.5
2,23002,259,01:49.0,2,5810698,5888533,,-112,-15.5,80.134866,7.029184,1725,-113,-17,-114,-17.5,,,,19
3,21118,57,00:57.0,3,5406208,,,-104.5,-14.5,80.830426,8.554831,1725,-107.3,-15,,,,,9.3,9.7
80,26618,6,00:40.0,80,5194322,,,-104,-11.5,80.022488,9.747009,525,-110,-17,,,,,,
80,26618,6,00:13.0,80,5194322,,,-104,-12.5,80.023793,9.746051,525,-111,-20,,,,,,
0,20418,222,01:47.0,0,5227010,5227030,,-83,-13,80.585578,8.05232,1725,-88,-15.5,-90,-19,,,8,2
0,21846,95,00:09.0,0,5152022,,,-83,-14.4,79.850426,6.919355,1725,-84.9,-15.8,,,,,10.6,0.3
2,26495,26,01:46.0,2,6782721,,,-107.7,-14.7,80.522971,7.977365,1725,-115.7,-17.3,,,,,7,6
2,26495,26,00:12.0,2,5908244,6782720,,-110,-16.5,80.522509,7.985405,1725,-112,-16.5,-113,-20,,,7,11
3,21700,449,01:49.0,3,5215234,5215254,,-104,-16,79.910744,8.979375,1725,-105,-15.5,-106,-17.5,,,7,7
3,25629,346,00:23.0,3,5901826,,,-117,-12.5,80.311544,8.185796,1725,-121,-16,,,,,3,23
3,24157,57,00:56.0,3,6184214,,,-97.8,-15,79.848765,7.210296,1725,-101.3,-16.5,,,,,8,3
3,20646,274,00:05.0,3,5302048,,,-108.5,-13.3,79.935736,6.988532,1725,-115,-17.8,,,,,8,4
3,25629,346,00:56.0,3,5227264,,,-106,-12.6,80.308101,8.188861,1725,-112.3,-16.8,,,,,6,29.7
0,22689,309,01:25.0,0,5413920,5326849,6226177,-104,-15.5,80.362566,7.470814,1725,-106,-16.5,-107,-17,-109,-20,5,12
81,27394,229,01:26.0,81,6050129,7012946,,-110,-11.5,79.734473,8.044941,525,-117,-18,-117,-19,,,7,9
10,20425,341,01:28.0,10,6339605,,,-108,-15.8,81.613338,7.777976,1725,-109.3,-16.2,,,,,8,12.3
0,23882,408,01:12.0,0,6113793,6344706,,-103,-13.8,81.698679,7.727519,1725,-103,-15.5,-107.5,-15.5,,,5,4
2,23694,223,00:48.0,2,5301762,6065686,6322433,-107,-16,79.963997,6.999269,1725,-107,-17,-108,-16.5,-115,-20,9,11
1,20254,199,01:07.0,1,5175298,6189056,5300490,-110,-13.5,79.895142,6.990127,1725,-116,-18.5,-116,-18.5,-117,-17.5,,3
2,20424,128,01:55.0,2,5228575,6294016,,-106.5,-13.8,81.556556,7.916479,1725,-109.5,-16.5,-113,-18.5,,,6,10.5
2,20424,128,00:11.0,2,6155530,6130688,6127104,-109,-14.5,81.501993,7.928012,1725,-112,-17,-116,-20,-117,-20,5,90
0,21846,95,01:30.0,0,5136384,5136404,,-107,-18.5,79.848689,6.920182,1725,-105,-16,-106,-17,,,6,4
1,24604,65,01:34.0,1,5918230,,,-117,-14,80.655108,8.272743,1725,-125,-20,,,,,6,16
1,20680,377,01:01.0,1,5994241,5994240,,-96,-14,80.109819,7.123332,1725,-99,-13.5,-103,-18,,,9,7
1,25629,115,00:22.0,1,6561026,5227274,,-105,-12,80.310812,8.163124,1725,-111,-18.5,-112,-19,,,6,10
2,24045,146,00:38.0,2,6155520,5906432,,-98,-15.5,81.49539,7.970993,1725,-101,-19,-101,-19,,,5,40
0,20195,330,00:27.0,0,6288643,,,-96.9,-12.5,79.891384,7.086415,1725,-102.4,-17.6,,,,,8,4.8
21,20697,341,00:24.0,21,5298432,,,-95.8,-14.3,79.952063,7.171074,1725,-99.4,-15.9,,,,,7.3,6.7
3,24157,57,00:09.0,3,6184214,,,-86,-16,79.848346,7.210407,1725,-92,-18.9,,,,,11,3
3,25629,346,01:21.0,3,6561026,5901826,,-109,-14.5,80.285525,8.182098,1725,-109,-15,-113,-18.5,,,,41
0,20530,27,01:55.0,0,5578756,5178624,,-110,-16.5,79.866641,6.879455,1725,-112,-19,-112,-18,,,5,3
1,24091,392,00:30.0,1,6167296,6564610,7164949,-96,-17.5,80.013481,9.667304,1725,-96,-16.5,-98,-19.5,-98,-20,7,2
3,24157,57,00:38.0,3,6184214,,,-93.5,-15.5,79.848115,7.210022,1725,-98.3,-18,,,,,10,4.4
3,21585,112,00:27.0,3,4294967295,,,-107.7,-16.4,80.140593,7.130173,1725,-110,-18,,,,,4.7,16.8
0,24227,98,00:48.0,0,5143553,,,-87,-10.7,79.858991,6.916089,1725,-94.3,-17.7,,,,,7,1
0,20195,330,01:16.0,0,6288643,,,-99,-11,79.891606,7.086578,1725,-106,-16,,,,,11,5
0,26967,366,00:25.0,0,5493780,6903554,,-107,-16.5,81.523676,7.900462,1725,-105,-17.5,-110,-17.5,,,2,6
0,26967,366,01:59.0,0,5493780,,,-105.5,-12,81.521076,7.90187,1725,-111,-17.5,,,,,,3
0,22689,309,00:06.0,0,6165248,5326849,,-101,-14,80.364628,7.473154,1725,-107,-19.5,-107,-19.5,,,7,10
20,20303,211,01:09.0,20,5197568,5232384,,-107,-15.5,81.730306,7.687867,1725,-111,-19,-112,-20,,,,10
30,20303,327,00:54.0,30,5197569,,,-87.7,-13.1,81.72524,7.686653,1725,-92,-16,,,,,7.6,4.5
2,21456,189,00:47.0,2,6565378,,,-116,-17,81.679688,7.589447,1725,-113,-14.5,,,,,3,59
0,20697,339,00:17.0,0,5298453,5298433,,-77,-14,79.95066,7.172506,1725,-82,-17,-83,-17,,,,5
0,20530,27,01:13.0,0,5578756,,,-118,-15.5,79.866705,6.880363,1725,-120,-18.5,,,,,7,3
0,23520,180,00:11.0,0,5779202,5779222,5748224,-107,-16.5,79.912387,7.144902,1725,-108,-19,-111,-20,-113,-20,9,13
3,21585,112,01:23.0,3,5763072,,,-104,-14.5,80.14584,7.138729,1725,-115,-19.5,,,,,4,17
0,25629,116,01:40.0,0,6561025,,,-108,-16,80.322133,8.168599,1725,-108,-16,,,,,6,17
1,25629,115,00:29.0,1,5227294,,,-106,-12.8,80.317718,8.164905,1725,-113.2,-19,,,,,6,12.5
1,25629,115,01:04.0,1,5227294,5227274,,-109,-15.5,80.318013,8.164662,1725,-110,-16,-112,-18,,,,13
3,25629,346,00:52.0,3,5901826,,,-100,-11,80.312474,8.178134,1725,-108,-15.5,,,,,11,15
91,27252,201,01:53.0,91,5764955,,,-98.5,-11.5,81.807565,7.359863,525,-108,-19.8,,,,,11.5,8.5
30,24045,144,01:45.0,30,6155521,,,-92,-11.9,81.503068,7.941382,1725,-101,-17.5,,,,,8,8
0,20015,150,01:46.0,0,5144577,,,-92,-11,79.85128,6.912916,1725,-101,-20,,,,,7,3
0,20421,48,01:44.0,0,5405461,6898975,,-112,-18,80.400028,8.334555,1725,-110,-15.5,-112,-17.5,,,,24
0,20421,48,01:47.0,0,5405461,,,-98,-15.5,80.397606,8.317338,1725,-98,-16,,,,,,25
0,23550,52,01:50.0,0,6250004,,,-110,-15,80.568332,7.743879,1725,-110,-16.5,,,,,5,26
1,21148,194,01:58.0,1,6236418,,,-104,-12.5,80.345479,7.456106,1725,-112,-20,,,,,7,18
0,20697,339,00:12.0,0,5298453,5298433,,-81.7,-13.3,79.950796,7.172032,1725,-86.3,-17,-90,-18.3,,,11,4.5
3,21585,112,01:34.0,3,4294967295,,,-112,-15.5,80.143459,7.132798,1725,-112.8,-17.1,,,,,6,16
2,26426,399,00:36.0,2,6581506,,,-86.4,-15.5,81.830761,7.405549,1725,-93,-18.1,,,,,10.3,2.8
1,25629,115,00:36.0,1,6561024,,,-113.5,-13.8,80.321558,8.169158,1725,-119.5,-18.5,,,,,6,16
0,20195,330,00:11.0,0,6288643,5282562,6158850,-100,-12.5,79.890887,7.087439,1725,-105,-14,-108,-18.5,-111,-19,9,6
20,20303,211,00:53.0,20,5197568,5232384,,-102.5,-14.3,81.730044,7.689094,1725,-106.5,-18,-108,-18.8,,,,10
21,20697,341,01:47.0,21,5298432,,,-92.2,-14.3,79.951761,7.171926,1725,-94.9,-15.8,,,,,10.3,6.4
2,24546,345,01:59.0,2,5786112,5322250,,-110,-14.5,80.143778,7.345458,1725,-115.3,-19,-116.3,-19,,,3,18
21,21610,199,00:15.0,21,6235660,,,-99.8,-12.5,79.977038,7.034426,1725,-105.3,-17.3,,,,,5,10
12,20649,131,00:38.0,12,5410836,,,-108,-12.5,80.127778,7.27915,1725,-114,-18.3,,,,,7.3,28.7
1,21193,169,00:40.0,1,6152704,5425408,5128193,-75,-12,79.856941,6.89547,1725,-76,-13,-82,-17,-83,-17.5,9,1
1,24091,392,00:25.0,1,6167296,7164949,,-104.5,-17.3,80.01296,9.667458,1725,-105,-16.3,-110,-18.3,,,5.5,1.5
82,27379,83,00:14.0,82,6928210,,,-109,-12.5,80.277,7.824778,525,-114,-16.5,,,,,4,67
3,20646,274,00:11.0,3,5285377,,,-88,-12.5,79.937091,6.989297,1725,-92.4,-16.5,,,,,7.6,2.4
3,20646,274,01:18.0,3,5285377,,,-101.3,-11.5,79.937369,6.989827,1725,-108.7,-18.5,,,,,7,2
10,20303,212,00:02.0,10,5197588,,,-98,-13.8,81.72837,7.685756,1725,-103,-17,,,,,,9
30,20303,327,00:19.0,30,5197569,,,-86.8,-12.9,81.725096,7.68664,1725,-91.7,-16.1,,,,,8.8,4.5
2,22715,153,00:57.0,2,5808908,6308865,,-108,-15,81.189326,8.684986,1725,-111,-17.5,-112,-19,,,6,4
2,23520,182,00:34.0,2,4294967295,6021121,5208084,-97,-13.5,79.90324,7.143364,1725,-97,-14,-101,-17.5,-104,-20,,4
0,23520,180,01:47.0,0,5208074,5305866,,-98,-16,79.903089,7.138779,1725,-97,-16,-103,-20,,,,11
1,24091,392,00:52.0,1,6564610,5542678,5543189,-109,-18.5,80.013514,9.665097,1725,-110,-17.5,-110,-18.5,-111,-18,6,5
0,23520,180,01:25.0,0,5779222,5894422,,-106,-15,79.91508,7.145017,1725,-111,-18,-113,-20,,,,17
11,20424,126,00:20.0,11,5228318,,,-97,-12.5,81.554859,7.903502,1725,-102,-16.5,,,,,5,31
2,27068,77,01:49.0,2,6783488,,,-98.9,-13.8,80.385724,7.472281,1725,-102.1,-17,,,,,8,7.6
0,21846,95,00:07.0,0,5152002,5152022,,-82.5,-15.3,79.850888,6.919292,1725,-84.5,-15.5,-88.5,-19,,,10.5,1
0,21846,95,01:47.0,0,5152000,5152022,5152001,-78,-15.5,79.850465,6.919124,1725,-81,-16,-82,-16,-84,-18.5,,1
32,20104,200,01:32.0,32,5146636,5133056,5144843,-106,-16,79.881441,6.89981,1725,-112,-19,-112,-20,-112,-20,7,3
0,24227,98,00:01.0,0,5121024,5124096,,-96,-13.5,79.859327,6.914718,1725,-104,-20,-104,-19.5,,,,
0,23550,52,01:55.0,0,6028801,,,-108,-11.8,80.561199,7.748254,1725,-117.3,-19,,,,,7,16
0,20195,330,01:01.0,0,6288643,5282562,6158850,-95,-10.5,79.890976,7.087095,1725,-105,-19,-105,-17,-107,-19,7,6
0,22689,309,00:57.0,0,5551362,6674177,,-108,-16.5,80.367843,7.470715,1725,-111,-19,-112,-20,,,4,7
0,20530,27,00:16.0,0,5178624,,,-111,-16,79.866788,6.880662,1725,-114,-19,,,,,6,4
0,20530,27,00:14.0,0,5267458,,,-93,-16.5,79.867938,6.886915,1725,-100,-17,,,,,,
2,20771,346,01:26.0,2,5540895,,,-106,-12,79.985491,9.74812,1725,-114,-20,,,,,8,8
0,20697,339,00:46.0,0,5285890,,,-92.3,-14.7,79.950654,7.175243,1725,-94.4,-15.6,,,,,11,5.5
3,21118,57,00:38.0,3,5787904,,,-110,-15.4,80.819331,8.559668,1725,-113.8,-17.8,,,,,9.5,27.3
2,20424,128,00:00.0,2,5228547,,,-101.1,-11.1,81.558169,7.920998,1725,-106.2,-14.9,,,,,8.4,11.6
3,21585,112,01:50.0,3,6017536,6925825,5286656,-118,-19.5,80.135555,7.138055,1725,-116,-15.5,-118,-18.5,-118,-17,5,21
1,20803,312,01:16.0,1,5549314,5325589,5549313,-97,-20,80.36404,7.488376,1725,-99,-20,-100,-14.5,-100,-20,,1
0,21846,95,00:28.0,0,5152022,,,-89.3,-14.1,79.850237,6.919836,1725,-93.3,-16.3,,,,,11.7,2
0,23882,408,01:26.0,0,5155860,6344706,5155842,-96,-12,81.699764,7.730021,1725,-106,-20,-107,-19.5,-107,-20,12,5
0,20077,416,00:24.0,0,6179841,5185538,,-80,-17,79.86119,6.876357,1725,-80,-11.5,-80,-13.5,,,,4
0,25629,116,00:25.0,0,6561025,,,-95,-12.8,80.315175,8.170655,1725,-99.7,-16,,,,,8,10
0,20195,330,00:54.0,0,5289492,6288643,,-104,-13.5,79.889662,7.087425,1725,-107,-14.5,-107,-15,,,5,7
20,20303,211,00:43.0,20,5197578,,,-92,-17.3,81.724985,7.686675,1725,-91.7,-15.3,,,,,11,4.5
3,21585,112,00:06.0,3,5525790,,,-106.8,-15.3,80.131754,7.126162,1725,-108.3,-16.7,,,,,9,10.3
2,27115,276,01:48.0,2,6902784,5228555,,-108,-18.5,,,1725,-106,-17.5,-107,-18,,,2,79
2,20771,346,01:52.0,2,6029569,,,-104.4,-13.5,79.986851,9.746843,1725,-109.6,-18,,,,,6,13.8
2,20771,346,01:57.0,2,6029569,,,-103.4,-13.1,79.989704,9.746267,1725,-106.3,-15.9,,,,,6.7,13.6
1,21193,169,00:18.0,1,4294967295,5425408,6152704,-73,-12,79.856961,6.896452,1725,-77,-16.5,-77,-17,-78,-13.5,11,1
0,20421,48,01:34.0,0,6898975,5405461,,-113,-17,80.400028,8.334555,1725,-113,-16,-114,-17,,,,25
0,24227,98,00:11.0,0,6202113,,,-86,-11.5,79.859082,6.914759,1725,-94,-17,,,,,11,2
0,24227,98,00:38.0,0,5121024,5128962,6202113,-99,-14,79.860005,6.914797,1725,-102,-17.5,-103,-18,-103,-17.5,,
0,25629,116,01:43.0,0,6561027,5901826,,-117,-15,80.315748,8.176805,1725,-120,-17.5,-120,-18,,,6,10
1,25629,115,00:07.0,1,5227265,,,-117,-17.5,80.318023,8.155648,1725,-120,-18.8,,,,,3.5,31
10,24045,95,00:46.0,10,6127104,,,-108.9,-14.3,81.536143,7.948259,1725,-110.4,-16.9,,,,,6.2,70.3
0,20195,330,00:06.0,0,6288643,,,-89.8,-12,79.890539,7.086203,1725,-94.8,-16.8,,,,,8.2,5
2,21456,189,00:46.0,2,6107925,,,-114,-15,81.693826,7.577868,1725,-112,-14,,,,,6,54
21,20697,341,01:10.0,21,5285890,5298432,,-104.1,-14.8,79.954627,7.171205,1725,-107.1,-16.8,-110.3,-19.4,,,7.5,11.3
1,21193,169,00:41.0,1,5425408,,,-91,-11.9,79.856672,6.896107,1725,-95.3,-16.6,,,,,7.8,0.3
1,24091,392,01:06.0,1,6167296,5309954,,-99,-17,80.013817,9.666958,1725,-100,-15.5,-107,-18.5,,,,
0,24227,98,01:07.0,0,6202113,,,-91.3,-11.2,79.859249,6.914729,1725,-97.7,-17.2,,,,,8,1
0,24227,98,00:59.0,0,5143553,,,-90,-11.5,79.859119,6.916551,1725,-97,-18,,,,,,
1,25629,115,00:15.0,1,6561024,,,-112.2,-13.7,80.322773,8.164683,1725,-115.8,-17,,,,,6,22.5
3,25629,346,01:07.0,3,5227264,,,-108.9,-12.1,80.312021,8.181102,1725,-113,-17.2,,,,,5.8,26
30,24045,144,00:08.0,30,6127104,,,-106.7,-15.1,81.52658,7.947176,1725,-108.7,-16.9,,,,,5.4,39.4
0,20195,330,01:20.0,0,5289492,6158850,5282562,-103,-12.5,79.889051,7.087571,1725,-104,-15,-106,-17,-111,-20,,8
0,22689,309,00:10.0,0,5808386,5551362,5154826,-106,-17.5,80.360329,7.469583,1725,-108,-19.5,-111,-19.5,-112,-20,3,12
21,20697,341,00:41.0,21,5298432,5411604,,-87,-15.5,79.953622,7.171614,1725,-91,-18,-93,-19.5,,,8,9
0,23520,180,00:47.0,0,5779202,5779222,,-110,-17.5,79.911042,7.145646,1725,-112,-15.5,-116,-17,,,,
22,20077,415,01:23.0,22,5139712,,,-79.4,-12.5,79.86094,6.874385,1725,-83.2,-15.6,,,,,7.7,1.5
2,23113,208,01:37.0,2,5916928,5315072,,-105,-16.5,79.97876,9.743191,1725,-106,-15,-109,-18,,,7,14
0,23520,180,01:45.0,0,5779222,5894422,,-108,-16,79.915756,7.144444,1725,-112,-18,-113,-19.5,,,,17
1,24604,65,00:05.0,1,5996034,,,-111.5,-14.3,80.66287,8.285327,1725,-117.5,-19.8,,,,,7.5,32.5
3,21118,57,01:02.0,3,5406208,,,-103.8,-14.7,80.830273,8.552754,1725,-107.3,-16.2,,,,,10,11.7
2,23113,208,00:56.0,2,5315074,,,-108,-14.5,79.96886,9.715119,1725,-117,-20,,,,,8,47
0,23520,180,00:59.0,0,5779222,5894422,,-107,-15.5,79.915926,7.1443,1725,-108,-15.5,-113,-19.5,,,,17
0,20418,222,01:31.0,0,5227028,5227018,,-95,-16,80.597348,8.039876,1725,-92,-13.5,-96,-17,,,,1
2,20424,128,00:56.0,2,6294016,,,-110,-14.6,81.552201,7.918938,1725,-112.6,-18.2,,,,,7.7,18
2,20424,128,01:33.0,2,6294016,6130688,,-102,-13,81.548071,7.917834,1725,-106,-17.5,-107,-18,,,6,25
1,24604,65,01:06.0,1,5996034,6298624,,-111,-17,80.673442,8.27365,1725,-116,-20,-117,-20,,,,
1,23925,386,01:51.0,1,6124802,5912832,,-96,-13,81.335315,7.552623,1725,-100,-17.5,-101,-16.5,,,5,12
2,26495,26,00:22.0,2,5908244,6782720,,-109,-16,80.52251,7.98541,1725,-111,-17,-112,-19.5,,,7,11
2,26495,26,01:03.0,2,5908244,6782720,,-111,-16.5,80.522255,7.985886,1725,-111,-15.8,-113.3,-18.8,,,6,10.5
0,21443,31,01:12.0,0,5226498,5155586,,-109.5,-14.9,81.683197,7.300924,1725,-111,-15.9,-113.8,-18.3,,,4.3,16
1,24586,445,01:37.0,1,6130690,6294018,5766913,-102,-17.5,81.534636,7.921389,1725,-101,-17,-101,-17,-103,-18.5,5,9
1,24829,238,01:26.0,1,7175168,6205440,,-121,-20,81.046792,7.646491,1725,-122,-19.5,-126,-20,,,7,54
2,20424,128,01:07.0,2,6155530,6127104,,-110,-15.5,81.502028,7.928091,1725,-110,-15.5,-116,-17,,,5,90
2,20424,128,01:16.0,2,5228547,,,-106.2,-11.9,81.553784,7.925885,1725,-111.5,-17.2,,,,,9.4,19.4
2,26495,26,01:08.0,2,5908244,6782720,,-108,-15,80.514488,7.994262,1725,-111,-18,-114.5,-19.5,,,6.5,11.5
0,20421,48,00:39.0,0,6898975,5405461,,-112,-16.5,80.402686,8.333549,1725,-113,-17.5,-113,-18,,,,25
0,24227,98,00:30.0,0,6202113,5121024,5124096,-98,-14.5,79.860059,6.914816,1725,-101,-17,-102,-17.5,-105,-20,,
30,24045,144,01:02.0,30,6127106,,,-98.5,-16.3,81.50629,7.94363,1725,-106,-20,,,,,5.5,10.5
131,20402,278,01:11.0,,5196932,,,-101.5,-13.2,81.828217,7.424096,41090,-104.1,-14.4,,,,,8.8,8.7
1,21148,194,01:53.0,1,6236418,5413890,,-103,-14,80.345479,7.456106,1725,-109,-20,-113,-20,,,7,19
30,20303,327,01:20.0,30,5197569,,,-89,-12.7,81.725535,7.686307,1725,-93.8,-16.3,,,,,8.4,4.9
1,24401,389,00:41.0,1,6198274,,,-89,-13.5,79.788972,7.577281,1725,-87,-12,,,,,12,10
12,20649,131,00:31.0,12,6576128,,,-101.5,-14.5,80.132475,7.276859,1725,-103.7,-17.3,,,,,5,32.3
0,23520,180,01:07.0,0,5769472,,,-103,-16,79.912093,7.153129,1725,-109,-20,,,,,7,15
0,23882,408,01:56.0,0,5820426,5155860,6344706,-102,-12.5,81.700409,7.729305,1725,-106,-17,-111,-20,-111,-20,10,5
2,24045,146,01:15.0,2,5906432,5903872,6155520,-107,-20,81.493132,7.973596,1725,-107,-20,-112,-20,-112,-20,3,39
0,20559,114,01:42.0,0,5263136,,,-111.7,-12.7,79.87396,6.976951,1725,-116,-16.7,,,,,8,1.5
0,22689,309,00:40.0,0,5326849,,,-106.3,-13.6,80.362761,7.470489,1725,-108.8,-14.8,,,,,6,11
2,21456,189,01:53.0,2,6107925,5904898,6109698,-121,-18.5,81.712531,7.608835,1725,-119,-16.5,-121,-18.5,-121,-18.5,4,81
12,20649,131,00:28.0,12,5410836,,,-105,-9,80.129224,7.28296,1725,-111,-15.5,,,,,8,29
12,20254,386,00:13.0,12,6925570,,,-96,-11,79.891814,6.989503,1725,-104,-20,,,,,,
132,24235,282,01:36.0,,5563012,5218946,,-106,-10.5,,,41090,-113.5,-17.8,-116,-17.3,,,6,18
0,23882,408,01:20.0,0,5155860,6344706,5820426,-98,-12,81.699764,7.730021,1725,-108,-20,-108,-20,-109,-20,12,5
3,21585,112,01:02.0,3,4294967295,,,-110.8,-17.5,80.140741,7.129619,1725,-109.3,-15.9,,,,,6,16.7
3,21585,112,00:57.0,3,5525770,5291786,,-110,-14,80.12646,7.1312,1725,-110,-16,-111,-17.5,,,9,17
0,25629,116,01:27.0,0,5794049,6561025,,-106,-14.5,80.323278,8.184574,1725,-109,-17.5,-110,-18.5,,,,32
1,25629,115,00:26.0,1,6561024,,,-122,-18,80.325826,8.172514,1725,-121,-17,,,,,5,22
10,24045,95,00:53.0,10,6155550,,,-91.5,-13.3,81.50334,7.944221,1725,-95.5,-15.8,,,,,7.5,7
131,20402,278,01:26.0,,5196932,,,-95.7,-12.2,81.827875,7.424734,41090,-101,-17.1,,,,,8.3,9.5
0,26967,366,00:31.0,0,5493780,5493762,5228290,-102,-14.5,81.523474,7.900526,1725,-104,-16.5,-107,-18,-107,-19,3,5
0,22689,309,01:39.0,0,5551362,,,-102,-12.5,80.367247,7.471262,1725,-108.5,-19.8,,,,,7,7
2,21456,189,01:16.0,2,6107925,5231618,,-117,-14.5,81.695916,7.580274,1725,-116,-15,-117,-15.5,,,5,54
22,21115,127,01:05.0,22,5405452,,,-97.7,-13.7,80.410182,8.333604,1725,-103.7,-18.7,,,,,9,2
1,23879,206,01:12.0,1,6113024,6113044,5782273,-87,-16.5,81.182616,8.503718,1725,-90,-17,-91,-15.5,-92,-19.5,7,0
22,21115,127,01:48.0,22,4294967295,5197067,4294967295,-99,-11.5,80.408908,8.334762,1725,-110,-20,-114,-20,-116,-20,4,3
10,23079,269,00:57.0,10,5623552,,,-112,-13,80.526289,7.955298,1725,-114.5,-17.5,,,,,6,47
3,21118,57,00:46.0,3,5406208,,,-102.9,-13.9,80.830757,8.555448,1725,-105.4,-15.1,,,,,8.5,6
0,21138,132,01:58.0,0,5411351,5411348,,-87.2,-13.8,79.922216,7.028999,1725,-90.2,-16.6,-93.2,-18.8,,,,3.5
2,20424,128,00:35.0,2,5228547,,,-100.4,-11.7,81.558676,7.920619,1725,-105.8,-15.7,,,,,7.5,11.2
0,24227,98,01:28.0,0,6202113,5128961,,-96,-12,79.859991,6.914838,1725,-97,-14,-101,-16,,,,
0,24227,98,01:12.0,0,6202113,5128962,,-97,-12,79.860311,6.91491,1725,-101,-16,-101,-15.5,,,,
2,24227,96,01:21.0,2,5124097,,,-82,-10.5,79.85855,6.914225,1725,-83,-12,,,,,6,1
0,20195,330,01:10.0,0,6288643,5289492,5282562,-101,-11.5,79.890721,7.087479,1725,-106,-12.5,-109,-18.5,-110,-19.5,7,7
20,20303,211,00:32.0,20,5232384,5197568,,-108,-18,81.729976,7.687497,1725,-108,-17.5,-111,-20,,,,10
20,20303,211,01:03.0,20,5232384,5197568,5232416,-109,-16,81.730302,7.688628,1725,-111,-17,-113,-20,-113,-20,,10
3,21585,112,01:42.0,3,4294967295,6017536,4294967295,-113,-16,80.141457,7.128292,1725,-115.3,-17.3,-116,-18,-117.3,-19,6,18.5
2,20771,346,01:35.0,2,4294967295,6029569,,-108,-17,79.989463,9.747096,1725,-108,-16,-110,-18.3,,,5.5,12.5
2,20313,47,01:55.0,2,5273110,5136140,5273090,-93,-15.5,79.863345,6.857237,1725,-96,-19,-97,-19.5,-97,-19.5,,2
3,21585,112,01:37.0,3,4294967295,4294967295,,-112.8,-17.3,80.139285,7.128388,1725,-108.5,-16.1,-111.5,-17.5,,,7,21
81,27252,413,01:58.0,81,6976602,6256722,,-101,-13,81.810377,7.366695,525,-106,-18.5,-107,-19.5,,,4,10
30,24045,144,00:44.0,30,6155521,,,-95,-12.6,81.501735,7.942732,1725,-102.8,-18.5,,,,,8.7,10
0,20195,330,00:35.0,0,6288643,5282562,,-103,-12.6,79.891474,7.086146,1725,-104.3,-14.3,-106.5,-17.1,,,6.5,5.7
30,20303,327,00:26.0,30,5197569,,,-91.7,-13.1,81.725667,7.68646,1725,-94.9,-15.9,,,,,9.3,4.7
2,21456,189,00:40.0,2,5766145,6565378,,-109,-20,81.734107,7.5889,1725,-104,-16,-105,-17,,,,40
1,24091,392,01:51.0,1,6167296,5309955,,-98,-16.5,80.014097,9.667017,1725,-101,-18,-103,-19.5,,,8,2
3,21585,112,00:55.0,3,4294967295,4294967295,5525790,-116.7,-19,80.121675,7.131829,1725,-112.7,-17,-114.3,-18,-116.7,-18.7,6,23.5
0,24227,98,00:53.0,0,5143553,,,-91.7,-12.3,79.859156,6.91675,1725,-92.3,-13.3,,,,,10,3
1,25629,115,00:59.0,1,5227294,5227274,,-108,-15,80.318013,8.164662,1725,-111,-17,-112,-18.5,,,,12
30,24045,144,01:31.0,30,6127104,,,-111,-14.7,81.519359,7.944589,1725,-114.2,-17.7,,,,,5.6,36
0,20195,330,01:25.0,0,6288643,5289492,5282562,-106,-16,79.890408,7.087518,1725,-107,-15,-108,-18,-110,-19.5,6,7
1,21148,194,01:59.0,1,6236418,6675712,,-119,-16,80.343088,7.446493,1725,-120,-18.5,-121,-19.5,,,6,22
30,20303,327,00:11.0,30,5197569,,,-87.5,-12.7,81.725586,7.686701,1725,-92.7,-15.7,,,,,8.1,5.2
12,20649,131,00:31.0,12,5286176,6479872,,-100,-15,80.138917,7.280152,1725,-101,-15,-102,-16.5,,,4,21
12,20419,290,01:51.0,12,5227267,,,-95.9,-12.8,80.297012,8.154951,1725,-101.9,-16.7,,,,,9,7.8
0,22689,309,00:25.0,0,5413920,,,-87.7,-12,80.363104,7.470385,1725,-92.3,-16.2,,,,,13,8.5
21,21115,400,00:06.0,21,5227776,6177792,,-103,-14,80.396429,8.335944,1725,-106,-16,-110,-18.5,,,7,24
22,21115,127,00:11.0,22,5405472,,,-93.9,-13.4,80.409232,8.334587,1725,-98.6,-17.8,,,,,9.3,4
3,21118,57,00:44.0,3,5787904,,,-103.3,-14,80.823515,8.553345,1725,-106.3,-17.2,,,,,7.5,25.5
80,26618,6,00:30.0,80,5194322,,,-103,-12,80.023793,9.746051,525,-111,-19.5,,,,,9,9
2,20424,128,00:37.0,2,6155550,6127104,,-116,-14.5,81.541929,7.920644,1725,-118,-17.5,-120,-19,,,5,32
2,20424,128,00:42.0,2,6130688,,,-115,-15,81.544391,7.92299,1725,-119,-19,,,,,5.5,36
11,20424,126,01:16.0,11,5228299,,,-113,-14.5,81.545088,7.890086,1725,-124,-20,,,,,6,176
1,24829,238,00:36.0,1,6486274,,,-114.2,-14.8,81.023102,7.633978,1725,-118.3,-19.1,,,,,8.5,24
3,21585,112,00:14.0,3,5525790,6017536,5291786,-103,-12.5,80.130276,7.133392,1725,-107,-15.5,-109,-17.5,-110,-18,,
0,21685,372,00:14.0,0,5552130,5154847,5552159,-89,-16,80.382385,7.492256,1725,-93,-15.5,-93,-19,-94,-17,6,23
3,24157,57,00:15.0,3,5195020,5195030,,-96,-14,79.849086,7.211214,1725,-100,-18,-102,-19.5,,,,4
1,25629,115,01:01.0,1,6561024,5901826,,-118,-16.5,80.32494,8.17366,1725,-117,-15.5,-120,-18.5,,,5,22
3,25629,346,00:00.0,3,5227264,,,-107.5,-11.6,80.313403,8.182214,1725,-113.2,-17.6,,,,,7.5,39.6
0,20195,330,01:20.0,0,6288643,5289492,5282562,-103,-14,79.890408,7.087518,1725,-107,-15,-108,-19,-110,-20,6,7
30,20303,327,00:41.0,30,5197569,,,-89.4,-13.2,81.725294,7.686541,1725,-92.9,-15.2,,,,,8.9,4.7
0,22689,309,00:29.0,0,5550337,5326849,,-113,-17.5,80.36461,7.47587,1725,-115,-17.5,-117,-20,,,,14
2,21456,189,00:28.0,2,6565378,5904897,,-105,-13.5,81.683675,7.592308,1725,-108,-17,-112,-19,,,6,52
2,23520,182,01:33.0,2,5208084,5305886,,-107.3,-14,79.90077,7.145149,1725,-108.7,-13.3,-113.7,-18.5,,,8,7.5
12,20649,131,01:26.0,12,6659843,,,-104,-14,80.149568,7.278802,1725,-106,-11,,,,,,20
0,20697,339,00:41.0,0,5285890,,,-90.6,-14.2,79.950516,7.175412,1725,-92.3,-14.7,,,,,10,6.2
0,20731,375,01:42.0,0,6145793,7170306,5303809,-108,-15.5,79.841673,7.219912,1725,-112,-20,-114,-20,-115,-20,7,6
1,24091,392,00:51.0,1,6167296,5309954,,-100,-18,80.013663,9.667019,1725,-99,-16,-106,-18.5,,,9,2
0,24227,98,00:16.0,0,5143553,,,-90,-11.8,79.859178,6.916788,1725,-94,-14,,,,,,
81,27252,413,01:52.0,81,5764975,5764946,6976602,-96,-13.5,81.810603,7.366657,525,-98,-16,-100,-18,-102,-19.5,5,10
30,24045,144,01:56.0,30,6155530,,,-105.5,-13.3,81.503442,7.946658,1725,-112.5,-19.3,,,,,6,11
0,20195,330,01:15.0,0,6288643,5282562,,-103,-13,79.890721,7.087479,1725,-107,-13,-108,-19,,,5,7
10,24045,95,00:24.0,10,6127106,,,-109,-13,81.507336,7.9418,1725,-118,-20,,,,,7,15
0,21657,93,01:46.0,0,5544193,,,-106.8,-15,80.05108,9.658361,1725,-111,-17.9,,,,,13,8
30,20303,327,00:48.0,30,5197569,,,-90,-13.6,81.724808,7.686596,1725,-94.1,-16.6,,,,,8.5,4.4
10,20303,212,00:43.0,10,5197588,,,-98.5,-12.7,81.727708,7.686492,1725,-103.5,-17.1,,,,,9,6.4
21,20697,341,00:59.0,21,5298432,5285890,,-102.2,-13.3,79.955178,7.171175,1725,-107,-17.7,-108.6,-18.2,,,,
21,21610,199,01:36.0,21,5532161,5532170,,-99,-12.5,79.973231,7.034668,1725,-100,-13.5,-105,-18,,,,2
2,20346,20,00:49.0,2,6156032,5536768,6156034,-113,-19.5,80.042349,7.16603,1725,-112,-16.5,-112,-17,-115,-19,3,21
0,24227,98,01:16.0,0,5143553,,,-87,-10,79.859119,6.916551,1725,-95,-18.5,,,,,,
0,25629,116,01:52.0,0,6561025,,,-101.7,-12.5,80.320693,8.169692,1725,-107,-17,,,,,6,13.7
0,20195,330,00:17.0,0,6288643,,,-98,-11.4,79.891548,7.086603,1725,-106.3,-18.8,,,,,10.5,5
0,22689,309,00:35.0,0,5326849,6165248,,-107,-14.2,80.362049,7.469721,1725,-108,-15,-110,-17.3,,,,
2,21456,189,00:42.0,2,6565378,,,-102,-14,81.69611,7.599141,1725,-111.5,-17.3,,,,,7,87
0,23520,180,00:21.0,0,5779202,,,-108,-17,79.912027,7.145434,1725,-112,-19,,,,,10,13
1,24091,392,01:19.0,1,6564610,5309955,5309954,-99,-19,80.012744,9.666395,1725,-103,-20,-104,-20,-105,-20,8,2
3,25629,346,00:09.0,3,5227264,,,-109.3,-12.8,80.311384,8.193812,1725,-115.7,-18,,,,,6,33.5
30,24045,144,01:30.0,30,6155530,,,-110,-12,81.505823,7.942189,1725,-118,-19.5,,,,,10,10
30,24045,144,00:03.0,30,6127104,,,-105.8,-16.1,81.52614,7.948487,1725,-105.7,-16.2,,,,,4,41.4
0,22689,309,01:00.0,0,5550337,5551362,6674177,-110,-17.5,80.367536,7.475853,1725,-109,-18.5,-110,-18,-111,-20,3,13
21,21610,199,01:06.0,21,6235660,,,-101,-12.4,79.976382,7.032807,1725,-107,-17.6,,,,,7,8.3
22,20300,258,00:30.0,22,5224449,,,-101,-14,81.817279,7.421651,1725,-102,-18.5,,,,,9,16
3,21118,57,00:43.0,3,5787904,,,-111,-14.8,80.813997,8.55999,1725,-114,-17.6,,,,,7.5,29
2,20424,128,00:50.0,2,5228547,,,-103.4,-10.9,81.557386,7.923546,1725,-106.9,-15.8,,,,,9.7,14.3
2,20424,128,01:58.0,2,5228547,,,-99,-10.8,81.559037,7.920176,1725,-104.2,-15.4,,,,,9.6,8.1
3,24157,57,01:40.0,3,5195030,,,-96.4,-12.8,79.849288,7.211194,1725,-101.9,-18.6,,,,,9,3.2
0,21846,95,01:04.0,0,5152002,,,-84.8,-15.5,79.850439,6.919577,1725,-89.5,-16.5,,,,,7.5,1
0,21846,95,00:12.0,0,5152022,5152002,,-96,-16,79.851121,6.918852,1725,-100,-16.5,-100,-16.5,,,11,1
0,21846,95,00:41.0,0,5152022,,,-88.1,-14.1,79.850355,6.919791,1725,-93.1,-17.4,,,,,10.8,0.8
3,20421,131,01:54.0,3,6898965,5405441,,-106,-18.5,80.397606,8.317338,1725,-105,-17,-106,-19,,,,28
11,20424,126,00:25.0,11,5228318,,,-99,-12.5,81.554859,7.903502,1725,-103,-17.5,,,,,9,31
2,20424,128,00:02.0,2,5228547,,,-103.1,-11.9,81.556911,7.921157,1725,-107.4,-15.6,,,,,9.2,13.2
0,21846,95,01:37.0,0,5152002,5152022,,-85,-14.3,79.849929,6.919451,1725,-87.5,-16.3,-89,-17.5,,,8,0
1,21763,250,01:42.0,1,5570562,,,-97.3,-13.8,81.228444,8.58163,1725,-97.7,-14.8,,,,,8,5.5
22,25709,423,00:37.0,22,6581506,,,-86,-14,81.832176,7.412523,1725,-82,-12,,,,,,
22,20160,169,01:55.0,22,5144577,5592576,5152002,-101,-16.7,79.849986,6.914827,1725,-101,-8,-104,-8.5,-104.3,-8.3,1,5.5
0,24227,98,01:36.0,0,5128962,7080450,,-92,-14.5,79.858986,6.923036,1725,-97,-19,-97,-13,,,7,14
0,20195,330,00:54.0,0,5169940,,,-89.5,-11.8,79.891384,7.083135,1725,-91.5,-12.3,,,,,8.5,1
3,20646,274,01:08.0,3,5298688,,,-89.8,-11.3,79.933109,6.988259,1725,-95.8,-18.4,,,,,9,10
0,25629,116,00:51.0,0,6561027,5901826,,-98,-11,80.32175,8.184443,1725,-108,-18.5,-109,-17,,,4,24
0,21685,372,00:53.0,0,6670338,,,-99.6,-14.9,80.37872,7.49087,1725,-101,-14.5,,,,,5,18
30,20193,354,01:23.0,30,5538818,5297408,,-106,-12,79.892592,7.074075,1725,-110,-15,-111,-16.5,,,8,8
0,25766,114,00:23.0,0,6598658,,,-104.2,-14.3,80.601396,9.368051,1725,-108.8,-17.6,,,,,8.2,14
10,23079,269,00:07.0,10,5623552,,,-116,-15,80.523535,7.962453,1725,-119,-15.5,,,,,6,48
10,23079,269,00:18.0,10,6453013,5623562,6658305,-112,-15,80.555274,7.954473,1725,-113,-16,-114,-17,-121,-20,5,85
0,24641,274,01:55.0,0,6308098,,,-99,-13.8,80.088128,7.138677,1725,-102.3,-16,,,,,8,4
22,21115,127,00:49.0,22,5405452,,,-96,-14.3,80.410118,8.333669,1725,-103.3,-18.5,,,,,7,2
21,21115,400,01:58.0,21,5405472,5405451,5405470,-100,-18.5,80.40963,8.332972,1725,-102,-17.5,-104,-17.5,-104,-18,8,1
21,21115,400,01:26.0,21,5405451,5405472,5405442,-98,-18.5,80.409911,8.332811,1725,-101,-18,-102,-16.5,-103,-18.5,9,0
91,27394,230,01:10.0,91,6050138,,,-103.8,-12.4,79.735173,8.043403,525,-109.8,-17.2,,,,,8.6,16.3
12,20254,386,01:21.0,12,6350081,6350080,,-88,-14,79.893099,6.984463,1725,-87,-13.5,-94,-20,,,,
0,20015,150,00:53.0,0,5233410,7051521,5120788,-87,-14,79.851903,6.912946,1725,-87,-13,-89,-15,-92,-18.5,6,1
3,21118,57,01:11.0,3,6548992,5795072,,-114,-16,80.814522,8.567373,1725,-117,-17.5,-122,-20,,,5,33
2,20424,128,00:05.0,2,5228547,,,-101.2,-11.7,81.557173,7.92234,1725,-106.2,-16,,,,,9.2,13.2
11,20424,126,00:34.0,11,5228575,,,-102,-12,81.560754,7.916014,1725,-109,-19,,,,,,6
11,20424,126,01:20.0,11,6130689,,,-107.5,-13,81.55189,7.900457,1725,-111,-17,,,,,7.5,18
2,20424,128,01:49.0,2,5228547,6294016,,-99,-11.5,81.551524,7.922552,1725,-106,-18,-107,-18.5,,,9,21
1,25629,115,01:13.0,1,5227294,5227274,,-108,-15,80.317615,8.165685,1725,-113.5,-18.3,-115,-19.3,,,6,13
2,26426,399,00:05.0,2,6765077,,,-86,-13.7,81.831171,7.405281,1725,-92.1,-17.8,,,,,10,3
30,24045,144,00:43.0,30,6127104,6903808,6130688,-118,-17,81.53006,7.948395,1725,-117,-16.5,-120,-19,-121,-19,,42
0,20559,114,01:58.0,0,5263136,,,-107.7,-12.9,79.874226,6.97739,1725,-113.5,-17.8,,,,,4.8,3.2
30,20303,327,01:05.0,30,5197569,,,-88.8,-13,81.72508,7.6871,1725,-94.4,-16.8,,,,,8,4.8
0,20530,27,01:41.0,0,5185537,5421056,,-95,-16,79.865893,6.879414,1725,-97,-19,-97,-18,,,,1
1,21193,169,00:01.0,1,5425408,,,-93.6,-11.8,79.855168,6.896274,1725,-99.8,-17.5,,,,,7.7,2.5
1,21193,169,00:44.0,1,6152704,,,-83.3,-11.7,79.857482,6.896162,1725,-87.7,-14.7,,,,,8.3,1
0,24227,98,01:18.0,0,5128962,,,-89.5,-11.5,79.859235,6.917432,1725,-95.3,-14.6,,,,,9.5,10
21,26426,236,00:00.0,21,6765058,6581506,,-103.5,-16.8,81.833376,7.403046,1725,-107.5,-18,-111,-18.8,,,6.5,4
30,24045,144,00:57.0,30,6127104,5229312,6130690,-99,-18.5,81.509549,7.944669,1725,-103,-20,-103,-20,-104,-20,,13
0,20195,330,01:35.0,0,5169940,,,-90,-11.4,79.891373,7.083915,1725,-96,-15.8,,,,,8,1.8
0,22689,309,01:28.0,0,6165248,,,-100,-11,80.365124,7.472954,1725,-110,-20,,,,,7,10
12,20254,386,00:11.0,12,5185056,,,-86,-10.5,79.89313,6.989318,1725,-93.4,-18,,,,,8.7,1.8
0,20697,339,00:13.0,0,5298453,,,-97.1,-15.8,79.950918,7.172452,1725,-98.1,-14.8,,,,,8.4,4.9
10,20303,212,00:34.0,10,5197598,6311168,6311190,-101,-11,81.729439,7.684346,1725,-108,-18.5,-110,-20,-110,-19.5,9,7
0,21443,31,00:31.0,0,5155586,5226498,,-107.3,-13.8,81.682273,7.300299,1725,-110,-16.3,-113,-18.9,,,7.3,13.7
2,20424,128,01:38.0,2,6155530,6127104,,-109,-15.5,81.50061,7.928342,1725,-110,-16.5,-116,-20,,,8,93
1,23129,214,01:51.0,1,5292300,5921024,,-101,-16.5,80.106832,6.969221,1725,-102,-17.5,-103,-18.5,,,,6
0,21846,95,00:25.0,0,5152002,5152022,,-84,-15.3,79.85038,6.919434,1725,-88,-16,-91,-18.8,,,8,1
0,23882,408,01:36.0,0,6344706,5155860,5820426,-98,-12,81.6993,7.730587,1725,-108,-20,-108,-20,-108,-20,11,5
0,24227,98,01:33.0,0,5128961,,,-97,-13,79.859753,6.915537,1725,-105,-20,,,,,,
30,24045,144,00:02.0,30,6127104,,,-107,-15,81.511033,7.945143,1725,-109.3,-17.7,,,,,6,28
30,24045,144,00:58.0,30,6127104,,,-107.5,-15.7,81.520258,7.951092,1725,-109.4,-17.5,,,,,5.3,36.9
20,20303,211,00:37.0,20,5197568,5232384,,-107,-17,81.729897,7.687151,1725,-109,-18.5,-110,-19,,,,10
12,20419,290,01:49.0,12,5227267,,,-101.8,-13.4,80.295405,8.154001,1725,-106,-16.4,,,,,9.9,9
3,21118,57,01:20.0,3,5406220,5787904,,-108,-16,80.819381,8.54828,1725,-108,-15.5,-113,-20,,,8,17
11,20424,126,01:02.0,11,6294017,5492500,5228289,-115,-14,81.564404,7.918381,1725,-121,-19,-124,-20,-124,-20,4,45
1,24604,65,00:29.0,1,6298624,,,-109.3,-16.5,80.665516,8.276113,1725,-110.5,-18.8,,,,,7,46
0,21846,95,00:17.0,0,5152002,5160982,5152000,-96,-15.5,79.851047,6.918792,1725,-96,-14.5,-99,-19,-104,-19.5,9,1
22,21115,127,00:05.0,22,5405472,,,-95.7,-13.3,80.409447,8.334422,1725,-101.9,-17.5,,,,,7.6,3.1
1,24586,445,01:44.0,1,6130690,6294018,6130688,-102,-15,81.53571,7.921171,1725,-108,-16.5,-108,-16.5,-109,-19,8,3
2,20424,128,01:32.0,2,5228547,,,-106,-12.3,81.557107,7.923398,1725,-110.3,-16,,,,,7.9,16
2,20424,128,00:21.0,2,6155530,6127104,,-113.5,-16.5,81.534511,7.945102,1725,-116.5,-19.3,-117.5,-19.8,,,4,95
1,24604,65,00:14.0,1,6298624,,,-107.1,-15.6,80.662758,8.276777,1725,-112.5,-18.8,,,,,7,30
1,21574,375,01:43.0,1,5411861,,,-102.5,-14.9,79.862457,7.064455,1725,-110,-19.4,,,,,11.5,7.3
1,24829,238,00:11.0,1,6486274,,,-110.7,-13.7,81.024415,7.63396,1725,-116,-17.8,,,,,8.3,19.7
2,26495,26,00:17.0,2,5908244,,,-112.6,-14.8,80.517538,7.97903,1725,-114.6,-16.6,,,,,7,15.3
2,25923,161,01:15.0,2,5290004,6636289,,-97.5,-13,79.958685,7.004338,1725,-97,-12,-101.5,-17.3,,,7.5,3
3,25629,346,01:38.0,3,5901826,,,-109.2,-14.2,80.311774,8.183876,1725,-108.8,-14.5,,,,,5,20
1,20212,439,00:43.0,1,5164055,,,-91,-12,79.876526,6.878044,1725,-96.5,-16.8,,,,,13.5,3
0,24227,98,00:10.0,0,5128962,7080450,,-87,-13.3,79.859292,6.919634,1725,-89,-14.3,-90.5,-14,,,4,25
10,24045,95,00:39.0,10,6127104,,,-108.7,-15.1,81.54078,7.952507,1725,-110.1,-16.6,,,,,6,75
3,20646,274,00:52.0,3,5302048,5539361,,-105.5,-13,79.936721,6.989843,1725,-108.5,-15.3,-111.5,-17.5,,,6,9
0,26244,399,01:41.0,0,4294967295,,,-104.2,-15.3,80.403356,9.34987,1725,-106.2,-17.7,,,,,12,21.7
0,25629,116,00:51.0,0,5901826,,,-102.6,-12.8,80.318115,8.17479,1725,-110.4,-17.7,,,,,6,14
2,20346,20,00:57.0,2,6156062,5208576,,-107,-17.5,80.052776,7.158797,1725,-102,-12.5,-104,-17.5,,,,6
0,25629,116,00:08.0,0,6561025,,,-110.8,-13.8,80.323999,8.167827,1725,-113.8,-16.9,,,,,5.5,17.7
91,27252,201,01:58.0,91,5764946,,,-104,-11.5,81.807018,7.359529,525,-116,-20,,,,,8,9
0,26618,297,01:02.0,0,7119362,,,-94,-15.5,80.007624,9.729156,1725,-98,-20,,,,,,41
0,24256,102,01:47.0,0,5238539,6209537,6428171,-107,-15,80.038084,6.908474,1725,-106,-14,-110,-17,-110,-19,,10
22,21115,127,00:10.0,22,5405472,,,-97,-12.7,80.409151,8.33484,1725,-101,-16,,,,,8,3.7
91,27394,230,01:25.0,91,6050138,,,-107.9,-12.5,79.732537,8.042884,525,-113.2,-15.7,,,,,6,21.4
81,27394,229,00:01.0,81,5781586,6741072,,-117,-16.5,79.728819,8.008312,525,-123,-20,-124,-18.5,,,4,73
0,20418,222,01:44.0,0,6269184,,,-98.5,-11,80.598728,8.041237,1725,-103.5,-15.5,,,,,8,4
0,20015,150,00:38.0,0,5120788,5233410,5233408,-88,-14,79.851953,6.914277,1725,-91,-17.5,-92,-16.5,-93,-17.5,6,1
1,24586,445,01:17.0,1,5228289,5493761,5228309,-121,-20,81.538333,7.925306,1725,-111,-12.5,-114,-16.5,-115,-17,1,42
2,23113,208,00:29.0,2,5318925,,,-103.5,-15,79.98392,9.724619,1725,-104.5,-16.8,,,,,,17.5
2,23113,208,00:27.0,2,5318925,,,-109,-15,79.984192,9.732189,1725,-108,-14.5,,,,,7,12
3,21118,57,01:45.0,3,5406208,5406228,,-108,-16.5,80.831193,8.555469,1725,-107,-16,-112,-20,,,8,12
11,20424,126,00:19.0,11,5228575,,,-104,-12,81.560892,7.915724,1725,-109,-17.5,,,,,,6
11,20424,126,00:24.0,11,6130689,,,-104.5,-12.3,81.552496,7.903269,1725,-112,-17.8,,,,,6.5,12.5
11,20424,126,01:43.0,11,5228289,,,-109,-15,81.538574,7.896301,1725,-108,-18,,,,,4,51
1,27027,28,01:49.0,1,5525761,4294967295,,-113,-17,80.146279,7.128781,1725,-120,-20,-121,-20,,,3,53
3,21585,112,01:55.0,3,4294967295,4294967295,5286656,-107,-17.5,80.135555,7.138055,1725,-107,-17.5,-109,-19,-113,-20,5,22
21,20803,313,01:05.0,21,5325569,5549313,5549314,-98.5,-18.5,80.364043,7.488461,1725,-98,-18,-98,-18.3,-98.5,-18.5,,4
1,20680,377,00:56.0,1,5994241,,,-96.2,-13.8,80.110214,7.1232,1725,-98.8,-15.5,,,,,9,6.5
22,25709,423,01:33.0,22,6581506,,,-96.2,-14.3,81.834063,7.412018,1725,-98.7,-15.9,,,,,7,1
3,21700,449,01:33.0,3,5215234,5215254,5327884,-104,-16.5,79.911245,8.979761,1725,-105,-15.5,-106,-16.5,-109,-16,13,7
0,25629,116,01:18.0,0,5901825,,,-114,-16.5,80.329329,8.172336,1725,-112,-15.5,,,,,6,23
1,26650,295,01:02.0,1,6822402,5284874,,-103,-15.5,79.870931,7.265231,1725,-105,-16.5,-105,-17.5,,,,7
0,25629,116,00:13.0,0,6561025,5901825,,-110,-14,80.326202,8.190965,1725,-115,-18.5,-115,-18.5,,,,39
2,26426,399,01:47.0,2,7177731,5222678,6581506,-105,-15.5,81.831476,7.404814,1725,-106,-16.5,-107,-16.5,-108,-18,,4
1,21193,169,00:55.0,1,6152704,,,-86,-10.8,79.857003,6.896203,1725,-92.8,-16.4,,,,,9,0.8
0,23882,408,01:08.0,0,6113793,6344706,5155860,-107.3,-13.5,81.698494,7.727286,1725,-107.3,-13.7,-117.7,-19.8,-118,-20,7,3
1,21193,169,01:48.0,1,5128193,5425408,,-110,-13,79.856301,6.896139,1725,-110,-12,-116,-13.5,,,5,1
1,25629,115,01:26.0,1,5227294,6561026,,-102,-13,80.311133,8.161068,1725,-112,-20,-114,-20,,,7,13
2,24273,387,00:19.0,2,6883862,,,-105,-12.3,79.923747,6.846863,1725,-113.5,-17.5,,,,,8.5,4
0,26618,297,00:16.0,0,6430466,,,-103.5,-14.3,80.022264,9.736096,1725,-107.4,-16.6,,,,,8,9.6
11,21115,401,01:27.0,11,5604608,5405954,,-112,-16.5,80.396742,8.336366,1725,-112,-17,-115,-19.5,,,5,24
91,27394,230,00:03.0,91,6050128,,,-105.5,-11.9,79.736541,8.043516,525,-112,-16.6,,,,,8.2,16.6
2,20483,186,01:51.0,2,6910720,7150336,5250583,-96,-18,79.85848,6.952493,1725,-94,-14.5,-100,-20,-100,-20,6,4
1,24604,65,00:41.0,1,5996034,,,-111,-14.5,80.665754,8.279215,1725,-115.5,-19.8,,,,,5.5,31.5
0,27658,30,00:13.0,0,7080449,5248277,,-108,-11.5,79.865157,6.918425,1725,-112,-14.5,-50,-17.5,,,6,1
0,25629,116,00:11.0,0,5901825,,,-111,-15.5,80.336396,8.175369,1725,-116,-20,,,,,6,38
0,23882,408,01:47.0,0,5820426,5766666,,-100,-12.5,81.70145,7.728693,1725,-103,-15.5,-106,-18.5,,,9,7
20,20301,222,01:43.0,20,5197056,,,-92,-13.8,80.414201,8.339848,1725,-94,-15.7,,,,,8,1
1,20056,15,00:39.0,1,5509378,5581568,5257238,-102,-15.5,79.84293,6.93295,1725,-104,-16.5,-104,-17.5,-107,-17.5,9,4
80,27107,89,01:18.0,80,5334894,,,-103.8,-12.2,81.27473,8.448222,525,-108.5,-16.5,,,,,8.3,14.3
0,23550,52,01:11.0,0,5328417,,,-121,-18.3,80.568529,7.795894,1725,-120.5,-17.5,,,,,2.5,70
3,25629,346,01:42.0,3,5227264,5904641,5969664,-110,-14,80.314703,8.195646,1725,-111,-15,-113,-17.5,-114,-18.5,,41
1,21193,169,01:22.0,1,5425408,6152724,5122818,-96,-11.5,79.854957,6.896732,1725,-98,-15,-99,-16,-103,-18,6,2
1,24604,65,00:59.0,1,6298624,,,-108.9,-14.5,80.663423,8.275221,1725,-113.2,-18.3,,,,,7,31.8
21,21115,400,01:58.0,21,5405462,5405441,,-101,-18,80.409636,8.332967,1725,-108,-20,-108,-19,,,8,1
22,21115,127,00:07.0,22,5197076,5405442,,-97,-13.5,80.409979,8.335027,1725,-104,-17.5,-105,-19.5,,,9,4
91,27394,230,01:15.0,91,6050128,,,-107.6,-12.6,79.736242,8.042218,525,-110.9,-14.8,,,,,10.1,18
3,21118,57,01:27.0,3,6548992,5795072,,-121.3,-16.3,80.825448,8.548708,1725,-120,-15,-122.7,-18,,,6,40.5
1,21193,169,01:03.0,1,6152724,6152704,6152706,-91,-12.5,79.85714,6.896043,1725,-94.5,-16.3,-95,-18,-97.5,-19.5,9.5,0.5
0,24227,98,00:50.0,0,5121024,5128962,,-89.7,-11.8,79.859453,6.914675,1725,-93.7,-16.8,-96.3,-17.8,,,6.5,2
0,25629,116,00:13.0,0,5227274,,,-113.5,-14.5,80.341356,8.189707,1725,-115,-15.3,,,,,5.5,55
3,25629,346,01:22.0,3,5227264,,,-105.6,-12.2,80.306881,8.179289,1725,-108.4,-15.6,,,,,6,55
0,23550,52,00:17.0,0,6028801,,,-103,-12.2,80.559203,7.748359,1725,-107,-16.3,,,,,6.7,16
2,24323,250,01:33.0,2,5297921,5175296,4294967295,-116,-19,79.893262,7.00436,1725,-116,-16.5,-118,-18,-120,-20,3,7
1,21148,194,01:58.0,1,6323969,5413888,,-115,-17,80.359985,7.442849,1725,-114,-17,-121,-20,,,7,15
0,26967,366,01:46.0,0,5493780,6903554,,-106,-13,81.523193,7.903083,1725,-107,-15.5,-113,-20,,,,3
10,23079,269,00:47.0,10,5908225,,,-110.7,-13,80.518268,7.952418,1725,-117.4,-17.8,,,,,7.8,38
0,25629,116,01:55.0,0,6561027,,,-109.8,-13.4,80.315222,8.175198,1725,-111.4,-14.8,,,,,6,9
0,25629,116,01:57.0,0,6561025,,,-111,-13,80.325214,8.173619,1725,-116,-18,,,,,5,21
0,25629,116,01:49.0,0,6561027,,,-102,-12.5,80.316592,8.173923,1725,-106,-16.5,,,,,6,10
2,21677,164,01:56.0,2,5549058,5549057,5549313,-82,-14.5,80.366194,7.486876,1725,-81,-14.5,-83,-13,-87,-19,,0
30,20303,327,00:06.0,30,5197569,,,-88.6,-12.5,81.725425,7.686278,1725,-93.9,-16.6,,,,,8.9,4.7
3,21585,112,01:10.0,3,6017536,4294967295,,-95,-14.5,80.131548,7.130436,1725,-103,-20,-103,-20,,,12,15
0,23520,180,01:54.0,0,5779202,5779222,,-111,-17.5,79.911898,7.144991,1725,-112,-16.5,-115,-18.5,,,7,13
21,21610,199,00:41.0,21,6235660,5532161,,-104,-11.5,79.975237,7.034273,1725,-109,-13,-111,-18.5,,,6,7
12,20649,131,00:41.0,12,5286176,6479872,5527328,-99,-15,80.138917,7.280152,1725,-100,-16,-102,-19,-105,-20,4,21
0,20421,48,01:39.0,0,5405461,6898975,,-108.7,-15.8,80.399256,8.322591,1725,-111,-17.3,-114,-19,,,5,23
0,24227,98,00:27.0,0,5143553,,,-91,-11.2,79.859186,6.91662,1725,-94,-12.5,,,,,5,2.5
1,25629,115,01:04.0,1,6561024,5901825,,-113.5,-14,80.324926,8.164273,1725,-120.5,-17,-123,-20,,,8.5,21
1,25629,115,00:12.0,1,5227294,,,-114,-12,80.316521,8.163767,1725,-120,-18,,,,,8,11
1,25629,115,01:56.0,1,6561026,,,-101.2,-14.3,80.311169,8.167609,1725,-99.6,-13.1,,,,,6.3,4.5
30,24045,144,01:36.0,30,6127104,,,-113.5,-14.3,81.521396,7.943413,1725,-117.3,-17.4,,,,,5.5,41.3
3,20646,274,00:32.0,3,5285377,,,-98.5,-13.5,79.936868,6.990225,1725,-104,-17.5,,,,,6,2
0,20559,114,01:55.0,0,6212108,6212118,5236480,-106,-16.5,79.876372,6.978042,1725,-105.5,-15.3,-107.5,-17,-109,-17.5,5.5,3.5
30,20303,327,01:30.0,30,5197569,,,-88.3,-13,81.725227,7.686871,1725,-92.9,-16.6,,,,,6.8,4.4
0,20697,339,01:28.0,0,5298453,,,-92.6,-15.1,79.951201,7.173282,1725,-95,-16,,,,,8.4,5.3
11,20015,123,01:42.0,11,5123871,5142037,5277954,-91,-15,79.851873,6.909662,1725,-93,-17,-94,-16,-94,-18,,2
3,21585,112,01:03.0,3,6017536,4294967295,,-119,-18,80.140857,7.129491,1725,-122,-20,-123,-20,,,8,15
2,23520,182,00:29.0,2,6021121,5208084,,-96,-13.5,79.90324,7.143364,1725,-99,-18,-99,-18.8,,,,4
22,24653,411,01:53.0,22,5231884,,,-89,-15,81.728213,7.678445,1725,-92,-18,,,,,,11
12,20649,131,01:14.0,12,6576128,,,-100.7,-13.1,80.136702,7.277416,1725,-105.5,-16.3,,,,,6.8,31.4
22,20077,415,01:31.0,22,5185538,6493462,6179841,-83,-16,79.860295,6.877356,1725,-81,-14,-85,-18,-88,-20,,5
0,24227,98,00:26.0,0,6202113,,,-87.7,-10.8,79.85881,6.91459,1725,-97.7,-18.3,,,,,11,1
1,25629,115,01:47.0,1,6561026,,,-95.8,-12,80.310925,8.167065,1725,-99.8,-16.4,,,,,5.5,5.5
0,20195,330,00:49.0,0,5289492,6288643,5282562,-105,-15,79.88957,7.087765,1725,-107,-17,-109,-17,-110,-20,5,7
0,20195,330,01:25.0,0,5289492,6158850,,-99,-11,79.888347,7.087161,1725,-105,-18,-106,-19,,,,8
12,20254,386,00:06.0,12,5185056,,,-87.7,-11.8,79.892081,6.988967,1725,-93.3,-16.8,,,,,8.5,3
2,21456,189,00:05.0,2,6107925,6565378,,-103,-16.5,81.712531,7.608835,1725,-102,-16.5,-103,-17.5,,,,40
21,20697,341,01:37.0,21,5298432,,,-89.2,-14.6,79.950425,7.17144,1725,-90.7,-15.8,,,,,7.8,6.4
1,23900,337,01:52.0,1,5335307,,,-106,-16,81.207034,8.585184,1725,-111,-17.5,,,,,10,4
1,24091,392,01:46.0,1,6167296,5309955,,-98,-16.5,80.014102,9.667016,1725,-101,-16,-104,-20,,,,
0,24227,98,00:52.0,0,5128962,,,-97.3,-10.8,79.859345,6.915115,1725,-101.7,-13.3,,,,,10,1
3,21585,112,00:58.0,3,6017536,,,-107.5,-15.5,80.142177,7.128681,1725,-114.5,-20,,,,,10.5,17
0,20195,330,01:42.0,0,5282562,,,-102.5,-13.3,79.890986,7.086821,1725,-110,-17.8,,,,,6.5,4.5
12,20254,386,00:34.0,12,5185056,,,-86.5,-13,79.892448,6.989956,1725,-92,-16.5,,,,,7,1.5
22,20771,347,01:53.0,22,5879809,5540875,,-108.1,-13.3,79.976563,9.748189,1725,-110.4,-16.5,-112.3,-18,,,6,15
0,20077,416,01:01.0,0,5185538,5139718,4294967295,-98,-11.5,79.863216,6.875413,1725,-103,-15.5,-103,-16.5,-105,-19,6,3
2,20819,246,01:27.0,2,5329685,,,-99,-14,79.887811,7.297479,1725,-106,-16,,,,,11,0
1,20125,28,00:48.0,1,5914902,6215424,5160960,-103,-15,79.850664,6.917132,1725,-106,-18,-107,-18,-108,-18.5,,2
0,24227,98,01:19.0,0,5124096,,,-75.5,-8.8,79.858957,6.915224,1725,-83,-15.3,,,,,12,1.5
1,21193,169,00:23.0,1,5425408,5121795,,-83,-12.5,79.855997,6.896189,1725,-85,-16,-88,-19,,,6,1
0,23882,408,00:36.0,0,5820426,,,-103.6,-12.8,81.700598,7.729601,1725,-110.2,-18.2,,,,,8.4,6.4
0,23225,115,01:21.0,0,6114817,5820427,5229570,-112,-16.5,81.638166,7.723309,1725,-111,-16,-112,-18,-113,-18,6,22
2,21456,189,00:23.0,2,5492736,,,-93.7,-14,81.71249,7.608801,1725,-97.7,-17,,,,,7.3,10.7
21,21115,400,00:03.0,21,5405451,5405472,5405442,-103,-19,80.41021,8.332633,1725,-103,-16.5,-106,-19.5,-109,-19.5,8,0
12,20393,259,01:55.0,12,5220630,,,-95.5,-13.8,80.497242,8.752305,1725,-99,-15.5,,,,,9,0
32,20393,345,01:59.0,32,5337366,5337346,,-94,-14,80.496037,8.752065,1725,-97,-17,-100,-19.5,,,8,3
30,20303,327,00:47.0,30,5197569,6124034,,-101,-12.8,81.726322,7.686392,1725,-106.3,-17.3,-107.7,-18.2,,,6.8,5.3
0,20731,375,01:59.0,0,7170326,7170306,,-108.5,-15.3,79.840935,7.217916,1725,-111,-17.5,-112,-18,,,8.5,4.5
11,20015,123,01:42.0,11,5123871,,,-71,-11.2,79.851585,6.911245,1725,-74,-14.7,,,,,9,1
0,20015,150,01:27.0,0,7051521,5120788,5233410,-86,-13,79.851889,6.913777,1725,-86,-14.5,-89,-16,-91,-19.5,4,1
2,23113,208,01:51.0,2,5916928,,,-99.4,-12.9,79.983392,9.740211,1725,-107,-18,,,,,13.3,6.8
21,23113,431,01:36.0,21,6046976,5995029,,-103,-11,79.994198,9.73438,1725,-114,-19.5,-114,-20,,,8,13
2,23113,208,01:36.0,2,5317378,,,-113,-16.5,79.978141,9.72983,1725,-117,-19.5,,,,,7,22
22,25709,423,01:14.0,22,5196830,5222942,,-103,-15,81.8327,7.41439,1725,-109,-19.5,-110,-20,,,,
2,20212,440,00:55.0,2,5164055,5164064,,-101,-14.5,79.874963,6.875807,1725,-104,-14.5,-107,-18,,,7,4
1,20056,15,00:29.0,1,5257238,5509378,5581568,-102,-15,79.843265,6.933101,1725,-104,-14,-106,-16.5,-109,-17,9,4
80,27107,89,00:53.0,80,5334894,,,-106.3,-11.6,81.273924,8.446504,525,-111.7,-15.6,,,,,11,12.8
0,24227,98,00:27.0,0,5128962,,,-89.7,-12,79.860627,6.917522,1725,-91,-13.3,,,,,8,7
3,25629,346,00:45.0,3,5227264,5904641,,-108,-13.5,80.312641,8.196154,1725,-111,-16,-113,-18,,,,40
1,21193,169,00:06.0,1,5425408,6152724,5122050,-98,-13.5,79.855922,6.896661,1725,-102,-17.5,-102,-18.5,-105,-16.5,8,2
22,20193,90,01:56.0,22,5169410,5290762,5289728,-88,-13.5,79.89308,7.064346,1725,-93,-18,-94,-18,-96,-19.5,,7
0,24227,98,00:00.0,0,5128962,,,-83.6,-12.8,79.859677,6.915534,1725,-88.8,-16.2,,,,,9.5,1.5
0,22689,309,01:10.0,0,6392066,5323777,6381569,-106,-13.5,80.365375,7.474902,1725,-110,-16.5,-112,-18.5,-113,-18,,
21,20814,222,01:11.0,21,5328395,5328414,5328386,-98,-15.5,80.570878,7.761079,1725,-103,-17.5,-105,-19.5,-106,-20,6,3
0,20253,280,01:49.0,0,5139733,,,-96,-12,79.861485,6.86986,1725,-102,-18,,,,,,3
1,24604,65,00:44.0,1,6298624,5996034,6170369,-121,-19,80.667769,8.282442,1725,-122,-17,-124,-18,-126,-20,,26
22,21115,127,01:16.0,22,5405472,,,-101.9,-14.9,80.410377,8.334437,1725,-106,-18.1,,,,,5.8,3
1,24604,65,01:12.0,1,5996034,6298624,,-111,-14,80.664572,8.282465,1725,-115,-19,-116,-19.5,,,6,26
11,20424,126,01:06.0,11,6130689,,,-105.9,-12.9,81.552181,7.904693,1725,-109.6,-15,,,,,7.5,23.7
2,27658,32,00:07.0,2,5123606,,,-97.5,-11,,,1725,-99.5,-13,,,,,10,1
0,27658,30,00:53.0,0,5123585,5123604,5249794,-99,-15,79.865608,6.92019,1725,-104,-19.5,-104,-20,-106,-20,,4
2,27658,32,01:12.0,2,5234689,6206977,,-114,-18,79.856589,6.917488,1725,-113,-16,-113,-17.5,,,4,6
22,25709,423,01:08.0,22,6581506,,,-85,-14.5,81.833153,7.412387,1725,-83,-12.5,,,,,,1
2,20815,99,01:51.0,2,5328671,,,-100.5,-12.3,80.654641,7.856472,1725,-105.4,-17.1,,,,,7,6.8
2,20212,440,01:37.0,2,4294967295,,,-106,-13.5,79.873072,6.877988,1725,-107,-14,,,,,12,3
2,20212,440,00:18.0,2,5164055,,,-104,-14.5,79.873121,6.877892,1725,-112,-18.5,,,,,8,3
1,25629,115,01:30.0,1,5227285,,,-97,-12.5,80.311044,8.150516,1725,-104,-14.5,,,,,8,29
0,25629,116,01:53.0,0,6561025,5227294,,-105,-16,80.324743,8.166023,1725,-104.7,-16.3,-109.7,-20,,,4,20
0,23225,115,01:27.0,0,5229570,,,-108,-15.5,81.638804,7.724755,1725,-110,-18,,,,,6,22
21,20814,222,01:06.0,21,5328385,5328395,,-99,-14.5,80.570878,7.761079,1725,-102,-17,-102,-18,,,5,3
0,20697,339,00:15.0,0,5298433,,,-95.4,-13.2,79.950445,7.171818,1725,-99.4,-16.2,,,,,12,4.7
1,21129,112,01:25.0,1,5295903,,,-110.5,-16.8,79.949552,6.983585,1725,-112,-18,,,,,4.5,16
80,26618,6,00:02.0,80,5194322,,,-111.3,-15.5,80.023333,9.747583,525,-114.7,-17,,,,,8.7,10.3
91,27394,230,00:23.0,91,6050138,,,-108.8,-13.9,79.734661,8.041047,525,-113.6,-18.7,,,,,9,22.5
81,27394,229,01:34.0,81,6025297,,,-110.7,-13.2,79.734552,8.034908,525,-114.7,-16.5,,,,,4,31.5
0,20015,150,00:40.0,0,5120788,5233410,7051521,-88,-15,79.851939,6.914169,1725,-91,-18,-92,-15,-93,-16,6,1
0,24227,98,00:06.0,0,5128962,6202113,,-96,-13.5,79.859454,6.914778,1725,-104,-19.5,-106,-20,,,,
2,26426,399,00:38.0,2,6765077,,,-91.3,-14.5,81.831391,7.404876,1725,-95.5,-18,,,,,9,1.5
1,25629,115,00:49.0,1,6561024,,,-108,-12.5,80.323792,8.165765,1725,-112,-16.8,,,,,7,17
1,25629,115,00:44.0,1,5227294,5227274,,-108,-14,80.318001,8.164671,1725,-111,-17,-113,-18.5,,,,12
3,25629,346,00:05.0,3,5901826,5601035,5227264,-113,-15,80.306682,8.182145,1725,-113,-14.5,-116,-17,-118,-19,6,24
0,20195,330,00:59.0,0,5289492,,,-101,-11.5,79.889682,7.087166,1725,-109,-19,,,,,9,6
0,20195,330,00:01.0,0,5282562,,,-95,-10,79.890129,7.087831,1725,-103,-20,,,,,8,6
10,20303,212,00:48.0,10,5197588,,,-96,-13.2,81.727535,7.685349,1725,-98.7,-16,,,,,6,7
30,20303,327,00:13.0,30,5197569,,,-88.4,-12.8,81.724852,7.686572,1725,-93.8,-16.3,,,,,8.7,4.5
0,20731,375,01:57.0,0,6290432,,,-102.7,-15.3,79.841613,7.218431,1725,-108.7,-19.7,,,,,9.7,5.7
0,23520,180,00:26.0,0,5779202,5411596,,-108,-17,79.912503,7.145019,1725,-111,-20,-115,-20,,,6,13
12,24860,405,01:43.0,12,6371841,5194528,6364182,-110,-15.5,79.855505,7.242579,1725,-112,-17,-114,-18.5,-114,-19,6,13
0,20697,339,00:50.0,0,5285890,,,-101,-17.1,79.951084,7.175702,1725,-94,-13.3,,,,,11,6.5
21,21686,349,01:09.0,21,6930689,,,-94,-12.3,80.214046,7.428809,1725,-96.7,-15.3,,,,,7,8
20,25786,235,01:43.0,20,5283607,,,-99,-14,79.982546,7.046867,1725,-102,-3,,,,,,9
0,27658,30,00:44.0,0,5123585,5248277,5248257,-107,-15,79.866085,6.917796,1725,-105,-15.5,-60,-18,-110,-20,,4
22,20160,169,01:56.0,22,5278978,,,-89,-12.5,79.852357,6.912812,1725,-101,-20,,,,,,
0,25488,426,01:03.0,0,5292546,,,-106.7,-13.2,80.080457,7.028157,1725,-108.5,-15.4,,,,,6.4,14.6
2,21443,30,01:04.0,2,5489439,,,-99.2,-14.4,81.669825,7.305138,1725,-100.3,-14.7,,,,,11.6,7
1,24586,445,01:26.0,1,6130690,,,-101.3,-14.6,81.537024,7.920477,1725,-105,-17.4,,,,,8.3,7.8
2,20424,128,01:54.0,2,5228547,,,-102.6,-12.1,81.556625,7.920147,1725,-106.6,-15.6,,,,,7.8,13.1
2,20424,128,00:41.0,2,5228575,,,-103,-13.3,81.558751,7.916561,1725,-104,-14.5,,,,,6.5,9.3
0,20687,391,00:56.0,0,6322434,,,-103.4,-12.7,79.964732,6.99006,1725,-107,-15.8,,,,,10,9.3
0,21443,31,00:53.0,0,5155586,5226498,,-108.6,-14.9,81.681813,7.300034,1725,-110.9,-16.9,-113.3,-19.6,,,9,13
0,21443,31,01:18.0,0,5226498,,,-96.7,-12.7,81.686432,7.298462,1725,-104,-19.7,,,,,5,17.5
11,20424,126,01:42.0,11,5228318,,,-96,-12,81.554859,7.903502,1725,-101,-16,,,,,10,31
2,20424,128,01:00.0,2,5228547,,,-100.2,-12.1,81.557437,7.920473,1725,-105.1,-16.4,,,,,10.8,12.4
0,20687,391,01:00.0,0,5999363,5295904,5882114,-105,-16.5,79.963638,6.994404,1725,-105,-16.5,-105,-16.5,-106,-17,,14
0,21846,95,00:35.0,0,5152002,5152022,,-97,-16.5,79.850222,6.92018,1725,-97,-17,-97,-18.5,,,,
2,26495,26,00:27.0,2,5908244,6782720,,-106.5,-15.5,80.522273,7.983768,1725,-109.3,-17.9,-111,-18.6,,,7,10
0,23520,180,01:40.0,0,5779222,5894422,,-107,-16,79.915635,7.144546,1725,-110,-17,-113,-19,,,,17
11,20424,126,01:37.0,11,5228318,,,-97,-12,81.554859,7.903502,1725,-100,-16,,,,,9,31
1,24829,238,01:41.0,1,6205440,7175168,6486272,-121,-20,81.04674,7.646593,1725,-124,-20,-125,-20,-125,-20,7,54
2,24586,446,01:44.0,2,6130690,6903828,5766913,-108,-15.5,81.534095,7.922027,1725,-111,-16,-115,-20,-116,-20,9,9
0,21846,95,01:14.0,0,5152002,5152022,,-81,-14,79.850906,6.919153,1725,-86,-18,-86,-18.5,,,9,1
22,21115,127,01:24.0,22,5405472,5197076,,-110,-13.5,80.409337,8.334514,1725,-113,-16,-115,-18,,,,4
2,20424,128,00:08.0,2,5228547,,,-102.9,-11.9,81.556396,7.92242,1725,-107.8,-15.8,,,,,9.9,13.7
30,20303,327,00:56.0,30,5197569,,,-87.1,-12.6,81.725158,7.685774,1725,-91.4,-15.2,,,,,9.4,5
0,20418,222,01:26.0,0,5227018,,,-105,-17,80.597348,8.039876,1725,-108,-17,,,,,,
2,20424,128,01:54.0,2,5228575,6294016,,-107,-13,81.559353,7.915376,1725,-110,-17,-113,-18,,,6,8
2,20424,128,01:15.0,2,5228547,,,-99.2,-11.8,81.558614,7.921093,1725,-104.5,-16,,,,,9,10.5
2,20424,128,01:33.0,2,5228547,,,-99,-12,81.555839,7.921506,1725,-103.7,-15.6,,,,,8.8,15.9
2,20424,128,00:01.0,2,6155530,6127104,,-114,-16.5,81.533775,7.944341,1725,-115,-17.8,-117.5,-18.5,,,5,95
1,24604,65,01:36.0,1,6298624,,,-112,-15.2,80.663689,8.278939,1725,-114.9,-18.1,,,,,7,23.6
3,24157,57,01:35.0,3,5195030,,,-100.1,-12.7,79.849203,7.211115,1725,-105.1,-17.3,,,,,9.3,3
1,23925,386,01:37.0,1,5912832,,,-96.4,-15.7,81.346935,7.548668,1725,-96.2,-14.7,,,,,7.3,2.8
22,21115,127,00:35.0,22,5405472,,,-91.1,-13.4,80.409732,8.334572,1725,-95.6,-16.6,,,,,7.9,3.7
2,20424,128,00:21.0,2,6130688,,,-104,-12.5,81.547324,7.919061,1725,-109,-17.5,,,,,5,25
2,20424,128,00:32.0,2,5228575,,,-101.3,-13.2,81.562204,7.917804,1725,-101.3,-14,,,,,8,4.5
3,21585,112,00:58.0,3,5525790,5291786,,-109,-14,80.123612,7.138567,1725,-113,-18,-114,-19,,,4,16
0,27658,30,00:20.0,0,5248277,,,-86,-16,79.865085,6.918404,1725,-40,-12.5,,,,,7,2
0,27658,30,00:05.0,0,5146882,6906881,5123585,-91,-10,79.86524,6.916671,1725,-97,-15.5,-99,-15,-101,-20,7,3
22,20160,169,01:52.0,22,5592577,5592597,,-82,-12,79.85045,6.915885,1725,-90,-15,-92,-18.5,,,9,5
0,25488,426,00:58.0,0,5292546,,,-107.3,-12.8,80.081042,7.028977,1725,-112.2,-17.7,,,,,8.5,14.6
2,27658,32,01:43.0,2,5234688,,,-74,-11.6,79.861419,6.919201,1725,-79,-15.1,,,,,9,1
1,23925,386,00:43.0,1,5912832,6124802,,-108,-20,81.354123,7.535692,1725,-102,-14,-107,-18.5,,,5,12
81,27394,229,00:19.0,81,6025297,,,-109,-13,79.733691,8.036189,525,-112.5,-16,,,,,6.5,31
10,23079,269,00:39.0,10,5618945,6782722,,-106,-17,80.50699,7.96957,1725,-111,-20,-115,-20,,,4,38
1,24829,238,00:22.0,1,7175171,6486273,,-112,-17,81.032309,7.624679,1725,-111,-14.5,-113,-18.5,,,6,37
2,20424,128,01:55.0,2,6130688,,,-97,-13,81.535879,7.917143,1725,-99,-15.5,,,,,7,41
2,20424,128,01:24.0,2,5228575,5228555,6294016,-102,-19,81.560386,7.91472,1725,-96,-12.5,-108,-20,-108,-20,11,8
2,20424,128,00:59.0,2,6294016,,,-104,-14,81.553296,7.918948,1725,-107,-16.8,,,,,7,20.5
0,21846,95,01:22.0,0,5152022,,,-83.2,-14.8,79.850371,6.919407,1725,-86.2,-17.3,,,,,10.8,1
12,20393,259,01:33.0,12,5220630,5337346,5220640,-97,-14,80.497376,8.75198,1725,-100,-17,-101,-18.5,-103,-20,,0
2,20424,128,01:49.0,2,5228547,,,-100,-11.8,81.556945,7.920927,1725,-104.8,-16.4,,,,,9.5,12.9
11,20424,126,01:27.0,11,5228318,,,-97,-12.5,81.554859,7.903502,1725,-102,-16,,,,,10,31
2,20424,128,01:18.0,2,5228547,,,-106.5,-12,81.556012,7.919885,1725,-110.5,-15.8,,,,,8.2,16.1
2,20424,128,00:25.0,2,5228547,,,-99.9,-11.7,81.557161,7.920983,1725,-105.1,-15.5,,,,,8.2,13.3
1,24091,392,01:50.0,1,6167296,5309954,5309955,-100,-20,80.013902,9.666483,1725,-104,-20,-104,-19.5,-105,-20,8,2
0,25629,116,01:47.0,0,6561025,,,-105.7,-12.8,80.328077,8.166206,1725,-111.7,-18.2,,,,,6.7,25
30,24045,144,01:13.0,30,6127104,,,-105,-14.6,81.521517,7.947163,1725,-109.8,-18.3,,,,,7.2,36.4
0,20195,330,00:56.0,0,5282562,6288643,,-96,-12,79.890727,7.087057,1725,-101,-17,-101,-17.5,,,8,6
10,20425,341,00:11.0,10,5228820,,,-96.9,-12.2,81.609558,7.78414,1725,-101.1,-16.3,,,,,9,4.6
3,20646,274,00:22.0,3,5285377,,,-99.9,-12.7,79.937252,6.990423,1725,-103.4,-16.1,,,,,6.8,2.5
0,22689,309,00:25.0,0,5326849,5413920,6165248,-107,-15.5,80.361481,7.469259,1725,-107,-13.5,-110,-17.5,-112,-19,,
30,20303,327,00:46.0,30,5197569,,,-89.2,-13.8,81.724912,7.686607,1725,-91.6,-15.5,,,,,8,4.1
2,21456,189,01:27.0,2,6565378,,,-93,-12.3,81.701742,7.588363,1725,-99.5,-18.8,,,,,10,34
2,21456,189,00:37.0,2,5766145,6565378,,-101,-15,81.734107,7.5889,1725,-102,-16.5,-103,-18,,,,40
12,20649,131,00:31.0,12,6479873,5410836,,-102,-12.5,80.129818,7.272831,1725,-105,-15.5,-108,-18.5,,,,23
41,20649,370,00:02.0,41,5286186,,,-103.7,-12.5,80.127027,7.267964,3650,-108,-16.5,,,,,7.3,31
11,20015,123,00:06.0,11,5123871,,,-72,-14.2,79.851701,6.911051,1725,-72.8,-15,,,,,10.5,1.3
2,26426,399,00:26.0,2,5416960,4294967295,,-93,-16.5,81.830561,7.405197,1725,-95,-17.5,-98,-19,,,9,6
0,25629,116,01:34.0,0,5986818,,,-118.5,-20,80.342402,8.170144,1725,-114,-17,,,,,6,43
20,21150,165,01:58.0,20,5414401,5329155,6193153,-107,-14,81.010083,7.93805,1725,-110,-17.5,-110,-17,-110,-17,4,9
22,24653,411,01:57.0,22,6311170,5231894,6124033,-116,-17.5,81.72786,7.678376,1725,-118,-17.5,-118,-18.5,-120,-19.5,6,8
0,23550,52,01:50.0,0,6765826,5328386,,-105.3,-13.7,80.55578,7.744373,1725,-109.3,-19,-110,-19,,,7,8
2,22715,153,00:10.0,2,5808918,5808908,6308865,-109,-15.5,81.181795,8.669528,1725,-112,-17.5,-112,-18,-112,-17.5,10,8
1,24401,389,01:13.0,1,6246656,,,-95,-13,79.789228,7.585389,1725,-100,-19.5,,,,,9,2
1,24401,389,01:56.0,1,5218591,,,-93.5,-13.7,79.790358,7.582514,1725,-98.6,-16.7,,,,,10.7,3.8
12,20649,131,01:08.0,12,5286166,,,-105.3,-13.1,80.130615,7.274876,1725,-109.5,-16.6,,,,,6,25.7
1,20386,296,00:47.0,1,6380564,,,-93.5,-13,79.835748,8.027573,1725,-98.5,-17.3,,,,,,7
1,21653,176,00:53.0,1,5543189,,,-86.3,-10.1,80.009449,9.669662,1725,-93.8,-17.9,,,,,10.5,0
2,24586,446,00:41.0,2,6130690,,,-104.6,-16.1,81.522526,7.922641,1725,-107.8,-17.3,,,,,10,22.3
2,20424,128,00:17.0,2,5228575,6294016,,-99.5,-13.5,81.553873,7.914675,1725,-103,-16.5,-105.5,-17.8,,,5.5,19.5
2,20858,177,01:02.0,2,6731266,,,-104.8,-13.8,80.499338,8.762306,1725,-111.5,-16.5,,,,,9.5,2.3
2,20032,191,01:00.0,2,5149185,5425408,5128193,-90,-11,79.855222,6.89812,1725,-93.5,-14.8,-97.5,-16.8,-99.5,-18.8,6,2
22,25709,423,01:36.0,22,6765056,6581506,,-100,-16,81.828749,7.411798,1725,-101,-17,-103,-19,,,,
22,25709,423,01:02.0,22,5196830,5196801,,-98,-16,81.832545,7.41282,1725,-98,-18,-105,-20,,,,
0,25629,116,00:01.0,0,5901825,5794049,,-112,-14.5,80.335205,8.177237,1725,-116,-18.5,-117,-19.5,,,6,38
32,20104,200,00:19.0,32,5133056,,,-98.5,-12.8,79.879641,6.900465,1725,-104.5,-18.3,,,,,11,4
2,20212,440,01:46.0,2,5164055,5171200,,-102,-14,79.873312,6.875337,1725,-105,-16.5,-109,-20,,,5,3
3,20634,234,01:53.0,3,5282316,,,-105.3,-13.4,80.022387,7.221883,1725,-108,-17.4,,,,,8.3,10.8
32,20104,200,01:34.0,32,5424640,,,-81,-7.5,79.879469,6.901361,1725,-84,-9.5,,,,,12,1
80,27107,89,00:14.0,80,5334894,5334874,6977104,-112,-16.5,81.266776,8.454848,525,-111,-16,-115,-19,-115,-20,,
2,20125,29,00:52.0,2,5160982,5592577,5592597,-95,-19.5,79.852074,6.91689,1725,-87,-12,-92,-16,-92,-14.5,0,2
0,24227,98,01:13.0,0,6224130,,,-91.5,-10.8,79.858521,6.914073,1725,-98,-15.3,,,,,15,2
3,24157,57,01:03.0,3,7170306,,,-80,-20,79.846102,7.211359,1725,-82,-20,,,,,,
3,20646,274,01:28.0,3,5285378,5539361,,-111,-16,79.935353,6.988943,1725,-111,-15,-114,-18,,,,6
3,20646,274,01:22.0,3,5285378,,,-98.3,-12.2,79.936454,6.989677,1725,-103.7,-17.8,,,,,,3
2,25075,58,01:29.0,2,6044160,,,-112,-13,79.859462,7.664971,1725,-121,-20,,,,,8,31
0,25766,114,01:44.0,0,5545474,5545473,,-113,-17.5,80.579901,9.363315,1725,-114.5,-17.5,-120,-20,,,,27
2,20858,177,01:51.0,2,6731266,,,-99,-15,80.499566,8.762996,1725,-105,-18,,,,,9,4
21,20697,341,00:01.0,21,5285890,,,-97.3,-13.8,79.950674,7.170164,1725,-101.3,-16.7,,,,,5.7,12
0,24641,274,01:45.0,0,5207830,,,-102,-16.3,80.093785,7.139174,1725,-106,-17.5,,,,,7.5,6
11,21115,401,01:08.0,11,5492168,,,-98,-14.5,80.398759,8.336682,1725,-102,-18.5,,,,,7,18
11,21115,401,01:17.0,11,5604608,5609217,,-111,-16.5,80.394975,8.335606,1725,-112,-16.5,-114,-17.5,,,5,24
21,21115,400,01:41.0,21,5405472,5405451,5405470,-97,-17.5,80.409779,8.332889,1725,-100,-16,-100,-17,-102,-19.5,9,0
32,20393,345,01:58.0,32,5337347,5337367,,-92,-14,80.4987,8.754899,1725,-93,-11.5,-96,-18.5,,,7,4
91,27394,230,01:24.0,91,6050138,6050128,,-105.5,-11.8,79.735906,8.043207,525,-113.5,-19.5,-114.5,-19.5,,,8.5,16.5
3,21585,112,01:57.0,3,6918913,,,-114,-14.5,80.135555,7.138055,1725,-120,-20,,,,,8,13
3,21585,112,01:50.0,3,6918913,5525790,,-111,-13.5,80.135555,7.138055,1725,-119,-20,-123,-20,,,8,13
32,20104,200,00:09.0,32,5133056,,,-102.5,-13,79.880605,6.90006,1725,-105.3,-16.6,,,,,9,3.3
2,20212,440,00:03.0,2,5266709,5164055,,-90.5,-13,79.873482,6.87757,1725,-100.5,-18.8,-103.5,-20,,,7.5,3.5
2,20212,440,01:10.0,2,5164055,,,-99,-14.5,79.872861,6.878625,1725,-105,-16.3,,,,,9,3
20,26968,427,01:36.0,20,6507265,5766913,6294018,-109,-17.5,81.53248,7.914949,1725,-107,-15.5,-110,-18.5,-111,-19.5,,8
1,26650,295,01:18.0,1,5284874,6822402,,-102,-14,79.872402,7.264723,1725,-105,-18,-106,-16.5,,,,6
80,27107,89,00:09.0,80,5334894,,,-107.6,-12.5,81.27124,8.446773,525,-109.3,-14.6,,,,,,17
0,20180,309,01:51.0,0,6210304,5166113,5136150,-101,-16,79.865124,6.853186,1725,-104,-19,-104,-19,-106,-20,,2
3,21585,112,00:51.0,3,4294967295,6918913,,-119,-16,80.143271,7.130769,1725,-124,-18,-127,-20,,,6,16
3,25629,346,01:48.0,3,6561026,5904641,,-117,-16.5,80.285957,8.182955,1725,-118,-17,-118,-18,,,,42
0,21705,313,00:27.0,0,6180096,,,-82,-10.2,80.651732,7.873627,1725,-92.3,-15.7,,,,,10,3
12,20300,259,01:15.0,12,5222933,,,-98.3,-13.3,81.825245,7.41787,1725,-103.7,-16,,,,,8,4
1,25629,115,01:14.0,1,5227294,,,-112.5,-14,80.318815,8.162978,1725,-120,-19.8,,,,,6,17.5
0,21657,93,01:56.0,0,5317889,,,-94,-15.5,80.083698,9.688558,1725,-96,-15,,,,,,70
0,26618,297,00:57.0,0,5916929,,,-94,-16.5,80.007624,9.729156,1725,-96,-19,,,,,,
91,27394,230,00:47.0,91,6025296,7012945,6025297,-115,-15,79.747653,8.05509,525,-117,-16,-120,-19.5,-124,-20,6,24
2,23694,223,00:15.0,2,6065686,,,-95.4,-13.3,79.965311,7.002309,1725,-96.1,-14.3,,,,,5.8,6.8
1,24604,65,01:33.0,1,5619456,,,-96,-15,80.646249,8.27319,1725,-108,-20,,,,,10,10
0,21846,95,01:32.0,0,5152022,,,-83.9,-14.7,79.850691,6.919297,1725,-87.7,-17.7,,,,,12.5,0.6
2,27658,32,00:17.0,2,5123606,,,-79.3,-10.8,,,1725,-85,-14.8,,,,,10,1.5
22,25709,423,01:18.0,22,6581506,,,-91,-15.3,81.834233,7.412242,1725,-90.5,-15,,,,,,1
0,25629,116,00:58.0,0,5901826,,,-101.2,-12.9,80.317343,8.170755,1725,-107.8,-18.6,,,,,5.7,11.5
2,20212,440,01:22.0,2,4294967295,,,-107,-13.5,79.873072,6.877988,1725,-105,-9.5,,,,,12,3
20,20301,222,01:23.0,20,5405953,5197057,,-86,-11.5,80.412788,8.33779,1725,-86,-13,-92,-17.5,,,,4
22,20301,223,01:39.0,22,5405952,,,-87,-12.5,80.41217,8.340851,1725,-90,-14,,,,,7,4
80,27107,89,01:03.0,80,6939482,,,-70,-12,81.269233,8.446811,525,-77,-19.5,,,,,3,4
21,26426,236,01:25.0,21,7177731,4294967295,5224991,-115,-18,81.833894,7.404378,1725,-116,-19.5,-119,-16.5,-119,-20,,6
21,26426,236,00:35.0,21,7177730,5222656,5222688,-110,-18.5,81.833846,7.402026,1725,-110,-18.5,-111,-18,-111,-19,6,7
3,25629,346,01:48.0,3,6561026,,,-116,-16,80.286024,8.183046,1725,-117,-17,,,,,,42
1,21193,169,01:13.0,1,6152724,5121301,5121281,-103,-13.5,79.856157,6.894915,1725,-103,-14.5,-104,-14.5,-105,-16,5,2
1,21193,169,01:55.0,1,6152704,7046144,6152724,-70,-11,79.856836,6.895601,1725,-74,-15,-74,-18,-76,-17,8,2
1,21193,169,01:52.0,1,5121795,5425408,,-87,-11.5,79.85569,6.896456,1725,-90,-13,-91,-17,,,9,3
22,20193,90,01:43.0,22,5290762,5290782,,-107.7,-15.7,79.894263,7.066358,1725,-110,-18.3,-112.3,-19.8,,,8,14.5
80,27107,89,00:41.0,80,5334894,,,-109.7,-13.7,81.273707,8.447833,525,-110,-15.5,,,,,7.3,15.7
32,20104,200,00:45.0,32,5146625,5146636,,-100.5,-13.3,79.880886,6.899653,1725,-104.5,-17.3,-107,-18.8,,,6,4
0,21705,313,00:16.0,0,6180096,,,-95,-12.5,80.650922,7.874288,1725,-100,-15,,,,,9,1
22,20300,258,00:16.0,22,5196832,5196812,,-108,-14,81.825884,7.414243,1725,-109,-15.5,-110,-16,,,6,0
1,25629,115,01:31.0,1,5227294,,,-108.3,-16.5,80.314293,8.162915,1725,-110,-18,,,,,7,13
1,23068,91,01:20.0,1,5176342,,,-92,-14,79.876515,6.862467,1725,-99,-19,,,,,11,1
0,20253,280,00:58.0,0,5205268,6914818,,-96,-12,79.862879,6.869973,1725,-101,-16,-102,-18,,,7,2
1,21129,112,01:31.0,1,5302026,5295903,,-110,-15.5,79.949061,6.983217,1725,-113,-19,-114,-20,,,5,16
21,21115,400,01:38.0,21,6898945,,,-104.7,-13.2,80.402956,8.33335,1725,-109.3,-16.7,,,,,,10
1,20254,199,00:00.0,1,6189059,5175298,,-110,-13,79.895253,6.990289,1725,-115,-16.5,-117,-17.5,,,,
0,25629,116,00:20.0,0,5227294,5901825,,-112,-13.5,80.339582,8.163423,1725,-117,-18.5,-120,-20,,,6,38
3,25629,346,01:00.0,3,5901826,5227264,,-111,-15,80.302668,8.182264,1725,-111,-14.8,-113,-17,,,6.5,27.5
0,20421,48,00:04.0,0,5405461,,,-98,-15.5,80.395412,8.335613,1725,-97,-15.5,,,,,1,24
0,20559,114,01:57.0,0,5236480,,,-107,-13.5,79.876168,6.977805,1725,-112,-18.5,,,,,6,3
20,20303,211,00:04.0,20,5232416,,,-109.5,-12.5,81.729817,7.686836,1725,-116,-18.8,,,,,,9.5
3,24157,57,01:33.0,3,6184214,6290433,,-84,-16,79.848618,7.210279,1725,-91,-20,-92,-20,,,,
3,24157,57,01:09.0,3,5195030,,,-96.7,-14.6,79.849123,7.211218,1725,-102.7,-18.7,,,,,8,3.3
2,20858,177,01:49.0,2,5339649,,,-88.1,-14.1,80.499119,8.761857,1725,-93.1,-16.9,,,,,11.2,1.8
12,20649,131,00:56.0,12,6576128,5410836,,-95,-15,80.124239,7.269252,1725,-96,-16,-96,-17,,,,32
12,20649,131,00:57.0,12,6659840,,,-106,-15.5,80.148566,7.270976,1725,-106,-15.5,,,,,8,17
0,23520,180,01:33.0,0,5779202,,,-105.5,-16.5,79.912543,7.144871,1725,-109,-18.5,,,,,6.5,12.5
1,26939,105,01:28.0,1,5779978,5223434,,-106.4,-15.5,81.854136,7.227419,1725,-107.2,-16.3,-110.2,-18.6,,,9,10.3
91,27394,230,01:22.0,91,4294967295,,,-95.2,-12.8,79.732816,8.047375,525,-99.2,-16.2,,,,,7.5,11.3
10,20386,294,00:04.0,10,6380564,,,-102.3,-13,79.838566,8.031859,1725,-107,-17.2,,,,,8,11.5
10,20386,294,00:43.0,10,6204171,6380554,5562902,-101,-16,79.84254,8.023204,1725,-99,-16,-105,-19.5,-105,-20,,
0,20421,48,01:02.0,0,5197077,5604608,5405954,-111,-20,80.397606,8.317338,1725,-110,-19.5,-110,-20,-112,-20,2,27
1,21129,112,00:46.0,1,5295903,,,-108,-14.5,79.950313,6.983707,1725,-108,-12.5,,,,,7,16
1,24586,445,00:54.0,1,5493761,5228289,5228555,-112,-20,81.533374,7.897234,1725,-111,-19,-112,-20,-113,-20,4,43
21,21115,400,00:22.0,21,5405451,,,-104.3,-13.8,80.405927,8.33384,1725,-111,-19.7,,,,,5.7,8.7
21,21115,400,00:36.0,21,5405451,,,-114,-13.5,80.404696,8.332421,1725,-118,-17.5,,,,,,13
1,21766,210,00:53.0,1,5337622,,,-116,-15.5,80.463273,8.754603,1725,-117,-18,,,,,5,36
2,23113,208,01:51.0,2,5317397,,,-105,-11,79.985192,9.737616,1725,-113,-19.5,,,,,6,7
12,20687,269,01:01.0,12,6253333,,,-99.5,-12.3,79.955539,6.993604,1725,-101.7,-13.7,,,,,7.5,11.5
0,21464,51,01:27.0,0,5340418,,,-89,-14.7,79.877537,6.887886,1725,-90,-15,,,,,8,0.5
11,20424,126,00:55.0,11,5228298,,,-110,-15,81.561904,7.910092,1725,-118,-20,,,,,7,13
1,23925,386,01:39.0,1,5878786,5912834,,-117,-14.5,81.325668,7.553908,1725,-121,-18.5,-121,-18.5,,,5,27
1,23925,386,00:16.0,1,5912834,,,-103.3,-15.6,81.338722,7.543148,1725,-105,-16.9,,,,,7.4,20.6
80,20015,273,01:05.0,80,5123951,5123931,,-69,-11.5,79.851269,6.910981,525,-72,-15.5,-77,-20,,,6,0
22,21115,127,01:57.0,22,5197078,5197087,,-105,-13,80.405943,8.341564,1725,-109,-17,-112,-20,,,,16
21,21653,174,00:33.0,21,6167297,6564609,,-89,-14.5,80.013307,9.665761,1725,-90,-14.5,-96,-20,,,6,8
20,20303,211,01:02.0,20,5231637,,,-91.8,-11.6,81.728167,7.687133,1725,-97.8,-17.1,,,,,7,7.5
21,21653,174,01:17.0,21,6564610,7164949,5309954,-100,-16.5,80.013165,9.666134,1725,-103,-19,-103,-19,-104,-20,3,7
2,20424,128,01:28.0,2,5228547,,,-101.6,-11.8,81.556318,7.919813,1725,-106.9,-15.9,,,,,8.8,14.3
3,21585,112,01:49.0,3,4294967295,,,-106.6,-15.1,80.139456,7.132397,1725,-108.9,-17.6,,,,,6.3,16.4
2,25923,161,01:08.0,2,5301762,,,-100,-12.8,79.95776,7.004786,1725,-107,-19.3,,,,,5.5,2.5
22,25709,423,01:32.0,22,5895436,5488148,5224192,-99,-18.5,81.828313,7.411721,1725,-97,-17,-98,-17.5,-98,-17.5,,
0,25629,116,01:22.0,0,6561027,,,-107,-13.2,80.312792,8.174623,1725,-110.7,-16.5,,,,,8,9.5
20,20438,337,00:06.0,20,5155861,5155841,,-96,-13,81.69693,7.717427,1725,-98,-16,-98,-16,,,8,5
30,24045,144,00:03.0,30,6155521,,,-91.2,-13.2,81.503912,7.941253,1725,-99,-18.9,,,,,9.8,9.4
10,23079,269,00:58.0,10,6782722,,,-125,-20,80.510764,7.975159,1725,-120,-17,,,,,,
0,22689,309,01:09.0,0,5326849,,,-107,-13.5,80.359498,7.472909,1725,-109,-15.3,,,,,3,11
2,22715,153,01:16.0,2,5815040,6308866,6308865,-105,-16,81.200766,8.675808,1725,-104,-15.5,-106,-17.5,-106,-18,6,13
81,27394,229,00:59.0,81,7012946,6050129,,-101.4,-13.8,79.729222,8.046841,525,-101.2,-12.2,-106.4,-17.4,,,7,11.3
1,23113,430,00:09.0,1,5317396,5317377,,-98,-12,80.000472,9.734706,1725,-102,-16.5,-103,-17,,,8,19
11,20424,126,00:21.0,11,5228298,6294016,,-110,-15,81.562206,7.910252,1725,-114,-18,-117,-20,,,8,13
11,20424,126,00:50.0,11,5228298,,,-109,-14.5,81.562018,7.910152,1725,-117,-19,,,,,6,13
11,20424,126,01:35.0,11,5228298,6130689,,-110,-14.5,81.561236,7.909739,1725,-117,-19,-117,-20,,,8,13
11,20424,126,01:44.0,11,6294016,,,-114,-15.5,81.554217,7.909035,1725,-121,-20,,,,,7,17
1,23925,386,00:41.0,1,5912834,6124802,,-99,-12.5,81.334306,7.537852,1725,-107,-14.5,-107,-20,,,7,23
1,24586,445,01:44.0,1,6294018,,,-103,-14.9,81.536828,7.922986,1725,-105.5,-17.1,,,,,8,5
3,25629,346,01:13.0,3,5901826,5227264,,-111,-12,80.314193,8.185366,1725,-114,-15,-116,-16.5,,,8,24
0,25629,116,01:43.0,0,5227294,5227274,5794049,-95,-13,80.311909,8.169821,1725,-99,-17.5,-99,-18,-100,-19.5,,62
0,25629,116,01:11.0,0,5901825,,,-109,-13.1,80.334042,8.171083,1725,-114.2,-17.4,,,,,5,33.8
0,25629,116,01:10.0,0,5901826,,,-110.8,-14.2,80.316858,8.173602,1725,-113.4,-16.3,,,,,6,7
2,20819,246,01:33.0,2,5333278,5329667,,-104,-15.5,79.881243,7.290296,1725,-104,-16,-105,-16.5,,,11,12
22,24653,411,01:52.0,22,6311170,,,-102.2,-15.9,81.729455,7.675671,1725,-104.6,-17.8,,,,,8,5.4
0,20559,114,01:59.0,0,6212118,5236480,,-111,-12.5,79.875714,6.977468,1725,-117,-19.5,-118,-20,,,7,2
10,20303,212,00:46.0,10,5232396,,,-106.3,-13,81.729825,7.686993,1725,-112.7,-17.8,,,,,6,9.7
3,20007,38,00:09.0,3,5121814,5121794,7046144,-91,-17,79.86012,6.89436,1725,-92,-18,-95,-17.5,-100,-20,7,3
10,20386,294,00:57.0,10,6204171,,,-104.7,-15.8,79.843008,8.026824,1725,-105.3,-15.5,,,,,8,15
0,20731,375,01:54.0,0,6290432,6429184,,-102,-15,79.840702,7.216517,1725,-105,-18.5,-105,-19,,,5,4
0,23520,180,01:53.0,0,5779222,5305876,,-115,-17,79.911401,7.147459,1725,-113,-14.5,-118,-19,,,,15
2,20145,78,01:33.0,2,5994498,5318659,5318656,-111,-19,80.012541,9.688991,1725,-109,-15.5,-111,-18,-111,-18,,5
80,26431,277,01:57.0,80,5309786,,,-91,-10.5,80.207576,9.805964,525,-95.3,-12.8,,,,,6,5
0,26431,3,01:56.0,0,6766338,,,-102.3,-11.8,80.203209,9.820024,1725,-108.8,-16,,,,,8.5,7
2,20032,191,00:59.0,2,5151252,,,-93,-11.5,79.855227,6.898252,1725,-99,-16,,,,,,
1,25629,115,00:41.0,1,5227285,,,-113,-14.7,80.313488,8.163569,1725,-115,-16.7,,,,,,29.5
80,24461,53,00:13.0,80,6049873,,,-101,-14.5,80.094893,7.142516,525,-101,-15.5,,,,,8,3
82,23092,167,01:52.0,82,5296996,,,-105.3,-14.8,79.868616,7.232231,525,-111.7,-18.7,,,,,11,12.5
83,27352,42,00:51.0,83,5625936,,,-109.5,-11.8,80.287917,8.166854,525,-115.5,-18.5,,,,,9,22.5
10,20303,212,00:44.0,10,5197588,,,-89,-13,81.724438,7.687421,1725,-98.7,-17.8,,,,,9,1.5
2,22715,153,00:39.0,2,5808918,5815040,4294967295,-108,-17,81.198471,8.677823,1725,-109,-15.5,-115,-20,-115,-20,9,14
91,27394,230,01:23.0,91,6050128,6050138,,-110,-12.5,79.737541,8.042907,525,-111,-13,-113,-17,,,10,22
22,21115,127,00:42.0,22,5405954,,,-93,-14.5,80.410206,8.336331,1725,-94,-12,,,,,,6
3,21118,57,00:39.0,3,5406208,,,-97.4,-14,80.830034,8.554344,1725,-99.3,-16.5,,,,,10.3,10.5
0,20418,222,00:53.0,0,5227028,,,-89.3,-12.9,80.598042,8.040966,1725,-98.2,-17.7,,,,,10,3
1,23925,386,01:25.0,1,5912834,,,-105.1,-14.9,81.335216,7.539235,1725,-106.8,-16.3,,,,,8.5,22
2,20032,191,01:25.0,2,5151252,5151232,6152704,-86,-13.5,79.855228,6.897764,1725,-85,-13.5,-86,-14,-93,-19,7,0
1,20792,277,01:30.0,1,5322782,6199042,,-112,-13.5,80.456251,7.44295,1725,-115,-16,-117,-15.5,,,7,27
21,20309,300,01:58.0,21,5199105,5199106,,-100,-13.5,79.888463,6.934406,1725,-107,-17.5,-107,-17.5,,,10,3
21,20309,300,01:58.0,21,5199106,,,-88.5,-13.4,79.889941,6.933359,1725,-95.5,-18.5,,,,,9.3,4
83,27352,42,01:42.0,83,5227346,5227347,7002194,-108,-13,80.291722,8.160624,525,-108,-14,-114,-16,-114,-19.5,8,10
1,21457,314,01:52.0,1,5492994,5493014,,-111,-15,81.698981,7.711434,1725,-112,-15.5,-114,-16,,,4,2
11,20424,126,01:46.0,11,6130689,,,-103.9,-12.8,81.556134,7.907835,1725,-108.9,-16.5,,,,,5.7,19.8
2,20424,128,00:32.0,2,6155520,6155522,,-96,-13.5,81.564404,7.918381,1725,-100,-17.5,-100,-18,,,,94
0,21846,95,00:26.0,0,5152022,,,-84.6,-12.6,79.85033,6.919464,1725,-89.6,-16,,,,,11,0.3
2,26495,26,01:54.0,2,5908244,6782720,,-112,-16.5,80.522511,7.985411,1725,-112,-17,-114,-18.5,,,7,11
0,25629,116,01:33.0,0,5227274,5227294,5794049,-95,-13,80.353141,8.173563,1725,-99,-18,-99,-18.5,-100,-19.5,,62
0,25629,116,00:45.0,0,5901826,5901825,,-103,-13.9,80.319701,8.171883,1725,-105.6,-15.9,-109.6,-19.2,,,5.3,13
80,27107,89,00:40.0,80,5334865,5334904,5334864,-109,-16.5,81.276122,8.444196,525,-107,-14.5,-111,-17,-113,-20,6,5
3,21585,112,00:26.0,3,5525790,,,-99.4,-14.2,80.135934,7.134848,1725,-101.9,-16.6,,,,,10,8.5
20,20438,337,01:20.0,20,5492993,,,-92,-14.5,81.696311,7.712664,1725,-94,-17,,,,,5,6
10,23079,269,00:35.0,10,5908225,,,-110.6,-14.4,80.521859,7.958467,1725,-116.1,-18.5,,,,,8.3,47
10,20303,212,01:04.0,10,5197588,,,-96.4,-12.6,81.727297,7.686538,1725,-101.8,-17.4,,,,,8.3,5.6
12,20300,259,01:34.0,12,5222933,,,-105.2,-14,81.825609,7.418536,1725,-109.8,-16.6,,,,,9.5,7
83,27352,42,00:41.0,83,5625936,,,-111.2,-11.8,80.284346,8.168772,525,-117.4,-16.9,,,,,9,28
12,20649,131,01:00.0,12,5410836,5410817,6576128,-100,-14.5,80.14179,7.268246,1725,-101,-15.5,-106,-20,-107,-20,7,32
0,20697,339,01:16.0,0,5298453,,,-94.6,-14.7,79.950434,7.172518,1725,-96.8,-16.3,,,,,8.9,4.4
0,21893,256,01:34.0,0,5604609,,,-101.8,-14.1,80.377759,8.342023,1725,-105.5,-18,,,,,9.5,8
1,21653,176,00:58.0,1,5543189,,,-92.6,-11.3,80.009401,9.669649,1725,-99,-17.2,,,,,,
0,21653,426,00:20.0,0,7164928,,,-84.3,-13.3,80.008066,9.670753,1725,-89.3,-17.5,,,,,,1
3,21118,57,00:38.0,3,5406238,5406220,5406208,-106,-17,80.831588,8.549871,1725,-105,-17,-107,-19.5,-107,-20,,3
2,23113,208,01:19.0,2,5916928,5317397,,-89.5,-14,79.983751,9.737848,1725,-100.5,-19,-101,-19,,,10.5,8
21,23113,431,00:33.0,21,5916929,5916928,,-102,-11.5,79.987884,9.737796,1725,-104,-16,-105,-16.5,,,,1
0,23662,93,01:28.0,0,6262273,6013185,,-118,-16.5,80.009517,8.788912,1725,-123,-17.5,-124,-20,,,0,40
1,24604,65,00:42.0,1,5618176,6298624,,-113,-15.2,80.666175,8.276098,1725,-114.7,-17.3,-116.7,-18.5,,,6,32
0,25629,116,00:28.0,0,5901825,,,-109,-11,80.336191,8.174104,1725,-116,-18.5,,,,,6,36
2,20819,246,01:17.0,2,5329685,,,-99,-16,79.888168,7.296984,1725,-104,-15.5,,,,,12,1
91,27252,201,01:17.0,91,6118738,5489746,5939536,-112,-19.5,81.804611,7.363667,525,-109,-17,-109,-18,-110,-18.5,,82
2,24227,96,01:23.0,2,6202143,,,-81,-11,79.858734,6.913392,1725,-80,-12,,,,,12,2
3,21585,112,00:28.0,3,5525790,,,-102.1,-14.4,80.131018,7.134046,1725,-104.8,-16.1,,,,,7,11.9
22,20300,258,01:29.0,22,5196832,5196802,,-94,-13,81.824477,7.414927,1725,-99,-15.5,-99,-16,,,,3
1,25629,115,01:25.0,1,6561024,,,-102,-12.9,80.318354,8.16617,1725,-106.7,-17,,,,,8.8,9.1
1,24401,389,01:48.0,1,5218591,4294967295,6246658,-99,-14,79.789876,7.585482,1725,-101,-15.5,-109,-20,-111,-20,14,1
0,20731,375,01:15.0,0,7170326,5194497,6143489,-113,-20,79.839444,7.215833,1725,-113,-18.5,-114,-20,-115,-17.5,5,9
22,21115,127,00:47.0,22,5405472,,,-89,-13.3,80.408716,8.334925,1725,-94.5,-17.7,,,,,10.3,4
1,21766,210,00:30.0,1,5337622,,,-114,-17.5,80.459631,8.755021,1725,-111,-15.5,,,,,6,36
2,23113,208,01:09.0,2,5317397,5916928,,-100,-15,79.984798,9.739172,1725,-104,-16,-105,-18,,,10,5
1,24586,445,01:48.0,1,6130690,,,-100.7,-15.7,81.536978,7.920141,1725,-108.3,-19.5,,,,,6.7,7.3
2,26495,26,01:56.0,2,6782720,,,-108,-15,80.522894,7.982982,1725,-111,-18.5,,,,,9,8
22,24653,411,01:59.0,22,6311170,6124033,5231894,-117,-17.5,81.727877,7.678368,1725,-117,-18,-118,-19.5,-119,-20,5,9
2,20346,20,01:13.0,2,6156052,,,-107.3,-14.8,80.04433,7.168125,1725,-109,-17,,,,,8,23.5
10,23079,269,01:02.0,10,5788674,5908225,,-112.5,-13.3,80.525574,7.959402,1725,-118,-18.5,-118,-18.3,,,8,50
10,23079,269,00:29.0,10,5874709,5908225,6782722,-104,-15.5,80.520697,7.953563,1725,-108,-15,-110,-17.5,-110,-17.5,8,34
91,27394,230,01:27.0,91,6050128,,,-108.8,-13.4,79.735315,8.042941,525,-112,-17.4,,,,,6,22
12,24860,405,01:43.0,12,5410325,6371850,,-102.7,-15,79.854399,7.242767,1725,-105.7,-17.8,-107,-18.7,,,7.7,9
2,20424,128,00:50.0,2,5228575,,,-93.5,-12,81.556831,7.914843,1725,-99,-15.8,,,,,7.5,11.5
1,24586,445,01:42.0,1,6294018,,,-99.5,-15,81.538479,7.920245,1725,-102.5,-17.6,,,,,7.5,6.2
80,20015,273,01:14.0,80,5123951,5123961,,-76,-12.5,79.851377,6.91083,525,-77,-14,-81.5,-18,,,5,1
3,25629,346,01:08.0,3,5901826,,,-106,-12.5,80.310384,8.181627,1725,-110.5,-17.5,,,,,6.3,19.7
3,25629,346,01:23.0,3,5901826,,,-100.3,-11.5,80.31276,8.182561,1725,-106.7,-17.2,,,,,6.3,19
1,25629,115,00:46.0,1,5227285,,,-114,-14.5,80.311909,8.169821,1725,-116,-16.5,,,,,,29
3,21585,112,00:57.0,3,5525761,,,-109.5,-14.8,80.136512,7.1295,1725,-113,-16.3,,,,,6.5,14
20,20438,337,00:56.0,20,5155841,5492993,,-99,-12,81.695658,7.714715,1725,-104,-17.5,-106,-19.5,,,7,6
30,24045,144,00:40.0,30,6155521,,,-95.9,-13.4,81.501985,7.943068,1725,-102.2,-18,,,,,7,5.8
10,23079,269,00:31.0,10,5908225,,,-110.6,-14.7,80.512728,7.950466,1725,-116.3,-18.5,,,,,6,29.2
1,20254,199,01:39.0,1,5300490,6189056,5175298,-102,-16,79.896754,6.989643,1725,-102,-17,-104,-18.5,-104,-18.5,,5
22,20077,415,00:48.0,22,5139718,5139712,,-95,-15,79.861569,6.874206,1725,-96,-13,-99,-16.5,,,5,1
21,20697,341,01:21.0,21,5298432,,,-97.8,-15.6,79.951514,7.171606,1725,-99.6,-15.4,,,,,6.2,6
1,21653,176,01:50.0,1,5312770,7164928,,-96,-12,80.010258,9.669527,1725,-100,-17,-101,-17.5,,,5,1
1,26939,105,01:23.0,1,5223701,5779978,5223434,-107,-14,81.854869,7.231112,1725,-110,-17,-111,-18,-113,-20,,11
12,23002,153,01:50.0,12,5888513,,,-96,-14,80.14166,7.022364,1725,-104,-20,,,,,9,13
0,20421,48,01:46.0,0,5197077,5228032,5405954,-103,-18,80.402869,8.328922,1725,-104,-19.5,-104,-16.5,-106,-20,4,28
1,24586,445,01:43.0,1,6903818,6130690,5228288,-117,-17,81.538325,7.918937,1725,-114,-14,-116,-16.5,-117,-18,9,9
12,24860,405,01:53.0,12,5410325,6371850,,-108,-15,79.854218,7.243723,1725,-108,-15.5,-111,-18,,,7,14
1,24604,65,00:28.0,1,5996034,6315520,,-123,-16.5,80.670632,8.272525,1725,-123,-17.5,-123,-17.5,,,,
2,23113,208,01:24.0,2,5317397,5315072,5916928,-101,-13.5,79.985095,9.738221,1725,-105,-15.5,-108,-15.5,-108,-18,10,5
30,20342,81,00:32.0,30,6625026,,,-90.8,-12.6,79.948646,7.002374,1725,-96.8,-17.5,,,,,8.5,8
2,20424,128,00:31.0,2,5228575,6294016,6130688,-110,-12.5,81.5495,7.91852,1725,-111,-16.5,-113,-18,-115,-18,4,21
0,27658,30,00:29.0,0,5146880,5146882,,-100,-13,79.86564,6.917143,1725,-106,-18.5,-106,-19,,,,4
1,20829,139,01:57.0,1,5219105,,,-116.7,-18.3,79.844067,7.357868,1725,-117.3,-19.2,,,,,6,12
21,21653,174,00:06.0,21,6167297,6564610,,-92,-15.5,80.013368,9.665823,1725,-94,-15,-96,-17.5,,,,
0,23520,180,00:05.0,0,5779222,,,-110.5,-14.5,79.912712,7.147201,1725,-119,-20,,,,,6,14.5
1,20254,199,00:56.0,1,6189056,,,-102,-12.5,79.897427,6.990024,1725,-108,-19.5,,,,,9,8
0,21443,31,00:47.0,0,5155586,5226498,,-106.8,-13.9,81.681535,7.300292,1725,-112,-18.4,-113.5,-19.8,,,7,14
83,27352,42,01:22.0,83,5227346,5227347,7002194,-114,-14,80.291682,8.160653,525,-116,-16,-120,-19.5,-120,-20,4,10
2,20424,128,00:29.0,2,6130688,,,-104,-12.5,81.546976,7.919111,1725,-110,-18,,,,,5,25
12,20649,131,00:33.0,12,5410836,,,-105,-10.5,80.129224,7.28296,1725,-112,-17.5,,,,,7,29
21,21115,400,01:42.0,21,4294967295,,,-106,-14.5,80.404783,8.327265,1725,-112,-20,,,,,,15
22,21115,127,01:34.0,22,5197076,5405954,,-102,-12.5,80.409649,8.335084,1725,-106,-16.5,-107,-18,,,5,4
2,24586,446,00:28.0,2,5229322,5766913,6903808,-117,-20,81.526426,7.920108,1725,-106,-15,-111,-18.5,-114,-20,,19
20,20303,211,00:01.0,20,5231637,,,-102,-13,81.728077,7.687361,1725,-102,-13,,,,,,
1,24829,238,01:21.0,1,7175168,6356224,6205440,-120,-18.5,81.048048,7.646668,1725,-122,-19.5,-126,-20,-128,-20,7,54
1,24604,65,00:31.0,1,5996034,,,-113,-14.5,80.669907,8.267923,1725,-120,-20,,,,,,
0,21846,95,00:04.0,0,5152002,5152022,5152000,-89,-16,79.85105,6.919064,1725,-92,-14,-92,-17.5,-93,-16.5,10,1
22,20771,347,01:52.0,22,5879809,,,-106.3,-12.9,79.982822,9.74699,1725,-111.4,-17.7,,,,,6.7,10.4
22,20077,415,01:18.0,22,5139712,5139732,,-91,-13,79.860772,6.875545,1725,-93,-14,-99,-19.5,,,6,2
1,23879,206,01:18.0,1,6113024,5782273,6113044,-88,-17,81.182616,8.503718,1725,-89,-17,-90,-18.5,-91,-16.5,5,0
20,23879,205,01:28.0,20,6113025,,,-98.3,-12.1,81.18468,8.503583,1725,-103.1,-16.6,,,,,8.3,3.4
20,23879,205,00:31.0,20,6113024,,,-97.5,-11.3,81.185646,8.503739,1725,-104,-16.5,,,,,8,4
1,24604,65,00:28.0,1,6298624,,,-109.7,-14.7,80.658244,8.278471,1725,-113,-18.3,,,,,6,19
20,20303,211,01:12.0,20,5232416,5232384,6109974,-101,-15.5,81.730963,7.687029,1725,-101,-15.5,-104,-19,-107,-20,,11
0,20697,339,00:15.0,0,5285890,5285910,,-88,-16.5,79.950291,7.17568,1725,-86,-14,-88,-15.5,,,,4
2,20424,128,00:06.0,2,6294016,5228547,,-120,-12.5,81.558568,7.911761,1725,-126,-18,-127,-18.5,,,,17
2,20424,128,01:43.0,2,5228547,,,-102.3,-12.1,81.55656,7.922716,1725,-107.2,-16.6,,,,,8,13.8
3,21118,57,00:28.0,3,6548992,5787904,,-114,-15,80.814805,8.561945,1725,-115,-16.5,-117,-18.5,,,,31
0,21443,31,01:59.0,0,6231584,5489411,,-110,-15,81.680512,7.301301,1725,-113,-17,-114,-16.5,,,,10
0,21846,95,00:19.0,0,5152002,5152022,4294967295,-78,-14.5,79.851007,6.919077,1725,-79,-13.5,-83,-17,-85,-17.5,9,1
21,21653,174,00:43.0,21,6167297,6564610,,-91,-16,80.013317,9.66577,1725,-93,-14.5,-95,-16.5,,,5,8
21,21653,174,00:28.0,21,6167297,6564610,,-96,-14,80.012705,9.666584,1725,-98.5,-16,-100.5,-18.8,,,6,5
1,23925,386,01:42.0,1,6124802,6237698,4294967295,-106,-14.5,81.325454,7.553299,1725,-111,-17,-112,-19.5,-116,-20,7,28
1,24604,65,01:31.0,1,5996034,,,-112.8,-15,80.664665,8.272528,1725,-117.5,-19.8,,,,,7,38
22,21115,127,00:41.0,22,5197076,5405954,5197057,-102,-13,80.409106,8.33506,1725,-104,-14.5,-107,-18.5,-108,-18.5,8,4
12,20419,290,01:55.0,12,5605888,5625876,,-105,-13.5,80.29542,8.15019,1725,-111,-20,-113,-20,,,13,11
22,21115,127,00:33.0,22,5405472,,,-95.8,-13,80.409454,8.334084,1725,-102.9,-19.2,,,,,9,3.4
1,24604,65,00:33.0,1,5996034,,,-115.8,-16.4,80.676906,8.275343,1725,-119,-19.3,,,,,6.7,46
81,27394,229,01:03.0,81,6050129,6025296,,-104,-11.5,79.730808,8.044119,525,-112,-19,-112,-19,,,9,18
2,23113,208,01:12.0,2,5315074,,,-109,-16,79.968593,9.714666,1725,-115,-20,,,,,6,47
0,23520,180,00:28.0,0,5779222,,,-107.8,-16,79.913962,7.146684,1725,-108.8,-16.5,,,,,8.5,18
21,21653,174,01:43.0,21,7164928,5316866,,-95,-12,80.009605,9.669132,1725,-100,-16.5,-102,-18,,,10,1
1,20680,377,01:41.0,1,5994241,,,-102,-14.3,80.111141,7.122001,1725,-109.5,-18,,,,,12,7
12,20687,269,00:30.0,12,6065666,,,-108.7,-14.8,79.95818,6.995893,1725,-112,-18.8,,,,,,15
1,25629,115,01:07.0,1,5227294,5227274,,-107,-12,80.31776,8.166093,1725,-113,-15,-115,-16.5,,,10,13
0,20195,330,01:52.0,0,5282562,,,-98,-12,79.890852,7.087731,1725,-101,-14.5,,,,,5,6
0,22689,309,00:45.0,0,5326849,6165248,,-105,-13,80.361311,7.469265,1725,-108,-15.5,-109,-17.5,,,,12
2,21456,189,00:41.0,2,5766145,6565378,,-108,-20,81.734107,7.5889,1725,-103,-15.5,-105,-18,,,,40
22,20077,415,00:02.0,22,5139712,4294967295,4294967295,-101,-15.5,79.860728,6.874816,1725,-102,-15.5,-111,-20,-114,-20,6,2
3,21585,112,01:36.0,3,6017536,,,-109.9,-15.7,80.145512,7.136134,1725,-112.6,-16.8,,,,,3,22
2,20858,177,01:47.0,2,6731266,5935618,,-112,-17,80.500958,8.761313,1725,-111,-15.5,-116,-19.5,,,,2
0,20254,198,01:04.0,0,5185025,,,-97.5,-13.3,79.894661,6.9907,1725,-102,-17,,,,,8,2.5
2,20771,346,01:19.0,2,5317397,,,-100.5,-12.3,79.988779,9.751213,1725,-105,-15.8,,,,,9.5,10
2,20771,346,01:38.0,2,5317397,,,-100.5,-12.5,79.989055,9.750592,1725,-104.8,-15.3,,,,,8.8,11
1,24091,392,01:46.0,1,5316875,6564609,,-115,-20,80.012915,9.666203,1725,-114,-17.5,-118,-20,,,2,4
0,20077,416,00:01.0,0,5185538,5421058,4294967295,-88,-17,79.86177,6.875483,1725,-85,-15,-88,-17,-90,-20,4,4
2,23113,208,00:00.0,2,6046998,,,-107,-15,79.967175,9.71492,1725,-114,-20,,,,,7,47
3,21118,57,00:05.0,3,5795072,6548992,5787904,-118,-18.5,80.810456,8.554323,1725,-118,-19,-118,-19,-123,-20,,34
11,20424,126,00:57.0,11,5228289,,,-121,-15.5,81.564404,7.918381,1725,-124,-20,,,,,4,46
0,25629,116,00:57.0,0,6561025,5901826,5227274,-96,-12,80.315716,8.168434,1725,-102,-19.5,-102,-17,-103,-20,9,8
3,25629,346,00:11.0,3,5227264,5809686,5891584,-110,-13,80.308362,8.174201,1725,-115,-18,-116,-20,-117,-19.5,6,102
0,20438,336,01:56.0,0,5229570,6002432,5155842,-103,-17.5,81.694518,7.722769,1725,-103,-17,-103,-17.5,-104,-18,,31
20,20303,211,01:15.0,20,5232416,,,-97.9,-12.9,81.728991,7.687168,1725,-105.9,-18.3,,,,,8.7,8.7
0,25766,114,01:20.0,0,5545474,,,-105,-13.6,80.595236,9.368584,1725,-109.5,-18.4,,,,,7,30
83,27352,42,00:34.0,83,7002192,,,-89,-13,80.299219,8.16203,525,-95,-18,,,,,7,0
30,20303,327,00:55.0,30,5197588,,,-90,-19.5,81.724355,7.687373,1725,-90,-20,,,,,,2
81,27394,229,00:56.0,81,6050168,,,-109,-11.5,79.733465,8.047257,525,-113,-15,,,,,7,11
12,20300,259,00:29.0,12,5222933,5222914,,-114,-13,81.826539,7.420186,1725,-116,-15.5,-120,-19,,,,
0,23520,180,01:13.0,0,5305866,,,-111,-17.5,79.910609,7.140733,1725,-112,-19.5,,,,,,
1,24401,389,01:06.0,1,5218571,6198272,,-97,-16.5,79.790021,7.581274,1725,-95,-13,-97,-16,,,11,10
12,20649,131,01:18.0,12,5286166,5410836,,-111,-14,80.124783,7.269228,1725,-115,-19,-116,-19.5,,,,31
10,23079,269,01:09.0,10,5623552,5908225,5618945,-119,-16.5,80.546261,7.962352,1725,-121,-17.5,-121,-18,-122,-18,,72
0,20731,375,01:45.0,0,6290432,6429184,,-98,-13,79.840722,7.21645,1725,-104,-19,-105,-20,,,7,4
1,21653,176,01:13.0,1,5543189,,,-86,-11.5,80.009532,9.669519,1725,-92,-17.5,,,,,,0
1,24604,65,01:26.0,1,6315520,5618177,,-114,-16.5,80.67058,8.272731,1725,-115,-17.5,-117,-20,,,,39
0,24641,274,01:48.0,0,6049813,6308098,,-108,-16,80.096835,7.141101,1725,-106,-14.5,-108,-16,,,6,11
22,21115,127,01:54.0,22,5405472,,,-97,-12.6,80.409709,8.334877,1725,-102.9,-17.6,,,,,7.8,3.7
0,21653,426,01:26.0,0,7164928,,,-90.5,-15.5,80.00826,9.670983,1725,-93.8,-18.6,,,,,10.8,2.6
12,20687,269,01:06.0,12,6253333,5207553,,-106,-12.5,79.954527,6.993831,1725,-107,-15.5,-111,-18.5,,,,
1,24586,445,01:38.0,1,6130690,6130688,,-105,-14.8,81.537358,7.919974,1725,-107.3,-15.5,-109.7,-18.7,,,8,7.5
1,23113,430,00:33.0,1,5317396,4294967295,,-113,-18,80.00071,9.74629,1725,-110,-16.5,-112,-19,,,7,19
2,23113,208,00:42.0,2,5318925,,,-112,-15.8,79.983338,9.73252,1725,-116.5,-19.8,,,,,7,16
2,20424,128,01:29.0,2,5228547,,,-106.8,-11.9,81.55383,7.923374,1725,-112.2,-16.1,,,,,8.7,16.5
11,20424,126,01:31.0,11,6130689,,,-108.3,-13.3,81.555838,7.905131,1725,-113.3,-17,,,,,7.3,22
1,20680,377,00:13.0,1,5994243,6312704,6312705,-115,-16,80.092731,7.110581,1725,-115,-17.5,-118,-18.5,-120,-19,7,37
3,25629,346,01:56.0,3,5809686,,,-111,-13.5,80.308748,8.175428,1725,-118,-18,,,,,5,102
3,25629,346,00:50.0,3,5901826,,,-105.7,-13,80.311111,8.183572,1725,-108.3,-14,,,,,5,22
0,25629,116,01:37.0,0,6561027,,,-110,-15.5,80.310514,8.175025,1725,-109,-14.5,,,,,,11
0,21657,93,01:58.0,0,5317909,,,-111,-16.2,80.051255,9.662683,1725,-113.7,-17,,,,,9.3,9.3
10,23079,269,00:51.0,10,5623552,,,-108,-12.5,80.518617,7.962021,1725,-116,-20,,,,,9,41
12,20300,259,00:39.0,12,5222933,5222914,,-93,-16,81.825169,7.419308,1725,-92,-15,-94,-16.5,,,,
0,20697,339,00:30.0,0,5298433,,,-89.1,-14.1,79.950002,7.173018,1725,-95.8,-18.1,,,,,9,4.2
12,20649,131,00:03.0,12,6479872,5527328,5410836,-107,-13.5,80.145045,7.285386,1725,-109,-15.5,-110,-15.5,-112,-17,,31
1,23879,206,00:19.0,1,5220362,6878465,5336085,-112,-19,81.187652,8.504398,1725,-114,-20,-114,-20,-118,-20,7,8
0,24641,274,01:38.0,0,6308098,6313730,6049813,-111,-20,80.096835,7.141101,1725,-109,-17.5,-109,-18,-111,-17.5,6,11
3,21118,57,01:38.0,3,5795072,,,-98,-14.5,80.830525,8.562021,1725,-104,-18.5,,,,,14,19
11,20424,126,00:45.0,11,5228298,,,-111,-14.5,81.562741,7.910533,1725,-115,-17,,,,,7,13
1,24604,65,00:57.0,1,5618176,5996034,6298624,-118,-14,80.66337,8.268718,1725,-120,-17,-122,-19,-122,-19,,
21,23113,431,00:55.0,21,5318935,5995029,,-102,-11,79.993372,9.734629,1725,-112,-18.5,-113,-20,,,8,13
11,20424,126,01:15.0,11,5228575,,,-100,-11.5,81.560988,7.915521,1725,-105,-16.5,,,,,,6
11,20424,126,01:53.0,11,5228289,,,-104,-15.5,81.538872,7.89609,1725,-110,-20,,,,,5,51
1,27027,28,01:44.0,1,5525761,,,-113,-16.5,80.126227,7.116555,1725,-115,-18,,,,,2,55
3,25629,346,00:14.0,3,5901826,5227264,,-111,-12.5,80.306682,8.182145,1725,-115,-14,-115,-14.5,,,6,24
0,21657,93,01:51.0,0,5544193,,,-108.4,-13.5,80.049821,9.658118,1725,-112.8,-17.7,,,,,11,7
2,24045,146,01:20.0,2,6155521,,,-95.8,-16.1,81.497071,7.943227,1725,-100.2,-19.4,,,,,10,4.5
10,23079,269,01:48.0,10,5623552,,,-111.5,-15,80.524441,7.957779,1725,-118.5,-20,,,,,7,51
0,22689,309,00:38.0,0,5326849,6165248,5413920,-108,-16.5,80.360817,7.470757,1725,-107,-15,-109,-18,-111,-19.5,,
10,20303,212,01:19.0,10,5197588,,,-100,-12.8,81.728318,7.686325,1725,-104.5,-17,,,,,,9
3,24157,57,01:11.0,3,5195030,,,-98.3,-14.6,79.849191,7.211452,1725,-102.2,-18.1,,,,,8,3.5
1,26939,105,00:39.0,1,5223434,5226754,5779978,-110.5,-12.8,,,1725,-112.5,-14.8,-117.5,-19.8,-118,-18,6.5,10.5
1,26939,105,00:35.0,1,5779978,5226754,5223434,-108.3,-15.3,81.855137,7.227191,1725,-109.7,-16.3,-111.3,-17.3,-113.7,-19.8,6,12
10,23079,269,00:24.0,10,5874709,5908225,6782722,-104,-16,80.520733,7.953501,1725,-106,-15,-108,-17,-112,-20,8,34
1,24586,445,01:04.0,1,6130688,6130690,,-94.3,-16,81.538544,7.921374,1725,-95.7,-17.2,-97.3,-18.7,,,9,6
2,27115,276,01:47.0,2,5493791,,,-105,-13.5,81.513119,7.894,1725,-104,-13,,,,,4,14
0,23520,180,00:46.0,0,5779222,5305876,,-112,-16.2,79.9108,7.148616,1725,-114,-15.7,-118,-19.3,,,7,18
21,21115,400,00:17.0,21,5405451,,,-94.8,-13.5,80.401617,8.333246,1725,-99.8,-19.5,,,,,7,8.5
1,21766,210,00:07.0,1,5571852,,,-113,-16.5,80.459691,8.759011,1725,-116,-19,,,,,6,36
2,20424,128,01:46.0,2,6294016,5228575,,-100,-9.5,81.550181,7.909394,1725,-107,-13.5,-109,-18.5,,,11,23
21,21115,400,01:22.0,21,5405451,,,-110.5,-16.3,80.403999,8.33517,1725,-112.5,-17.5,,,,,6,13
12,20649,131,00:16.0,12,5527299,5527328,6576130,-95,-14.5,80.14179,7.268246,1725,-93,-15,-93,-14.5,-96,-16,7,37
21,21115,400,00:20.0,21,5405470,,,-85,-14.5,80.409943,8.332307,1725,-85,-16,,,,,7,1
1,24604,65,00:37.0,1,5996034,,,-111.5,-14.8,80.672043,8.277696,1725,-119.5,-20,,,,,7,51
20,20303,211,01:08.0,20,5197578,5197579,5197590,-95,-19,81.724187,7.688277,1725,-93,-18,-94,-19,-95,-20,,1
2,23113,208,01:32.0,2,5916928,5317397,,-106,-17,79.978771,9.743141,1725,-104,-16,-106,-17,,,7,14
2,24586,446,01:52.0,2,5766912,5229322,,-88,-13,81.532607,7.925407,1725,-92,-16.5,-96,-20,,,13,10
2,20424,128,00:26.0,2,6155530,6127104,,-112.5,-15,81.534514,7.945111,1725,-115.5,-18.5,-118.5,-19.3,,,4,95
1,20803,312,01:11.0,1,5549314,5549313,5325588,-99,-18,80.364047,7.488408,1725,-102,-19,-105,-17.5,-106,-18.5,,1
2,26495,26,00:07.0,2,5908244,,,-110.7,-15.5,80.517922,7.978589,1725,-112.1,-16.6,,,,,8.5,19.6
2,20815,99,01:57.0,2,5328671,,,-98.3,-13.3,80.655238,7.854922,1725,-97,-13.2,,,,,7,6
0,24227,98,01:40.0,0,5128962,5124096,,-97,-13.5,79.859744,6.915293,1725,-103,-19.5,-104,-20,,,,
1,24091,392,00:20.0,1,6564610,5309954,6167296,-96,-17,80.013404,9.667454,1725,-97,-19,-100,-20,-100,-20,8,3
3,21585,112,01:36.0,3,4294967295,4294967295,,-114,-20,80.147663,7.128957,1725,-109,-14.5,-112,-18,,,,
3,21585,112,00:11.0,3,5525790,,,-95,-13.8,80.132305,7.135707,1725,-96.2,-14.8,,,,,8,10
0,25629,116,01:46.0,0,6561025,5227294,,-110,-17,80.322431,8.167534,1725,-111,-17.5,-112,-18.5,,,6,17
1,25629,115,00:41.0,1,6561024,,,-112.3,-14.5,80.325188,8.168314,1725,-117,-18.8,,,,,6.3,19.3
0,20195,330,00:13.0,0,5289492,6288643,5282562,-104,-14.5,79.889519,7.087791,1725,-107,-18,-108,-15.5,-110,-17,5,7
1,24092,170,01:53.0,1,5220382,5220353,,-93,-14,81.195912,8.493145,1725,-95,-16.5,-95,-16.5,,,,34
0,21657,93,01:32.0,0,5318144,,,-111,-16.8,80.052453,9.659036,1725,-112.5,-18.8,,,,,10,8.5
1,21193,169,00:35.0,1,5425408,,,-88.8,-10.8,79.856503,6.896371,1725,-94,-15.2,,,,,10.8,0.7
22,21115,127,01:02.0,22,5197076,5405472,5405452,-85,-11,80.409027,8.334037,1725,-88,-14.5,-94,-18.5,-95,-20,6,2
20,23879,205,00:25.0,20,6113025,6113024,,-108,-11.5,81.186698,8.503458,1725,-114,-18,-116,-19.5,,,10,5
20,23879,205,00:43.0,20,6878465,,,-107,-14.3,81.189419,8.503799,1725,-109.5,-16.8,,,,,5.5,8
81,27394,229,00:29.0,81,6025296,6025297,,-113,-12,79.742089,8.0413,525,-119,-18,-120,-19.5,,,8,24
3,21118,57,00:50.0,3,5787904,6548992,,-109,-14.5,80.812759,8.559732,1725,-112.7,-18,-116.3,-20,,,8,32
0,20418,222,00:35.0,0,5227028,,,-97,-12,80.597212,8.040217,1725,-104.3,-17,,,,,9.5,1.7
2,20424,128,01:53.0,2,5228547,,,-99.8,-11.6,81.556996,7.920774,1725,-105.2,-17.2,,,,,10.6,10.9
2,20424,128,01:09.0,2,5228547,,,-102.7,-11.8,81.560087,7.921763,1725,-107.1,-16.4,,,,,9.7,9
2,20424,128,01:56.0,2,6294016,,,-112.5,-13.3,81.5547,7.922464,1725,-115.5,-16.4,,,,,9,18.5
0,21846,95,00:58.0,0,5152022,,,-83.8,-13.1,79.85056,6.919737,1725,-88.1,-15.9,,,,,9.7,1.1
12,24860,405,01:51.0,12,6364192,6371850,5194528,-107,-17,79.854667,7.242423,1725,-110,-18,-111,-20,-113,-18.5,,13
2,24586,446,00:16.0,2,6903808,5229322,5228320,-117,-20,81.538333,7.925306,1725,-111,-16.5,-111,-17.5,-114,-20,,20
2,23113,208,00:46.0,2,5315074,,,-109,-15.5,79.967686,9.713125,1725,-114,-20,,,,,8,47
2,20424,128,01:18.0,2,5228575,5228545,,-105,-14.5,81.559586,7.914287,1725,-105,-14.5,-115,-20,,,6,8
1,24604,65,00:09.0,1,6298624,,,-109.6,-15.1,80.663276,8.278688,1725,-113.1,-17.8,,,,,7,29
21,21686,349,01:26.0,21,5321216,,,-92.8,-13.4,80.214313,7.430088,1725,-97,-17.6,,,,,6,4.5
22,21115,127,01:17.0,22,5405452,5197076,,-112,-15.5,80.409757,8.333497,1725,-114,-16,-116,-19,,,9,2
2,20069,215,01:51.0,2,6143232,5158913,,-88,-9.5,79.887693,6.910772,1725,-95,-15.5,-99,-20,,,12,3
2,20514,11,01:45.0,2,5498114,,,-93,-16.5,79.862934,6.946149,1725,-92,-15,,,,,6,3
1,24604,65,00:39.0,1,6298624,6170369,,-111.5,-14.3,80.666924,8.28331,1725,-115,-18,-115.5,-19,,,8.5,31
2,20424,128,01:56.0,2,6294016,6127104,,-117,-16,81.555065,7.920764,1725,-116,-15.5,-120,-18.5,,,9,19
1,24604,65,00:55.0,1,5996034,,,-110,-17,80.668764,8.27205,1725,-114,-20,,,,,,
1,21574,375,01:48.0,1,5411861,,,-100.3,-14.2,79.86225,7.064226,1725,-107.3,-19.3,,,,,11.7,7.3
1,24829,238,00:06.0,1,6486274,,,-110,-13,81.026509,7.632556,1725,-118,-19.3,,,,,7.7,23.7
1,20803,312,01:04.0,1,5549313,5549314,5325589,-97,-15.5,80.364038,7.488472,1725,-99,-16,-101,-19,-103,-19.5,,2
2,26495,26,01:39.0,2,5908244,6782720,,-111,-16.5,80.522511,7.985411,1725,-111,-16,-113,-20,,,7,11
0,25629,116,00:44.0,0,6561025,5227294,,-106.5,-14.3,80.330042,8.166484,1725,-110,-17.5,-115,-20,,,6.5,27.5
3,25629,346,01:49.0,3,6561026,,,-94,-12,80.30744,8.174709,1725,-100,-15.5,,,,,6,11
3,25629,346,01:54.0,3,6561026,,,-98,-12,80.30711,8.174726,1725,-103,-15,,,,,7,11
0,23550,52,00:22.0,0,6028801,,,-104,-13.1,80.554455,7.742456,1725,-107.4,-17.4,,,,,5,11.7
10,24045,95,01:03.0,10,6155550,,,-94,-14.5,81.503332,7.943936,1725,-98,-13,,,,,9,7
0,20195,330,00:07.0,0,6288643,5289492,5282562,-106,-17.5,79.889603,7.08775,1725,-106,-15.5,-109,-20,-109,-20,5,7
30,20193,354,01:55.0,30,5169439,5169418,,-77,-13,79.893722,7.070027,1725,-82,-14.5,-85,-19,,,11,1
0,20254,198,00:59.0,0,5185025,,,-97.5,-12.5,79.894679,6.9907,1725,-103,-17,,,,,10,2
1,23879,206,00:27.0,1,5782273,6113024,6113044,-89,-16.5,81.182617,8.50372,1725,-90,-17.5,-90,-17,-91,-16.5,8,0
21,21653,174,01:07.0,21,6167297,6564609,7164949,-91,-16,80.013159,9.666022,1725,-92,-15.5,-95,-17.5,-97,-18.5,,
0,23520,180,01:09.0,0,5779222,5894422,,-106,-15.5,79.915159,7.144951,1725,-111,-18.5,-113,-20,,,,
2,20424,128,01:48.0,2,5228547,,,-103.8,-11.6,81.555634,7.921857,1725,-109.8,-16.9,,,,,9.1,13.7
1,24604,65,00:51.0,1,5996034,,,-113,-15.2,80.679044,8.270202,1725,-117,-18.3,,,,,8,26
1,24604,65,01:34.0,1,5618177,6315520,,-115,-15,80.662168,8.259511,1725,-118,-18.5,-118,-17,,,,30
10,23079,269,01:05.0,10,5618945,,,-106,-18.5,80.507432,7.970076,1725,-110,-20,,,,,4,37
2,23113,208,01:22.0,2,5916928,,,-105,-17,79.978824,9.742891,1725,-105,-16.5,,,,,5,14
21,21653,174,01:13.0,21,5543169,5316866,,-79,-12,80.009829,9.668545,1725,-85,-16.5,-86,-17.5,,,7,0
0,23520,180,01:50.0,0,5779222,5894422,,-108,-16,79.915893,7.144327,1725,-112,-18.5,-115,-20,,,,17
2,24586,446,01:42.0,2,6130690,,,-110.5,-15.3,81.537625,7.924755,1725,-117,-19.8,,,,,9.5,2
83,27355,368,01:58.0,83,7002971,7002970,,-96,-13,80.021222,9.717545,525,-99,-15.5,-103,-20,,,6,2
11,20424,126,00:01.0,11,5228289,5493790,,-105,-14.5,81.533412,7.919755,1725,-109.5,-15,-110.5,-18.5,,,6,49
0,21846,95,00:04.0,0,5152022,,,-80.3,-14.6,79.850435,6.919355,1725,-83.8,-16.3,,,,,10,0
1,20680,377,01:25.0,1,5994241,5994240,,-98,-14.5,80.110657,7.122945,1725,-103,-14,-105,-16,,,10,7
2,26495,26,00:07.0,2,5908244,6782720,,-110,-16,80.522506,7.985403,1725,-112,-17,-113,-19.5,,,8,11
1,25709,439,01:33.0,1,6581504,,,-110,-10.8,81.835316,7.411716,1725,-115.5,-15.5,,,,,11,1
0,20731,375,01:55.0,0,7170306,7170326,,-106,-17,79.839817,7.219095,1725,-106,-18,-107,-18.5,,,8,6
22,21115,127,01:05.0,22,5405452,5405472,,-104,-13,80.40984,8.334123,1725,-109.5,-17.5,-111.5,-19.5,,,10.5,2
12,20419,290,01:33.0,12,5227267,5625876,5605888,-106,-13,80.29494,8.151121,1725,-117,-20,-117,-20,-118,-20,8,12
1,24604,65,01:16.0,1,6315520,,,-116.3,-16.3,80.663616,8.257597,1725,-118.7,-18.3,,,,,7,52
1,20254,199,00:52.0,1,6189059,,,-98.4,-12,79.895091,6.989889,1725,-105.8,-18.7,,,,,,3
10,23079,269,00:58.0,10,5618945,,,-121,-16.5,80.521311,7.95439,1725,-124,-20,,,,,8,35
10,20303,212,00:06.0,10,5232396,6311190,6311168,-114,-13.5,81.729588,7.687377,1725,-116,-15.5,-121,-20,-122,-20,,
2,20424,128,01:01.0,2,6294016,,,-105.2,-13.2,81.554087,7.918326,1725,-110.8,-17.6,,,,,7.5,18.5
2,20424,128,00:41.0,2,6294016,6130688,,-112,-14,81.548323,7.922644,1725,-115,-16.5,-116,-17,,,6,28
1,20829,139,01:55.0,1,6228737,,,-113,-19.5,79.838893,7.358795,1725,-114.5,-20,,,,,6,10.5
1,23925,386,01:49.0,1,5912834,,,-99.8,-13.9,81.337193,7.541015,1725,-105.3,-18.3,,,,,8,13.3
1,24586,445,01:31.0,1,5493781,5493761,5228289,-114,-20,81.53918,7.89698,1725,-112,-16.5,-112,-16.5,-112,-17,4,46
1,24604,65,00:20.0,1,6298624,,,-108,-13.8,80.659865,8.277216,1725,-114.5,-16.8,,,,,4,26
3,21118,57,00:37.0,3,5406238,,,-91.5,-13.8,80.83133,8.550302,1725,-95,-16.8,,,,,,2
3,21118,57,00:26.0,3,5795072,6548992,5787904,-118,-18,80.810802,8.55458,1725,-117,-16,-120,-20,-123,-20,,34
0,23520,180,01:56.0,0,5779222,5894422,,-109,-15.5,79.915252,7.144871,1725,-111,-16.5,-113,-19,,,,17
0,21846,95,00:19.0,0,5152002,5152022,,-98,-15,79.851094,6.918829,1725,-99,-15,-101,-16.5,,,9,1
22,21115,127,00:53.0,22,5197076,5197057,5405954,-103,-12,80.409438,8.33508,1725,-106,-15.5,-109,-18.5,-109,-17,6,4
1,24604,65,01:21.0,1,6315520,,,-117.5,-16.3,80.666814,8.255489,1725,-120.5,-18.8,,,,,8.8,48
3,21585,112,01:59.0,3,5291786,5525790,,-102,-12,80.128993,7.137277,1725,-105,-18,-110,-19.5,,,9,10
3,24157,57,01:02.0,3,5295380,6198528,,-91,-18,79.847614,7.210158,1725,-91,-19.5,-92,-18.5,,,,
1,23879,206,00:37.0,1,6113024,5782273,6113044,-89,-16.5,81.182619,8.503722,1725,-90,-17,-91,-18.5,-91,-16,6,0
30,20303,327,00:53.0,30,5197569,6124034,,-84,-12.3,81.725606,7.685652,1725,-89,-16,-92,-19.5,,,5,3.5
11,20424,126,00:06.0,11,5228289,5493790,6668801,-105,-14.5,81.534632,7.91758,1725,-109,-17,-111,-18,-112,-18.5,7,49
2,20424,128,00:06.0,2,6155530,6127104,,-109,-15.5,81.501961,7.927945,1725,-111,-17,-116,-20,,,5,89
3,21585,112,01:01.0,3,6017536,5291786,5525790,-105,-12.5,80.130292,7.133318,1725,-108,-17,-109,-19,-110,-18.5,,
22,21115,127,01:03.0,22,5197076,5405954,,-102,-12.5,80.409367,8.335075,1725,-106,-16.5,-108,-16.5,,,7,4
1,21766,210,00:44.0,1,5337622,5571862,,-105,-15.5,80.46113,8.75342,1725,-108,-17,-109,-20,,,,37
22,21115,127,00:43.0,22,5405472,,,-93,-14.1,80.409179,8.334577,1725,-96,-17.1,,,,,8.3,3.3
22,21115,127,00:48.0,22,5405443,5405442,,-93,-15,80.410733,8.333238,1725,-96,-15.5,-100,-17.5,,,7,0
0,20254,198,00:12.0,0,6189059,,,-98,-13.5,79.893341,6.990677,1725,-105,-18.5,,,,,11,1
10,23079,269,00:53.0,10,5908225,,,-109.2,-13.2,80.518836,7.950549,1725,-113,-16.1,,,,,6.3,29.3
80,26618,6,01:37.0,80,5194322,,,-102.7,-13.8,80.024662,9.746745,525,-107.7,-17.8,,,,,8.5,11
11,20424,126,01:17.0,11,5228318,,,-96,-12.5,81.554859,7.903502,1725,-102,-18,,,,,9,31
21,21686,349,01:12.0,21,5321216,,,-94.5,-13.3,80.215977,7.42756,1725,-101.7,-18.7,,,,,8.7,5.3
22,25709,423,00:47.0,22,6581506,,,-84,-13.5,81.830533,7.412746,1725,-83,-12.5,,,,,,
1,26394,337,01:19.0,1,6756866,,,-107.3,-13.3,80.92394,8.035251,1725,-113,-18.8,,,,,,10
0,27658,30,00:51.0,0,5123585,,,-100,-15.5,79.865875,6.919108,1725,-103,-19.5,,,,,,4
0,27658,30,00:02.0,0,7080449,5123585,5123584,-84,-13,,,1725,-85,-14,-89,-18,-89,-18.5,,0
0,20666,36,01:22.0,0,6350081,,,-109.5,-15.5,79.888649,6.983662,1725,-109.5,-16.3,,,,,8,4
1,23925,386,01:56.0,1,6124802,5912834,6237698,-109,-15,81.342608,7.537205,1725,-112,-18,-115,-17,-115,-20,5,28
1,24604,65,00:27.0,1,6298624,,,-114.4,-15.6,80.660675,8.274854,1725,-119.4,-19.4,,,,,6.8,29.8
1,23113,430,01:40.0,1,5318912,,,-102.4,-10.5,80.004351,9.736091,1725,-109.8,-18.3,,,,,7,22
0,23520,180,00:13.0,0,5779222,,,-106,-16,79.912377,7.147417,1725,-108,-18.5,,,,,,16
1,21457,314,01:58.0,1,5493014,5492994,,-101,-15.5,81.69833,7.711936,1725,-102,-14.8,-104.5,-16.3,,,4.5,2
1,24604,65,00:07.0,1,6298624,,,-113,-15.8,80.664124,8.28004,1725,-117.4,-18.2,,,,,8.3,25
3,21585,112,01:58.0,3,5525790,,,-98.7,-14.6,80.131421,7.135194,1725,-103.8,-18.7,,,,,7,10
2,26495,26,00:01.0,2,5908244,6782720,,-110.5,-16.6,80.521759,7.985045,1725,-112,-17.1,-115,-19.6,,,8,10.5
22,21115,127,01:25.0,22,5405452,5405472,,-101.5,-14,80.410071,8.333437,1725,-104,-14.5,-108.5,-19.3,,,6.5,2
30,20303,327,00:27.0,30,5231902,,,-107,-16.5,81.732833,7.689147,1725,-109,-20,,,,,5,15
10,20303,212,00:18.0,10,5232396,,,-103.7,-13.3,81.729498,7.68661,1725,-104,-14.5,,,,,7,9.5
0,21443,31,00:01.0,0,5489411,,,-98.8,-12.9,81.679613,7.303137,1725,-103,-17.3,,,,,8.5,7.7
2,20424,128,01:38.0,2,6294016,,,-109.5,-13.5,81.551232,7.918376,1725,-112,-17,,,,,6.5,22.5
2,20424,128,01:28.0,2,6155530,6130688,6127104,-110,-16,81.500721,7.928318,1725,-112,-17.5,-116,-20,-116,-20,4,92
3,21118,57,00:34.0,3,6548992,6548993,5787904,-114,-15,80.815328,8.563153,1725,-115,-15.5,-116,-17.5,-117,-18.5,,31
21,21686,349,01:11.0,21,6930689,5321217,,-106,-15,80.202706,7.424658,1725,-106,-14.5,-110,-18.5,,,7,25
1,21193,169,00:44.0,1,5128193,,,-77,-11.8,79.8569,6.895416,1725,-83.5,-18.3,,,,,7.5,0.5
0,23550,52,01:58.0,0,6028801,,,-108,-11.5,80.566904,7.749178,1725,-112,-16,,,,,7,25
2,24045,146,01:46.0,2,6155521,,,-87.8,-14.1,81.493589,7.94038,1725,-91,-17.9,,,,,10,2.3
0,22689,309,01:02.0,0,6674177,5551362,5551381,-106,-16,80.367314,7.470858,1725,-107,-16,-110,-16.5,-111,-20,4,7
0,20530,27,00:45.0,0,5267458,,,-94,-17,79.867938,6.886915,1725,-100,-18,,,,,7,10
2,23155,270,01:59.0,2,6010112,5927711,,-104,-13,80.179479,9.800663,1725,-109,-15,-112,-20,,,,7
1,21129,112,01:02.0,1,5207563,,,-102.5,-12.3,79.951847,6.988587,1725,-107.5,-17.8,,,,,6.5,16.5
81,27394,229,00:24.0,81,6025296,6025297,,-112.7,-13,79.744743,8.047124,525,-117,-15.3,-120.7,-19.7,,,9,24
10,23079,269,01:00.0,10,5618945,,,-110.5,-16,80.509333,7.99003,1725,-117,-20,,,,,4,37
81,27394,229,00:48.0,81,6025296,,,-104,-10.5,79.730808,8.044119,525,-111,-18,,,,,7,16
0,21443,31,00:37.0,0,5155586,5226498,,-109.5,-14.8,81.680277,7.301263,1725,-112,-17.8,-115.5,-19.5,,,5.5,13.7
2,21443,30,00:11.0,2,5489439,,,-99.3,-13.3,81.670584,7.305205,1725,-102.7,-15.8,,,,,10.5,6
2,20424,128,00:27.0,2,6294016,6130688,,-105.8,-13.2,81.549611,7.92011,1725,-110,-17.2,-112,-18.3,,,5.3,23.5
2,20424,128,00:20.0,2,5228547,,,-104,-12.1,81.556344,7.923222,1725,-108.5,-16.2,,,,,9.6,15.5
1,24829,238,01:15.0,1,7175168,6486272,6205440,-120,-20,81.048048,7.646668,1725,-119,-19,-124,-20,-125,-20,7,56
1,24829,238,01:36.0,1,6205440,7175168,6486272,-120,-20,81.046729,7.646614,1725,-124,-20,-125,-20,-126,-20,7,54
12,20649,131,00:47.0,12,5286176,6479872,,-98.3,-14,80.137357,7.275541,1725,-102.3,-18.5,-104.7,-20,,,6,35.5
0,23520,180,01:33.0,0,5779222,,,-112.3,-15.3,79.913183,7.146188,1725,-119.3,-19.3,,,,,6,15
1,24586,445,00:29.0,1,5228308,,,-103.7,-18,81.538848,7.922692,1725,-105.3,-13,,,,,9,16.5
20,20303,211,00:27.0,20,5231637,,,-96.4,-12.8,81.727506,7.68728,1725,-101.4,-16.9,,,,,11,6.3
10,23079,269,01:03.0,10,6782722,,,-111,-12,80.521284,7.954402,1725,-117,-16.5,,,,,8,35
3,21118,57,01:31.0,3,5406220,5787904,,-112,-17,80.818666,8.548176,1725,-112,-16.5,-113,-18.5,,,8,18
1,24586,445,01:34.0,1,6130690,6294018,6130688,-102,-16,81.53571,7.921171,1725,-107,-18,-108,-16.5,-108,-19.5,5,3
2,20424,128,00:38.0,2,6155550,6127104,,-113,-13.5,81.541938,7.920621,1725,-118,-18,-118,-18,,,5,32
1,24604,65,00:04.0,1,5996034,6298624,,-108,-14.5,80.675792,8.276878,1725,-114,-20,-118,-20,,,,
0,21846,95,00:48.0,0,5152022,4294967295,5152002,-81,-15,79.850832,6.9191,1725,-86,-17.5,-87,-20,-87,-15.5,,
0,21846,95,00:58.0,0,5152002,5152022,,-79,-14,79.850788,6.919203,1725,-84,-15.5,-85,-17.5,,,11,1
2,26495,26,01:29.0,2,5908244,6782720,,-112,-16.5,80.522511,7.985411,1725,-112,-16.5,-114,-19,,,7,11
22,21115,127,00:53.0,22,5405452,,,-104.3,-13.5,80.409884,8.333687,1725,-108.3,-16.5,,,,,10,2
3,21118,57,01:26.0,3,5406220,5787904,,-113,-16,80.819381,8.54828,1725,-111,-16,-112,-17,,,5,18
80,26618,6,00:35.0,80,5194322,,,-105,-12,80.023793,9.746051,525,-111,-18,,,,,9,9
2,20424,128,00:40.0,2,5228547,,,-101.8,-12,81.557646,7.921713,1725,-105.7,-15.3,,,,,9.9,10.8
11,20424,126,00:30.0,11,6130689,,,-102.1,-13.1,81.552383,7.905155,1725,-108.5,-17.3,,,,,7.8,25.2
2,20424,128,01:17.0,2,6155530,6127104,6130688,-111,-15,81.501753,7.928142,1725,-115,-19,-116,-18,-117,-20,5,90
1,23925,386,01:25.0,1,6124802,5912834,5912832,-100,-14.5,81.335914,7.551499,1725,-101,-17,-104,-19,-104,-17.5,5,12
2,26495,26,00:49.0,2,5874709,5618945,,-104,-14,80.515474,7.981306,1725,-106,-17.5,-109,-15,,,11,18
2,27658,32,01:19.0,2,7080449,5123585,,-90,-10,79.863334,6.918433,1725,-96,-16,-98,-16.5,,,,1
21,20814,222,01:32.0,21,5328395,5328386,,-100,-10,80.569622,7.75969,1725,-109,-19,-48,-19,,,11,4
1,23879,206,01:32.0,1,5782273,,,-110.5,-14.3,81.185747,8.501292,1725,-115,-17,,,,,6,7.5
21,21653,174,01:12.0,21,6167297,6564610,5316895,-92,-15.5,80.013127,9.665982,1725,-94,-17,-97,-17.5,-97,-20,,
22,21115,127,00:16.0,22,5405472,5197076,,-114,-15.5,80.409751,8.333817,1725,-116.5,-15.5,-117.5,-16.3,,,,1
30,20303,327,00:32.0,30,5197569,6124034,,-91.3,-15.3,81.725184,7.686439,1725,-93.7,-16.5,-96,-19,,,,
10,20303,212,00:59.0,10,5232396,6311168,,-115,-13.5,81.729371,7.686796,1725,-117,-15.5,-122,-20,,,4,9
2,21443,30,00:39.0,2,5489439,,,-98.2,-13.6,81.669718,7.305132,1725,-100.4,-16.1,,,,,10.5,7.7
2,24586,446,01:52.0,2,6130688,6130690,,-113,-15,81.53638,7.924726,1725,-118,-16.5,-119,-18,,,9,3
0,21846,95,01:32.0,0,5152002,5152022,5152001,-84,-14.5,79.850971,6.919099,1725,-87,-16,-90,-18.5,-91,-20,,
2,27658,32,01:29.0,2,5586688,,,-89,-9,79.861038,6.917578,1725,-96,-12,,,,,12,2
22,21115,127,00:55.0,22,5405452,5405472,,-106,-14,80.410208,8.333864,1725,-110,-16.5,-112,-19,,,10,2
1,23925,386,00:03.0,1,5912832,,,-89.9,-13,81.342668,7.550736,1725,-94.3,-16.5,,,,,8.8,2.8
2,20424,128,01:23.0,2,6155530,6127104,,-112,-17,81.501282,7.928217,1725,-113,-18.5,-116,-20,,,4,90
21,21653,174,00:50.0,21,5543170,7164928,5543169,-93,-13,80.00912,9.669323,1725,-98,-16,-100,-17,-100,-19.5,,
1,24829,238,01:02.0,1,6486274,,,-113.5,-14.8,81.027747,7.635939,1725,-114.5,-16.5,,,,,9,23.5
3,21585,112,01:53.0,3,6017536,,,-110.5,-14.3,80.144063,7.133442,1725,-115.3,-19,,,,,7.2,20.8
2,26495,26,01:55.0,2,5908244,,,-105.3,-15.1,80.521367,7.980875,1725,-107.3,-17.9,,,,,10,4
2,23155,270,01:26.0,2,6766337,,,-102.4,-12.8,80.19116,9.801749,1725,-109.2,-18.9,,,,,11.3,8.8
1,24604,65,00:45.0,1,6315520,,,-116.8,-16.3,80.663755,8.264575,1725,-119.2,-18.7,,,,,9,36.8
2,20424,128,00:12.0,2,6294016,,,-103,-12.8,81.551512,7.919968,1725,-108,-17.1,,,,,4,23
3,21585,112,01:52.0,3,6918913,5525790,,-112,-14,80.135555,7.138055,1725,-119,-20,-120,-20,,,8,13
0,22689,309,00:18.0,0,5154836,,,-100,-11.5,80.366849,7.473038,1725,-107,-20,,,,,10,7
1,24604,65,00:19.0,1,5996034,,,-115.4,-15.1,80.670005,8.27293,1725,-120,-19.5,,,,,7,39.7
3,21118,57,00:32.0,3,5787904,,,-110.5,-14.8,80.818555,8.556143,1725,-116,-18.8,,,,,9,31
1,24586,445,01:45.0,1,6294018,6130690,,-105,-15,81.535004,7.921608,1725,-107,-17.5,-108,-18.5,,,,7
3,21585,112,01:54.0,3,5291786,5525790,,-103,-12.5,80.12847,7.138153,1725,-108,-18,-110,-19.5,,,10,10
3,24157,57,01:55.0,3,6184214,,,-86.7,-12.6,79.848663,7.210176,1725,-91,-16.8,,,,,9.5,3.4
0,20666,36,01:23.0,0,6350081,,,-111,-16,79.889541,6.983972,1725,-112,-16.5,,,,,8,4
2,24045,146,00:39.0,2,6600960,,,-98.9,-13.6,81.488438,7.943469,1725,-100.6,-15.3,,,,,9.4,16.7
0,20731,375,01:52.0,0,7170326,6429184,,-110,-15.5,79.840465,7.219327,1725,-116,-19.5,-118,-16.5,,,8,6
22,21115,127,00:05.0,22,5197076,5405954,,-101,-12,80.410127,8.335122,1725,-105,-15.5,-109,-19,,,9,4
10,23079,269,00:53.0,10,5874689,4294967295,,-113,-15.5,80.548495,7.99216,1725,-115,-18.5,-116,-18,,,6,104
21,21653,174,00:33.0,21,6167297,,,-89,-15,80.013303,9.665756,1725,-90,-16,,,,,6,8
2,20514,11,01:50.0,2,5498114,,,-93,-15.5,79.862099,6.945895,1725,-93,-15.5,,,,,5,3
22,21115,127,00:54.0,22,5405472,5197076,,-109.7,-14.2,80.408763,8.334845,1725,-112,-16.2,-114,-17.5,,,6,4
10,20303,212,00:07.0,10,5232396,6311190,,-101,-13,81.72917,7.686275,1725,-107,-17.5,-108,-20,,,,9
3,21118,57,00:26.0,3,5406220,,,-80,-14,80.831317,8.547915,1725,-86,-16,,,,,7,1
2,20771,346,01:51.0,2,6029569,,,-109.6,-14.7,79.987839,9.746646,1725,-113.4,-17.8,,,,,6,15
3,20007,38,00:03.0,3,5276417,5121792,,-77,-13.3,79.859449,6.896373,1725,-78,-10.8,-82.5,-15.3,,,12,2
0,21685,372,01:56.0,0,6674178,7138818,5552130,-109,-18,80.377057,7.480926,1725,-109,-16.5,-113,-19.5,-113,-19.5,6,4
0,21893,256,00:34.0,0,5490944,,,-117,-17,80.370486,8.338863,1725,-117,-18,,,,,6,16
30,20303,327,00:13.0,30,5197569,6124034,,-83.6,-14.6,81.726751,7.685771,1725,-85.7,-15.1,-87.7,-18.4,,,8,4.3
1,23925,386,00:05.0,1,5912832,,,-96.7,-13.3,81.346179,7.545971,1725,-101.7,-16.3,,,,,7,3.2
2,20731,377,01:49.0,2,5305090,5307137,5295382,-108,-15,79.839259,7.21371,1725,-112,-19,-112,-19.5,-113,-20,6,3
21,20814,222,01:37.0,21,5328386,,,-100.3,-13.3,80.570547,7.759898,1725,-104.3,-17.3,,,,,5,3.5
20,23879,205,01:09.0,20,6113024,6113025,,-91.5,-13.3,81.18583,8.504226,1725,-96.5,-16.3,-97,-14.5,,,7,5
22,21115,127,00:48.0,22,5405472,5197076,,-100.5,-14,80.40929,8.335075,1725,-103.5,-16.5,-105,-18,,,,4
1,24604,65,01:25.0,1,6316832,5996034,5968672,-117,-16.5,80.669634,8.272945,1725,-118,-18,-118,-19,-120,-19.5,6,37
10,20303,212,00:48.0,10,5232396,6311168,6311190,-114,-15.5,81.729252,7.687758,1725,-115,-17,-118,-19.5,-119.5,-19.8,6,9
21,21653,174,01:22.0,21,6167297,7164949,6190850,-99,-14,80.013162,9.666091,1725,-103,-19,-103,-17.5,-104,-20,4,7
2,21443,30,00:21.0,2,5489439,,,-97.2,-13.3,81.669995,7.305462,1725,-102.3,-17.6,,,,,11,8
0,21846,95,00:21.0,0,5152022,,,-83.5,-12.6,79.850357,6.919345,1725,-86.3,-15.3,,,,,10,0.7
1,20680,377,01:30.0,1,5994241,,,-101.5,-13.5,80.111417,7.122441,1725,-106,-14.8,,,,,10,6.5
22,21115,127,01:19.0,22,5197076,5197057,,-97,-12,80.409099,8.335283,1725,-101,-17,-103,-20,,,6,4
1,24604,65,01:13.0,1,6316832,,,-102,-15.5,80.683816,8.226595,1725,-103,-16.5,,,,,,96
10,20303,212,01:04.0,10,5232396,6311168,,-115,-13.5,81.729348,7.686732,1725,-118,-17.5,-123,-20,,,4,9
10,20303,212,01:14.0,10,5232396,6311168,,-110.5,-13.5,81.72651,7.687548,1725,-114,-17.8,-117,-19.5,,,5,4.5
1,23113,430,00:35.0,1,5317377,5916949,,-108,-16,79.996642,9.733001,1725,-105,-13.5,-114,-20,,,6,15
83,27352,42,01:21.0,83,6561106,,,-107.3,-11.7,80.291503,8.163838,525,-114.3,-19,,,,,8,19.5
2,20424,128,01:24.0,2,6127104,6294016,,-113,-14.5,81.543393,7.924638,1725,-115,-17,-116,-18,,,7,31
3,21585,112,01:59.0,3,5291786,6017536,,-107,-14,80.135555,7.138055,1725,-113,-18.5,-114,-20,,,12,13
0,22689,309,00:13.0,0,5808386,,,-98,-11.5,80.365983,7.472175,1725,-103,-16,,,,,9,7
22,21115,127,01:14.0,22,5405472,,,-98.5,-13.1,80.40915,8.334632,1725,-103.8,-17.4,,,,,9.4,3.9
20,20303,211,00:52.0,20,5231637,,,-102,-13.7,81.727182,7.687456,1725,-108.7,-19,,,,,,6.5
30,20303,327,00:42.0,30,5197569,5197599,,-84,-14.5,81.724581,7.687097,1725,-86,-16,-90,-20,,,,2
2,23113,208,01:32.0,2,6046998,5315074,,-108,-15,79.969726,9.713142,1725,-112,-19,-116,-20,,,5,47
12,20393,259,01:53.0,12,5220630,5337346,,-93,-12,80.497402,8.751986,1725,-100,-17,-102,-20,,,,0
11,20424,126,00:00.0,11,5228318,,,-98,-13,81.554859,7.903502,1725,-102,-17.5,,,,,10,31
2,20424,128,00:22.0,2,5228575,,,-97,-12.8,81.560556,7.916183,1725,-100.4,-15.5,,,,,8,8.2
1,21574,375,01:46.0,1,5289473,,,-107.5,-18.3,79.865259,7.069404,1725,-107.5,-19,,,,,6.5,13
21,21653,174,00:39.0,21,5543170,,,-102,-13.5,80.009244,9.669388,1725,-104,-16,,,,,,
0,21657,93,01:59.0,0,5318145,,,-112,-17.5,80.050627,9.659839,1725,-114.5,-19.3,,,,,7.5,10
21,21653,174,00:11.0,21,6564610,6167297,,-91,-14.5,80.013359,9.665814,1725,-96,-17.5,-98,-15,,,4,8
21,21653,174,00:22.0,21,6564610,6167297,4294967295,-91,-15,80.013336,9.66579,1725,-92,-17.5,-92,-16.5,-97,-20,,
12,24860,405,01:43.0,12,6364182,6371870,6243328,-89,-15.5,79.858159,7.241029,1725,-89,-15,-91,-17.5,-93,-18,,10
1,23925,386,01:53.0,1,6124802,5912834,,-110.3,-15,81.334159,7.545327,1725,-113,-17.3,-116.7,-18.8,,,5,24.7
1,24604,65,00:20.0,1,6298624,6170369,5996034,-110,-15.5,80.656613,8.279873,1725,-116,-20,-116,-20,-117,-20,7,14
10,23079,269,01:45.0,10,5618945,5908225,,-120,-14.5,80.521768,7.95216,1725,-127,-20,-130,-20,,,9,35
80,26618,6,00:50.0,80,5194322,,,-104,-11.5,80.023793,9.746051,525,-110,-17,,,,,,
80,26618,6,01:05.0,80,5194322,,,-104,-13.5,80.023793,9.746051,525,-108,-18.5,,,,,9,9
1,21653,176,01:25.0,1,5312770,,,-85.5,-11.8,80.010424,9.66984,1725,-89.8,-16.1,,,,,6.7,1.7
12,20393,259,01:43.0,12,5220630,,,-87.3,-11.4,80.49739,8.751915,1725,-95.6,-18.8,,,,,7,0.3
2,20424,128,00:47.0,2,6155530,6127104,,-110,-15.5,81.502026,7.928087,1725,-112,-17,-116,-17.5,,,4,90
3,21585,112,01:41.0,3,5291786,5525790,,-108,-12,80.12847,7.138153,1725,-111,-16.5,-114,-19,,,,
1,20680,377,01:46.0,1,5994241,,,-100.5,-14,80.110928,7.122083,1725,-105,-15,,,,,9,6.5
21,21686,349,01:17.0,21,6930689,,,-96,-13.3,80.217182,7.424137,1725,-101.7,-16.7,,,,,,
21,21686,349,01:28.0,21,6930689,5321216,,-102,-13.8,80.213102,7.431383,1725,-107.8,-17.1,-110.8,-19.6,,,4,2
0,20666,36,01:48.0,0,6925570,6350081,5185046,-102,-15.5,79.889473,6.984576,1725,-100,-15,-102,-16.5,-104,-18,6,5
1,21129,112,01:07.0,1,5207563,5302026,,-99,-13,79.951324,6.992045,1725,-104,-18.5,-106,-19.5,,,7,17
41,20649,370,00:53.0,41,5410856,5410857,,-109,-13.5,80.120865,7.257365,3650,-114,-17,-115,-18.5,,,,30
91,27394,230,01:45.0,91,4294967295,,,-92,-16,79.735079,8.050708,525,-88,-12,,,,,,9
20,23879,205,00:28.0,20,6878465,6113024,6113025,-108,-15,81.188296,8.504676,1725,-109,-17,-111,-17.5,-111,-17.5,4,9
1,23925,386,00:49.0,1,5912834,,,-106.8,-15.5,81.33433,7.533098,1725,-106.2,-15.5,,,,,5,25.5
3,21118,57,00:31.0,3,5795072,6548992,5787904,-117,-18,80.810463,8.554383,1725,-119,-18.5,-120,-19.5,-124,-20,,
83,27352,42,01:27.0,83,5227346,5227347,7002194,-113,-11.5,80.291654,8.160672,525,-118,-16,-120,-19.5,-120,-19.5,4,10
1,24604,65,01:16.0,1,5996034,,,-117,-17.5,80.671247,8.268487,1725,-119,-18.8,,,,,4,36
3,24157,57,01:21.0,3,6198528,,,-82,-14,79.849407,7.210591,1725,-88,-19,,,,,11,4
3,24157,57,01:12.0,3,5295380,5305108,6198528,-88,-17.5,79.847438,7.210674,1725,-88,-17.5,-89,-16.5,-91,-18,,4
3,21585,112,01:54.0,3,6017536,,,-110,-14.6,80.144067,7.134588,1725,-114.8,-17.5,,,,,7,18.3
21,21653,174,00:59.0,21,6167297,6564609,6190850,-91,-15.5,80.013343,9.665803,1725,-93,-15,-97,-20,-98,-19,5,8
2,24586,446,00:16.0,2,6127106,,,-98,-19,81.538333,7.925306,1725,-100,-20,,,,,5,49
0,20418,222,01:44.0,0,6651648,,,-100.8,-12.7,80.598463,8.047973,1725,-103.7,-15.9,,,,,6.5,12.5
2,20424,128,01:24.0,2,5228547,,,-105.7,-11.8,81.554828,7.922783,1725,-111.7,-17,,,,,9.5,15.4
2,20424,128,01:02.0,2,5228547,,,-103.1,-11.5,81.556546,7.921698,1725,-108.2,-16.2,,,,,8.7,13.9
1,21574,375,01:53.0,1,5522976,,,-91,-11.5,79.857751,7.064756,1725,-98,-20,,,,,12,2
3,24157,57,00:10.0,3,5303808,,,-86,-15.5,79.849648,7.209357,1725,-88,-17.5,,,,,,
3,21585,112,01:08.0,3,5525790,,,-104,-13.9,80.140699,7.127404,1725,-109.5,-18.5,,,,,9,12
2,26495,26,00:32.0,2,5908244,6782720,,-111,-15,80.522511,7.985411,1725,-113,-16,-114,-19.5,,,7,11
20,23879,205,00:07.0,20,6113025,,,-99.5,-13.3,81.186315,8.503499,1725,-103,-17,,,,,7.5,7
0,23520,180,01:02.0,0,5779222,,,-112,-15.2,79.911924,7.145947,1725,-119,-20,,,,,,
1,23925,386,01:47.0,1,6124802,5912834,,-104,-14,81.325803,7.553443,1725,-105,-14.5,-111,-20,,,7,26
2,24586,446,01:26.0,2,6127106,6127104,6155521,-113,-20,81.510914,7.939736,1725,-114,-20,-115,-20,-118,-20,4,44
1,20254,199,00:01.0,1,6189059,,,-96.5,-11,79.894984,6.989989,1725,-105.5,-19.5,,,,,,2
10,20303,212,00:50.0,10,5197598,6311168,,-102,-13,81.730477,7.686698,1725,-110,-17.5,-111,-20,,,9,7
0,20418,222,01:39.0,0,6651648,,,-104,-12.5,80.597861,8.049568,1725,-107.8,-16.5,,,,,10,17.5
2,20424,128,01:32.0,2,6294016,,,-107,-13,81.55084,7.920141,1725,-113,-20,,,,,,18
2,20424,128,01:38.0,2,5228547,,,-103.3,-12.1,81.555766,7.921279,1725,-107.6,-15.6,,,,,8.5,16.9
2,20424,128,01:34.0,2,6127104,,,-115.3,-15,81.547677,7.922252,1725,-120,-18.3,,,,,4,46.7
2,20424,128,01:48.0,2,5228547,6130688,6294016,-111,-13,81.542847,7.926682,1725,-116,-17,-117,-17.5,-117,-18,6,33
2,20424,128,01:39.0,2,6130688,,,-100.7,-12.5,81.545004,7.91581,1725,-105,-16.8,,,,,5,32
2,20424,128,01:33.0,2,6155530,6127104,,-109,-15,81.500376,7.928375,1725,-112,-18,-116,-17,,,5,93
2,20424,128,01:51.0,2,5228547,,,-100.7,-11.8,81.555141,7.920873,1725,-106.2,-16.3,,,,,9.9,15.7
3,21585,112,01:40.0,3,5291786,5525790,,-113,-13.5,80.142596,7.133233,1725,-121,-20,-125,-20,,,8,13
3,21585,112,01:08.0,3,5291786,5525790,,-103,-14.5,80.130292,7.133318,1725,-107,-17,-107,-18.5,,,7,10
0,21846,95,01:58.0,0,5152000,,,-80,-14.5,79.850467,6.919146,1725,-81,-16,,,,,,1
2,20858,177,00:13.0,2,6731266,,,-104.8,-13.5,80.49913,8.762057,1725,-108.8,-16.3,,,,,6,1.7
2,23520,182,00:03.0,2,6021123,,,-92,-14.3,79.903504,7.144696,1725,-94.5,-16.5,,,,,1,0
0,21657,93,01:56.0,0,5318145,,,-103,-16,80.051864,9.660165,1725,-106,-19,,,,,8,10
20,23879,205,00:40.0,20,6113024,,,-90,-12.3,81.185038,8.503643,1725,-94.5,-17,,,,,7,2.5
20,23879,205,00:23.0,20,6113025,5220362,,-106,-13,81.188216,8.504341,1725,-110,-17.5,-111,-18,,,6,9
12,23002,153,01:55.0,12,5284619,5888534,5284629,-113,-16.5,80.133366,7.035788,1725,-116,-17,-118,-18.5,-119,-17.5,8,25
0,23520,180,01:58.0,0,5779222,,,-112,-14.8,79.911448,7.147298,1725,-118,-17.3,,,,,6,15
22,21115,127,00:59.0,22,5405472,,,-101.3,-14.4,80.408689,8.334944,1725,-105.5,-17.4,,,,,6,3.5
1,24604,65,00:30.0,1,6315520,,,-111.7,-14.3,80.670616,8.27792,1725,-114.7,-18,,,,,9,40
0,20077,416,00:16.0,0,4294967295,5421058,5185538,-84,-16,79.861471,6.87535,1725,-84,-15.5,-85,-17.5,-86,-16.5,4,4
2,23002,259,01:54.0,2,5810698,,,-112,-17,80.134866,7.029184,1725,-114,-17.5,,,,,,19
1,24586,445,01:42.0,1,6130690,6294018,,-102,-16.5,81.534636,7.921389,1725,-102,-17.5,-102,-18,,,6,9
2,20424,128,01:25.0,2,6130688,6294016,,-108,-15.5,81.547416,7.918318,1725,-107,-16,-108,-16.5,,,6,25
2,25923,161,00:02.0,2,5301762,6003969,,-104,-14.5,79.956086,7.006654,1725,-108,-17,-110,-17,,,5,4
1,21766,210,00:10.0,1,5337622,5571862,,-112,-16.5,80.460713,8.758149,1725,-112,-17,-113,-18,,,,37
21,21653,174,00:39.0,21,6167297,,,-87,-13.5,80.013303,9.665757,1725,-94,-18,,,,,5,8
0,23520,180,01:53.0,0,5779222,,,-113,-15,79.912135,7.146513,1725,-123,-20,,,,,6,15
0,23520,180,01:48.0,0,5779222,,,-112,-15,79.912135,7.146513,1725,-121,-20,,,,,10,15
81,27394,229,01:08.0,81,6025296,,,-106.8,-11.5,79.737101,8.047949,525,-113.6,-16.6,,,,,8.2,18.6
2,20424,128,01:05.0,2,5228547,,,-103.1,-12.4,81.555952,7.921001,1725,-106.5,-15.5,,,,,7,12.7
2,20424,128,00:42.0,2,6155530,6127104,6130688,-112.5,-15,81.521014,7.940085,1725,-115,-17.3,-117,-17.5,-120,-19.8,4,89.5
21,21653,174,01:15.0,21,6167297,6564610,,-94,-15,80.01305,9.665987,1725,-94,-15,-100,-19,,,3,7
22,21115,127,01:19.0,22,5405472,5197076,,-105.3,-13.3,80.409036,8.335079,1725,-109.3,-15.8,-112,-18.8,,,6,4.5
20,20303,211,00:06.0,20,5231637,,,-90.3,-11.5,81.728336,7.687431,1725,-96,-15.2,,,,,10,7
10,20303,212,00:08.0,10,5232396,,,-98.8,-13.6,81.729069,7.686876,1725,-105.8,-17.4,,,,,12,9
21,21653,174,01:27.0,21,7164949,6167297,6564610,-98,-15.5,80.013131,9.666265,1725,-101,-17.5,-101,-18.5,-104,-19.5,3,7
1,21653,176,00:49.0,1,5309955,5312778,5312769,-91,-16.5,80.014681,9.668035,1725,-93,-18,-94,-13.5,-94,-19,4,8
83,27352,42,01:06.0,83,5227346,7002194,5227347,-107,-13,80.291791,8.160577,525,-108,-15,-112,-18,-115,-18.5,5,10
2,20424,128,01:54.0,2,6294016,,,-109,-13.3,81.551462,7.919355,1725,-115.4,-17.6,,,,,6.4,21.6
2,20424,128,01:39.0,2,6127104,,,-115,-12.3,81.549236,7.924883,1725,-122.5,-19.8,,,,,5.5,23
2,20424,128,01:50.0,2,6130688,,,-96,-14.5,81.535842,7.916987,1725,-99,-17,,,,,6,41
1,24604,65,00:55.0,1,6298624,,,-112.8,-15.1,80.662875,8.282302,1725,-116.6,-18.2,,,,,5.7,29.7
3,21585,112,01:36.0,3,5291786,5525790,,-106,-13.5,80.12847,7.138153,1725,-108,-16.5,-110,-18,,,,
0,21846,95,01:49.0,0,5152002,4294967295,,-96,-14.5,79.850602,6.919313,1725,-98,-16,-101,-20,,,9,1
2,27658,32,01:55.0,2,7080449,,,-90.5,-11,,,1725,-93,-13.8,,,,,11,0
21,20309,300,01:45.0,21,5199106,,,-104.5,-14.3,79.889917,6.933813,1725,-109,-17.3,,,,,7,3
0,23520,180,01:12.0,0,6021123,5769472,,-104,-16.5,79.912093,7.153129,1725,-105,-17.5,-107,-19.5,,,6,15
10,23079,269,00:04.0,10,5623552,5765398,5556247,-110,-18,80.532139,7.940244,1725,-109,-15.5,-111,-19,-114,-20,6,49
0,24641,274,01:50.0,0,6262016,5207840,5207820,-88,-13.5,80.094467,7.14288,1725,-94,-19.5,-95,-19,-96,-20,1,12
10,23079,269,00:44.0,10,5618945,6782722,,-107,-15.5,80.506666,7.969588,1725,-111,-16.5,-114,-20,,,4,37
3,21118,57,01:08.0,3,5406230,,,-108,-17,80.809519,8.550657,1725,-105,-13.5,,,,,7,19
0,23520,180,00:49.0,0,5779222,5894422,,-111,-17,79.91572,7.144476,1725,-109,-14.5,-114,-18.5,,,,
2,20424,128,01:44.0,2,6130688,,,-96.5,-13.5,81.535966,7.917521,1725,-98,-14.8,,,,,5,41
2,20424,128,00:45.0,2,5228547,,,-100.9,-12.4,81.556759,7.921791,1725,-105.1,-15.9,,,,,8.6,11.5
11,20424,126,00:05.0,11,6130689,,,-98.7,-12.8,81.551969,7.903258,1725,-106,-17.3,,,,,8,24
2,27068,77,01:54.0,2,6783488,,,-98.8,-14.2,80.389177,7.473075,1725,-101.8,-17.2,,,,,9.3,7.4
1,24091,392,00:08.0,1,5316875,6190850,,-100,-17,80.012349,9.667097,1725,-102,-18,-103,-18.5,,,7,1
1,23879,206,00:04.0,1,6113024,6113044,5782273,-89,-17.5,81.182617,8.503722,1725,-89,-16.5,-91,-17,-91,-19,8,0
20,23879,205,00:59.0,20,6113025,,,-100,-12.3,81.186771,8.503452,1725,-105.3,-17.1,,,,,6.5,6.3
21,21115,400,00:06.0,21,5227776,4294967295,5227779,-103,-16,80.396429,8.335944,1725,-106,-15,-109,-16.5,-109,-20,7,24
3,20421,131,00:01.0,3,5625090,5227776,6177539,-97,-19,80.381712,8.335039,1725,-94,-16.5,-95,-19,-96,-15.5,6,40
0,23520,180,00:34.0,0,5779222,,,-106,-15.5,79.914074,7.145886,1725,-112,-18.5,,,,,,16
11,20424,126,01:57.0,11,5228318,,,-97,-13,81.554859,7.903502,1725,-102,-17,,,,,9,31
2,20424,128,01:44.0,2,6294016,6130688,,-118,-16,81.542823,7.926657,1725,-119,-17.5,-120,-18,,,3,32
2,20424,128,01:21.0,2,5228547,,,-100.9,-12.1,81.556017,7.923217,1725,-106.2,-16.2,,,,,8.7,14.4
3,21585,112,01:45.0,3,6925825,,,-113,-15,80.135555,7.138055,1725,-117,-18,,,,,7,21
3,21585,112,01:48.0,3,6017536,,,-110.6,-15,80.144501,7.134447,1725,-112.6,-16.3,,,,,5.7,18.7
0,21846,95,00:14.0,0,5152002,5152022,5152000,-82,-15,79.851047,6.919052,1725,-85,-16,-86,-17.5,-87,-19,9,1
1,20680,377,00:51.0,1,5994241,,,-93.7,-12.3,80.11035,7.122892,1725,-97.3,-15.8,,,,,10.5,6.8
3,20007,38,00:28.0,3,5276417,,,-79,-11.5,79.859349,6.895772,1725,-85,-12,,,,,14,2
22,20077,415,01:16.0,22,5139712,5139714,,-92.7,-13.8,79.861065,6.875761,1725,-94.7,-14,-98.3,-18.3,,,5,2.5
1,21766,210,00:49.0,1,5571862,5337622,,-107,-17.5,80.43556,8.756681,1725,-107,-18.5,-109,-19,,,,37
21,21653,174,01:01.0,21,6167297,6564610,6564609,-91,-15.5,80.013353,9.665811,1725,-94,-16.5,-97,-19,-97,-19.5,5,8
91,27394,230,01:00.0,91,6050128,,,-107.8,-12.6,79.736456,8.042894,525,-112.3,-16.4,,,,,7.6,19.2
20,20303,211,01:09.0,20,5232416,5232384,,-99.7,-13.8,81.730945,7.687878,1725,-102.3,-16,-104.7,-18.3,,,9,10.5
1,21653,176,01:35.0,1,5543189,5312768,5312770,-93,-13,80.011311,9.669194,1725,-98,-17.5,-98,-18,-98,-15.5,8,1
0,23520,180,00:23.0,0,5779222,,,-104.7,-15.7,79.912763,7.148873,1725,-109,-18.2,,,,,5,19
1,24586,445,01:52.0,1,6130690,6294018,,-106,-16.5,81.536352,7.921673,1725,-108.5,-18.8,-109.5,-19.3,,,8,7.5
1,24604,65,00:30.0,1,5996034,,,-108,-15,80.665398,8.279342,1725,-114.5,-20,,,,,,
3,21585,112,01:49.0,3,4294967295,4294967295,,-110,-19,80.136213,7.126891,1725,-110,-18.5,-114,-18,,,6,19
0,21846,95,01:29.0,0,5152002,5152022,,-83.5,-15,79.850839,6.918943,1725,-81.5,-13,-87,-18.8,,,9.5,1
10,24045,95,00:42.0,10,6127104,,,-99.7,-14.7,81.525324,7.943997,1725,-101.8,-16.2,,,,,5.7,54.8
30,24045,144,01:52.0,30,6127104,6130688,,-115,-17.5,81.530521,7.948077,1725,-114,-16.5,-116,-16.5,,,,43
10,24045,95,01:19.0,10,6155550,,,-95.7,-13,81.503878,7.943992,1725,-99,-15.2,,,,,5.3,8.3
2,24045,146,00:35.0,2,6155520,,,-96,-14.3,81.495073,7.959099,1725,-100,-17.5,,,,,7,25.7
0,20530,27,01:43.0,0,5185537,5421056,,-94,-14.5,79.865804,6.879364,1725,-96.5,-18,-99.5,-20,,,,1
0,20530,27,01:07.0,0,6021376,5178624,5578757,-97,-13.5,79.866023,6.879134,1725,-104,-20,-104,-18.5,-105,-18.5,6,4
21,21610,199,01:22.0,21,5532161,,,-102.5,-11.8,79.977195,7.034014,1725,-112.5,-20,,,,,9,8.5
12,20649,131,00:17.0,12,5410836,,,-117,-13.5,80.129224,7.28296,1725,-124.3,-19.2,,,,,7,29.7
21,21653,174,00:16.0,21,6564610,6167297,,-93,-16,80.013359,9.665811,1725,-97,-17.5,-98,-15,,,3,8
1,20477,281,01:53.0,1,5502466,,,-95.3,-10.8,79.857572,6.92502,1725,-99.3,-15.1,,,,,8.5,2.3
82,21677,368,01:53.0,82,5325649,,,-92.5,-15.5,80.364373,7.48812,525,-93,-16.3,,,,,8,1
1,24604,65,01:10.0,1,6315520,,,-114,-16.3,80.662565,8.269672,1725,-117.5,-18.8,,,,,9,35
1,20254,199,00:06.0,1,5185024,6189059,,-90,-11.5,79.894626,6.990378,1725,-100,-20,-102,-20,,,,2
91,27394,230,00:08.0,91,6050128,,,-108.3,-12.4,79.736015,8.042581,525,-114.3,-17.8,,,,,7,18.2
30,20303,327,00:42.0,30,5231902,5232386,,-115,-20,81.733015,7.688593,1725,-114,-20,-115,-20,,,1,16
10,20303,212,00:34.0,10,5232396,6311168,6124032,-115,-15,81.729418,7.686979,1725,-116,-15.5,-118,-18,-123,-20,5,9
2,20424,128,01:14.0,2,6294016,6130688,,-101,-13.5,81.548329,7.918913,1725,-106,-17.5,-107,-18.5,,,6,25
0,27658,30,01:41.0,0,5248277,5146882,,-88,-16,79.86571,6.916278,1725,-45,-17.5,-91,-18,,,6,3
41,20649,370,00:47.0,41,5410856,,,-109,-13.5,80.120791,7.257372,3650,-112,-16.5,,,,,,30
21,21653,174,00:43.0,21,6167297,5316895,6564610,-90,-15.5,80.013305,9.665757,1725,-92,-16.5,-93,-16.5,-94,-16,,
1,24604,65,00:27.0,1,6170369,,,-126,-17,80.664963,8.280562,1725,-130,-18.5,,,,,6,25
1,24604,65,00:16.0,1,6316832,,,-121,-16.5,80.669058,8.279783,1725,-130,-20,,,,,,
1,24604,65,01:30.0,1,6316832,,,-118,-17.5,80.6696,8.272599,1725,-118,-16,,,,,6,37
3,20421,131,00:00.0,3,5227776,5625090,,-96,-18.5,80.38166,8.334849,1725,-96,-18,-98,-19,,,5,40
0,21443,31,00:07.0,0,5226498,5155586,,-103.8,-14.7,81.681586,7.301041,1725,-107,-17.8,-108.5,-18.3,,,6,12.4
0,23520,180,00:39.0,0,5779222,5894422,,-109,-16,79.915055,7.145046,1725,-111,-16.5,-112,-16.5,,,,
1,24586,445,01:57.0,1,6294018,,,-100.9,-15,81.53756,7.922363,1725,-105.3,-17.7,,,,,8.4,5.3
2,20424,128,01:39.0,2,5228547,,,-99.6,-11.9,81.557211,7.921135,1725,-104.5,-15.2,,,,,8.2,11.7
2,20424,128,00:42.0,2,6903818,6130688,6127104,-114,-15.5,81.541845,7.920528,1725,-115,-15.5,-115,-17,-116,-17.5,5,32
0,21846,95,00:29.0,0,5152002,5152000,,-97,-16.5,79.850493,6.919777,1725,-96,-14.5,-101,-17,,,8,1
2,26495,26,00:42.0,2,5908244,6782720,,-113,-15.5,80.52199,7.985138,1725,-115,-18,-117.5,-20,,,9,11
0,27658,30,01:36.0,0,5248277,5146882,5248256,-91,-17,79.865937,6.916979,1725,-50,-16.5,-93,-17,-93,-20,5,4
0,27658,30,00:24.0,0,5146882,5146880,,-99,-12.5,79.865633,6.917121,1725,-103,-17.5,-105,-19,,,,4
1,23925,386,00:54.0,1,5912834,6011904,,-112,-15.5,81.333212,7.525082,1725,-113,-17,-116,-19.5,,,,44
20,20303,211,00:22.0,20,5231637,,,-101,-13.2,81.728453,7.687138,1725,-103.7,-15,,,,,7,7.5
3,21118,57,00:59.0,3,5787904,,,-113.5,-14.1,80.816262,8.565555,1725,-119.3,-18.5,,,,,7,26
2,23113,208,01:12.0,2,5916928,5315072,,-104,-15,79.978365,9.7431,1725,-106.5,-15.8,-111.5,-20,,,9,13.5
0,21443,31,00:42.0,0,5155586,,,-107.9,-13.8,81.678956,7.301633,1725,-110.4,-16.9,,,,,6.5,13.3
1,24586,445,01:50.0,1,6130688,,,-98.5,-13.5,81.53821,7.922285,1725,-103.3,-18.3,,,,,7.5,4
2,20424,128,01:21.0,2,6294016,,,-109.8,-13.4,81.555808,7.919357,1725,-116.3,-17.9,,,,,7,19.3
3,21585,112,01:02.0,3,6017536,,,-109.5,-14.5,80.144829,7.128437,1725,-112,-17.5,,,,,,
2,27658,32,01:34.0,2,5586688,,,-86,-9,79.861038,6.917578,1725,-94,-13,,,,,12,1
0,27658,30,01:44.0,0,5123585,5146882,5248277,-111,-16,79.866691,6.917782,1725,-107,-15,-109,-17.5,-60,-17.5,,5
1,21703,63,00:10.0,1,5556736,,,-107.3,-13.4,80.583677,7.69066,1725,-112.7,-17,,,,,10,20.8
2,20064,194,01:02.0,2,5136384,,,-96,-12.2,79.849824,6.923509,1725,-101.3,-17,,,,,9,6
20,20720,217,00:58.0,20,5763074,,,-106,-13.5,80.117975,7.109463,1725,-113,-20,,,,,7,28
0,24034,210,00:00.0,0,6152724,5425409,6152706,-75,-13,79.857183,6.89543,1725,-74,-11,-79,-13.5,-80,-18.5,6,1
21,20297,66,01:41.0,21,6433026,5410059,,-87,-13.5,79.884959,7.172868,1725,-89,-16,-89,-16,,,,
82,20070,147,01:41.0,82,5257296,5134418,,-92,-14.5,79.847275,6.936469,525,-96,-17,-96,-19,,,7,5
33,20782,327,00:05.0,33,5320192,,,-102.2,-13.6,80.405642,9.368905,1725,-106.2,-16.6,,,,,7,11.3
0,21710,372,01:21.0,0,5557762,6476546,6719766,-103,-15.5,80.767196,9.215987,1725,-108,-20,-109,-20,-110,-20,,13
1,20648,154,01:11.0,1,5285918,,,-98,-12.5,79.959452,7.170936,1725,-105,-18.8,,,,,8.5,6.5
2,21879,299,00:11.0,2,5625858,6561026,,-102,-11.5,80.255609,8.188006,1725,-108,-18,-109,-18,,,,11
0,21955,417,00:01.0,0,5491971,,,-112.6,-16.5,80.392317,8.362779,1725,-115.2,-18.3,,,,,7.7,26.7
1,21955,418,01:50.0,1,5620482,,,-107,-14.9,80.371699,8.373958,1725,-113.1,-19.1,,,,,8.3,25
1,21955,418,00:18.0,1,5620482,5620480,,-86,-14.5,80.38304,8.374762,1725,-92,-16.5,-94,-18,,,11,0
0,24027,441,01:44.0,0,6150914,,,-98.8,-14.9,81.684872,7.732181,1725,-102.8,-17.8,,,,,9.3,4.9
80,27309,378,00:44.0,80,6975314,,,-101.7,-13.2,81.169096,8.476278,525,-106.7,-17.5,,,,,5.3,7
1,22980,278,00:48.0,1,5994772,5927682,,-108.5,-16,80.188392,9.812671,1725,-113,-18.3,-115.5,-20,,,7,14
1,20810,247,01:09.0,1,5548289,5326595,,-99,-19,80.345321,7.491142,1725,-101,-16.5,-102,-13,,,6,19
81,27073,248,01:17.0,81,6734931,,,-109,-13,80.210043,7.425433,525,-112,-14,,,,,,37
1,24832,118,01:11.0,1,6108161,,,-99.8,-16.8,81.593759,7.788846,1725,-101.8,-17.1,,,,,6,8.3
2,21703,24,00:06.0,2,5556736,5555969,,-119,-19.5,80.576861,7.705616,1725,-117,-17,-119,-19.5,,,6,19
32,20427,398,01:18.0,32,6941442,5903873,,-107,-18.5,81.522675,7.914294,1725,-108,-19,-113,-20,,,2,101
21,20333,401,01:40.0,21,5184768,,,-94,-11.5,79.86317,6.869091,1725,-96,-15,,,,,14,2
0,24659,31,00:47.0,0,5887490,5294081,6312705,-106,-15,80.10179,7.10507,1725,-109,-15.5,-111,-20,-112,-20,7,22
81,23878,394,00:37.0,81,5335121,5571420,4294967295,-112,-12.5,81.233162,8.572004,525,-117,-18.5,-120,-20,-120,-20,,
1,21756,262,00:09.0,1,6934272,,,-99,-13,79.8753,7.354357,1725,-103,-18,,,,,,19
1,23098,416,00:13.0,1,5216778,5216798,5328643,-103,-15.5,80.659554,7.888808,1725,-106,-19.5,-106,-20,-106,-20,13,19
2,20815,99,00:50.0,2,5328671,5913089,,-101,-15,80.65466,7.855789,1725,-103,-16.5,-107,-20,,,5,8
2,20815,99,01:11.0,2,5328671,,,-103.3,-12.3,80.658644,7.857847,1725,-109.7,-17.5,,,,,8,6
0,20475,369,00:42.0,0,5504770,,,-92,-10,79.864193,6.95073,1725,-100,-19.5,,,,,,
0,20345,90,01:23.0,0,5208322,,,-86.7,-12.5,79.926449,7.032454,1725,-94.3,-18.2,,,,,8,7.5
1,20153,79,01:08.0,1,6046977,,,-100.9,-11.6,79.999644,9.712461,1725,-104.9,-15.9,,,,,9,5.7
1,20153,79,01:03.0,1,6046977,,,-101,-12.8,79.999214,9.714968,1725,-104.5,-15.8,,,,,6.5,7
1,24183,40,00:41.0,1,6564609,,,-83.4,-13.5,80.013448,9.664845,1725,-87.5,-17,,,,,7,1.8
2,21649,257,00:56.0,2,5542145,,,-90.7,-13.4,80.237089,9.823911,1725,-95.1,-17.3,,,,,6.4,6.6
1,20648,154,01:50.0,1,5533452,5285918,,-118.5,-15.8,79.963412,7.164755,1725,-121,-17.8,-122,-19,,,6,17.5
92,27281,349,00:19.0,92,6984540,6900560,4294967295,-102,-13,81.601944,7.782824,525,-107,-18,-109,-20,-117,-20,3,14
81,24928,241,00:21.0,81,6391888,,,-97,-13,80.358986,7.480182,525,-101.2,-16.4,,,,,9.3,2
23,24046,83,00:22.0,23,6155779,6155798,6155778,-85,-12.7,79.843696,7.336378,1725,-87.7,-14.7,-90.3,-17.5,-92.3,-18.8,4,1
32,20427,398,00:44.0,32,6507266,5228310,5493762,-117,-18,81.515794,7.902608,1725,-114,-17,-121,-20,-122,-20,5,16
0,20189,171,00:52.0,0,4294967295,5494529,5421087,-103,-15.5,79.864907,6.875121,1725,-106,-17,-106,-13.5,-107,-18,10,2
2,20422,175,01:14.0,2,5611520,,,-99,-15.2,80.404106,8.32238,1725,-107.3,-19.3,,,,,5,2
1,26007,406,00:40.0,1,5491724,,,-109,-12,80.379826,8.268972,1725,-118,-20,,,,,9,14
91,22967,192,01:16.0,91,5879664,5879674,,-98,-13.5,80.053959,6.947003,525,-95,-11.5,-110,-20,,,,
1,20607,364,01:27.0,1,5170946,,,-100,-11.5,79.875545,6.867543,1725,-108,-15.3,,,,,8.5,2
1,24027,442,01:17.0,1,6002432,,,-84,-14.5,81.68685,7.72811,1725,-87,-17.5,,,,,,
81,27073,248,01:27.0,81,5551698,5321296,,-112,-13,80.20952,7.434912,525,-116,-17,-120,-15.5,,,,
1,21667,381,01:50.0,1,6915840,5282048,,-109,-15,79.970117,7.302073,1725,-111,-16.5,-112,-16,,,6,24
0,21710,372,01:45.0,0,5557762,,,-102.6,-15.2,80.767867,9.214202,1725,-107.1,-17.1,,,,,10.3,12.3
2,25649,18,00:00.0,2,5288469,6510593,,-107,-13,80.0168,7.058173,1725,-110,-16,-114,-20,,,10,7
2,25649,18,01:43.0,2,5771010,6566144,,-99,-12,80.02331,7.057287,1725,-101,-13.5,-106,-19.5,,,9,9
21,21686,349,01:40.0,21,6930689,,,-104.7,-13.2,80.214504,7.424279,1725,-109.4,-17.9,,,,,10,10
20,21460,134,01:10.0,20,6903552,5228290,,-108,-16.5,81.52516,7.90713,1725,-108,-14.5,-114,-20,,,4,12
2,25649,18,01:49.0,2,7109121,5288449,,-108,-14.5,80.015902,7.063034,1725,-114,-19,-116,-19,,,9,14
1,22980,278,01:34.0,1,5312021,5312011,,-103,-13,80.185941,9.812749,1725,-109,-18,-111,-20,,,8,10
0,21443,31,01:21.0,0,5226498,5155586,,-107.8,-14.1,81.682397,7.299903,1725,-109.5,-17.6,-110.8,-17.8,,,8.3,13.7
22,20673,367,01:37.0,22,5292290,5292289,,-93,-14,80.121134,6.977605,1725,-99,-19.5,-101,-20,,,,3
1,24178,374,01:44.0,1,5312512,5154306,,-90,-9.5,80.027441,9.673395,1725,-100,-17.5,-103,-20,,,10,0
1,23893,241,00:08.0,1,6116608,,,-90,-13,79.928325,7.060975,1725,-93.3,-14.2,,,,,9,3.5
0,22612,421,00:27.0,0,5623554,,,-109.1,-13.4,80.553753,7.894886,1725,-114.1,-17.7,,,,,6.1,47.4
3,22962,408,00:16.0,3,5878304,,,-103.9,-11.7,80.105489,8.198292,1725,-106.9,-14.5,,,,,6.8,17.5
82,27379,83,00:15.0,82,5894767,,,-110.6,-13.1,80.272558,7.819638,525,-114.3,-15.9,,,,,5,14
82,27306,308,01:44.0,82,5918544,,,-113,-11.5,81.077505,8.055793,525,-114,-18.5,,,,,10,28
1,26991,286,00:28.0,1,5254933,7127810,5240350,-101,-14,79.900772,6.940359,1725,-102,-15,-103,-16.5,-103,-17,8,2
0,26991,285,00:30.0,0,7127810,,,-85,-11.5,79.898932,6.941275,1725,-93,-17.2,,,,,6,1.3
10,21439,80,00:14.0,10,5488385,,,-96,-13,81.639857,7.363262,1725,-96,-14.5,,,,,,
1,20417,401,01:16.0,1,5226784,5226754,,-97,-13,81.848507,7.229483,1725,-104,-18.5,-105,-20,,,9,3
2,27068,77,00:39.0,2,5326337,6783488,5551361,-109,-12,80.387422,7.472669,1725,-118,-20,-118,-20,-118,-20,8,8
0,24256,102,01:07.0,0,5769729,5294879,6366465,-90,-16.5,80.047763,6.907585,1725,-92,-19,-95,-20,-99,-20,2,22
22,20767,409,01:43.0,22,5154324,,,-105,-12.3,80.038149,9.682121,1725,-111.5,-14.8,,,,,7.5,8
2,20772,230,01:04.0,2,5309953,4294967295,,-106,-16.5,80.023483,9.66457,1725,-106,-14.5,-112,-20,,,6,5
2,25644,321,00:50.0,2,6190593,,,-98.3,-14.7,80.026726,9.658104,1725,-103,-17.5,,,,,9.3,11.3
1,20774,435,00:04.0,1,5318146,,,-98.5,-12.8,80.041607,9.668547,1725,-105.5,-16.5,,,,,8.5,6
83,20774,12,01:14.0,83,5316434,,,-105,-13.5,80.039306,9.678493,525,-111,-19.5,,,,,8.5,10
2,21621,309,01:22.0,2,5408513,5534976,,-102,-14.5,79.975309,6.958609,1725,-109,-20,-112,-20,,,8,13
0,23225,115,00:01.0,0,5820427,5230879,6114817,-115,-20,81.634301,7.723272,1725,-112,-17.5,-113,-19,-113,-18.5,,20
0,20536,60,00:51.0,0,5152256,5143297,,-100,-10.5,79.845072,6.935468,1725,-105,-18.5,-106,-15.5,,,10,0
0,20536,60,00:19.0,0,5134338,5143297,,-101,-11.5,79.845164,6.935537,1725,-106,-20,-106,-17,,,,
2,25358,344,00:52.0,2,6491651,6014978,,-111,-13,80.463635,7.73756,1725,-111,-13.5,-120,-20,,,9,19
11,24235,19,01:33.0,11,5218836,,,-110,-15.1,79.838988,8.02611,1725,-112,-17.5,,,,,6.5,24.8
1,20772,229,00:01.0,1,5312513,5211392,6190592,-106,-15.5,80.022663,9.662875,1725,-109,-15.5,-113,-20,-114,-19.5,7,4
0,21685,372,01:51.0,0,6674178,7138818,5892865,-108,-17,80.377127,7.48069,1725,-108,-16.5,-112,-20,-115,-20,6,3
0,20253,280,01:51.0,0,5205278,5205249,5205258,-102,-13,79.86294,6.869428,1725,-105,-13.5,-105,-14.5,-110,-19,,
20,23879,205,00:02.0,20,6113025,6878465,,-106,-14.5,81.188684,8.504128,1725,-108,-16.5,-110,-18,,,5,8
0,23520,180,00:26.0,0,5779222,,,-114.7,-15.3,79.911813,7.146092,1725,-119,-17.7,,,,,,16
81,27394,229,00:14.0,81,6050158,6025297,6050129,-116,-12.5,79.730267,8.038186,525,-121,-17.5,-121,-17.5,-122,-18.5,7,28
91,27394,230,00:50.0,91,6050138,,,-104.7,-12.6,79.735717,8.043062,525,-111,-17.5,,,,,6.2,17.5
0,23520,180,00:54.0,0,5779222,5894422,,-110,-16,79.915849,7.144365,1725,-110,-16,-113,-18.5,,,,
2,20424,128,00:36.0,2,5228575,,,-100.4,-13.1,81.558495,7.916256,1725,-102.4,-14.6,,,,,8.7,9.6
1,24604,65,01:10.0,1,6298624,,,-110.4,-16.1,80.661159,8.273277,1725,-112.6,-17.9,,,,,6.8,26.3
1,23879,206,00:20.0,1,6113044,5782273,6113024,-88,-17,81.182616,8.503718,1725,-91,-16.5,-91,-18.5,-91,-18,7,0
20,23879,205,00:12.0,20,6113025,6113024,5782273,-104,-14.5,81.188288,8.50403,1725,-106,-17,-107,-17.5,-111,-19,5,9
12,24860,405,01:48.0,12,6364182,6371841,,-88,-16,79.856387,7.242389,1725,-88,-15,-89,-16.5,,,,10
21,21115,400,00:12.0,21,4294967295,5227776,,-96,-14,80.396429,8.335944,1725,-103,-19.5,-104,-18.5,,,11,24
1,24604,65,00:49.0,1,6298624,6170369,,-108,-17,80.66733,8.282886,1725,-109,-18,-109,-17.5,,,,
1,24586,445,01:39.0,1,6294018,6130690,4294967295,-102,-15,81.53571,7.921171,1725,-108,-16.5,-108,-18.5,-109,-20,9,3
11,21115,401,00:47.0,11,5611520,,,-108,-17,80.398924,8.335357,1725,-110,-19.5,,,,,6,19
22,21115,127,01:17.0,22,5405954,5405472,5405441,-81,-11,80.409201,8.335136,1725,-89,-18.5,-91,-19.5,-94,-20,7,3
1,23879,206,00:52.0,1,6113024,5782273,6113044,-88,-16.5,81.182616,8.503719,1725,-90,-17.5,-90,-18,-92,-17,7,0
1,23879,206,01:16.0,1,5782273,5336085,,-112,-16.5,81.186662,8.505108,1725,-116,-17,-119,-17.5,,,4,9
81,27394,229,01:34.0,81,6050129,6025296,7012946,-104,-12,79.729097,8.048425,525,-109,-15,-117,-20,-117,-20,11,10
21,21653,174,01:12.0,21,6167297,7164949,6564610,-99,-14.5,80.013179,9.666064,1725,-102,-18.5,-103,-17.5,-104,-20,5,8
11,20424,126,01:11.0,11,5228318,,,-96,-12.5,81.554859,7.903502,1725,-102,-17,,,,,10,31
11,20424,126,01:26.0,11,6130689,,,-108.6,-14.1,81.555413,7.908543,1725,-110.2,-15.5,,,,,6,24.5
2,20424,128,01:19.0,2,5903872,6127104,,-110,-15,81.54395,7.925045,1725,-112,-17.5,-113,-16.5,,,6,31
2,20424,128,00:34.0,2,5228547,,,-102.8,-11.8,81.558283,7.922598,1725,-107.4,-15.8,,,,,8.8,12.4
2,20424,128,01:58.0,2,6155530,6127104,6130688,-109,-14.5,81.501143,7.928249,1725,-115,-19,-115,-20,-116,-20,5,92
1,24604,65,01:18.0,1,5996033,,,-111,-15,80.667707,8.279377,1725,-120,-20,,,,,,
1,24829,238,00:16.0,1,6486274,,,-112.5,-13.3,81.023431,7.63132,1725,-116,-16.5,,,,,6.5,24.8
1,20680,377,01:06.0,1,5994241,5994240,,-92.5,-13,80.110011,7.124198,1725,-96,-16.5,-99,-19.3,,,13.5,7
1,20680,377,01:18.0,1,5994241,,,-95,-13,80.110449,7.122364,1725,-97,-14,,,,,10,7
0,23882,408,01:31.0,0,6344706,5820426,,-96,-10.5,81.699377,7.730492,1725,-106,-20,-107,-20,,,12,5
3,21585,112,01:25.0,3,4294967295,,,-113,-17.7,80.139958,7.131479,1725,-115.2,-18.6,,,,,5.8,18.3
3,24157,57,00:20.0,3,5195020,5195030,,-97,-13,79.848993,7.211419,1725,-100,-17,-103,-18.5,,,,4
10,20425,341,00:28.0,10,5228820,,,-95.6,-13.7,81.610555,7.783811,1725,-98.6,-15.9,,,,,10.8,5.5
0,22689,309,00:55.0,0,5326849,6165248,5413920,-108,-18,80.360965,7.468912,1725,-105,-14,-108,-17,-110,-19,,12
20,20303,211,00:17.0,20,5197578,,,-100.8,-14.5,81.72833,7.68704,1725,-103.8,-16.3,,,,,8,9
0,20697,339,00:18.0,0,5298453,5298443,,-94.5,-12.5,79.950133,7.172943,1725,-100,-17,-103,-19.3,,,9,4
0,23520,180,00:24.0,0,5208084,,,-99,-13.5,79.91066,7.143445,1725,-109,-20,,,,,7,11
0,21893,256,00:29.0,0,6177539,6177536,,-115,-16.5,80.384006,8.338766,1725,-111,-15,-112,-15.5,,,8,16
2,20731,377,01:58.0,2,5307137,6269440,6269441,-106,-15.5,79.839882,7.211009,1725,-105,-15.5,-106,-17,-108,-18,4,8
2,20424,128,00:04.0,2,5228575,6294016,,-102,-14,81.564404,7.918381,1725,-107,-20,-107,-18.5,,,5,26
2,20424,128,01:59.0,2,5228547,,,-101.8,-11.5,81.557531,7.920552,1725,-107.2,-16.2,,,,,9.6,12.6
2,20424,128,00:55.0,2,5228547,,,-100,-12.2,81.558355,7.920641,1725,-103.7,-15.6,,,,,7.6,11.3
2,20424,128,01:36.0,2,5228547,,,-103.8,-12,81.555077,7.921987,1725,-109,-16.3,,,,,9.9,16.1
2,20424,128,01:28.0,2,6130688,6294016,,-103,-12.5,81.547649,7.918118,1725,-107,-17.5,-109,-18.5,,,6,25
0,21846,95,00:23.0,0,5152022,,,-97,-11.5,79.849865,6.921145,1725,-102,-16,,,,,15,5
2,24045,146,01:04.0,2,5903872,5906432,6155520,-108,-20,81.492179,7.972486,1725,-110,-20,-112,-20,-117,-20,3,39
10,20425,341,00:20.0,10,5228820,,,-97.5,-12.8,81.610511,7.784002,1725,-101.2,-15.9,,,,,8.5,3.8
0,20559,114,01:50.0,0,5304834,6212118,,-111,-12.5,79.875435,6.978492,1725,-117,-18.5,-117,-18.5,,,7,3
30,20303,327,00:10.0,30,5197569,,,-87.5,-13.4,81.725733,7.686842,1725,-91.5,-16.1,,,,,7.5,5.8
0,21685,372,01:35.0,0,6674178,5552159,6670338,-109,-17.5,80.377662,7.480364,1725,-108,-16,-113,-20,-114,-20,6,4
22,21115,127,00:58.0,22,5405954,5197076,,-98,-10.5,80.409551,8.335087,1725,-106,-20,-106,-17,,,7,4
12,24860,405,01:56.0,12,6371850,6364192,5194528,-109,-19,79.854647,7.242355,1725,-110,-18.5,-110,-19,-110,-18,,13
2,24586,446,01:18.0,2,6127106,,,-108,-17,81.508687,7.966045,1725,-108,-18.5,,,,,5,46
2,20424,128,00:03.0,2,5228547,,,-106.3,-12.1,81.554002,7.922878,1725,-111,-16.2,,,,,9.8,16.4
91,27394,230,00:35.0,91,6050128,,,-107.8,-12.1,79.736001,8.042749,525,-111,-15.6,,,,,8.5,17
3,21118,57,00:51.0,3,5406208,5406218,,-97,-11,80.832318,8.548354,1725,-102,-11,-108,-20,,,10,0
1,21653,176,00:54.0,1,5312778,5309955,,-92,-17.5,80.013688,9.668275,1725,-94,-17.5,-95,-20,,,3,8
1,24586,445,01:51.0,1,6294018,,,-103.7,-14.8,81.537995,7.921448,1725,-106.7,-18.2,,,,,9,7.5
2,20424,128,01:04.0,2,6294016,,,-111.3,-12,81.55358,7.920454,1725,-116,-16.8,,,,,7,19.5
2,20424,128,01:02.0,2,6155530,6127104,,-110,-14,81.502025,7.928082,1725,-112,-16,-115,-17,,,5,90
21,21653,174,01:28.0,21,7164928,5543168,5316866,-92,-13.5,80.009582,9.669965,1725,-95,-16.5,-96,-20,-97,-18,5,1
2,27658,32,01:40.0,2,5234689,,,-97,-11.5,79.858395,6.916908,1725,-103,-14,,,,,8,3
91,27394,230,00:45.0,91,6050138,,,-105.2,-12.5,79.735336,8.043227,525,-110.8,-17.6,,,,,7.6,18.2
10,20303,212,00:29.0,10,5197598,5232396,6311190,-101,-13.5,81.729883,7.684285,1725,-108,-18,-109,-19,-110,-20,4,7
10,20303,212,00:40.0,10,6311190,5197598,6311168,-101,-13,81.729278,7.685128,1725,-105.5,-19.5,-106.5,-17.8,-106.5,-20,4.5,7.5
2,21443,30,00:03.0,2,5489439,,,-101.3,-14.1,81.668912,7.305563,1725,-101.9,-13.3,,,,,11,7
2,20424,128,00:16.0,2,6294016,6130688,,-103,-12.5,81.549583,7.918552,1725,-108,-18,-108,-18,,,6,25
1,24829,238,01:15.0,1,7175168,6205440,6486272,-125,-20,81.048048,7.646668,1725,-120,-20,-122,-20,-123,-20,7,56
2,20424,128,01:43.0,2,6294016,,,-107.5,-13,81.549083,7.920953,1725,-113.3,-18.5,,,,,5.8,24.5
1,24829,238,00:41.0,1,6486274,,,-112.8,-14.4,81.021028,7.633215,1725,-117.4,-18.5,,,,,8,21.3
12,20687,269,00:49.0,12,6065666,6065686,5999363,-108,-16,79.959594,6.996296,1725,-107,-15.5,-109,-17.5,-111,-19.5,,15
22,21115,127,00:48.0,22,5197076,5197057,5405954,-103,-13,80.409204,8.335065,1725,-104,-14.5,-107,-17.5,-108,-17.5,6,4
20,23879,205,00:05.0,20,6113024,,,-90,-13.5,81.183399,8.504057,1725,-92,-16,,,,,7,1
2,20858,177,01:41.0,2,6669056,,,-99,-16,80.496835,8.764897,1725,-101,-15.5,,,,,7.7,6.3
2,20858,177,01:46.0,2,6669056,,,-98.5,-15.5,80.49725,8.765606,1725,-102.5,-14.8,,,,,7,5
3,21118,57,01:02.0,3,5406208,5406228,,-107,-17,80.829883,8.555977,1725,-106.5,-14.8,-109.5,-17.5,,,5.5,14
80,26618,6,00:18.0,80,5194322,,,-100,-14.5,80.023752,9.746331,525,-105.5,-20,,,,,,
0,21443,31,01:17.0,0,5226498,,,-103,-13.5,81.685719,7.300268,1725,-109,-19.5,,,,,6,18
1,24604,65,01:21.0,1,5996034,6298624,,-112,-17.5,80.667876,8.273239,1725,-114,-20,-119,-20,,,,
2,26495,26,00:53.0,2,5908244,6782720,,-111,-15.5,80.522511,7.985411,1725,-112,-16,-115,-20,,,8,11
1,23879,206,01:13.0,1,6113024,6113044,5782273,-87,-16.5,81.182615,8.503718,1725,-89,-17.5,-91,-17,-91,-19,7,0
0,23520,180,01:12.0,0,5779222,,,-112.7,-15,79.912183,7.145907,1725,-119.7,-19.7,,,,,10,15
22,21115,127,00:42.0,22,5405472,,,-96.8,-13.4,80.408827,8.334727,1725,-101.2,-17.9,,,,,9.6,3.7
22,21115,127,01:35.0,22,5405472,5197076,,-110,-12.5,80.409532,8.3344,1725,-114,-16.5,-115,-17.5,,,,2
81,27394,229,01:05.0,81,6050158,,,-115,-12.5,79.732649,8.037423,525,-122,-18,,,,,3,28
10,20303,212,00:42.0,10,5197598,,,-87.6,-13.1,81.725243,7.68702,1725,-91.7,-17.2,,,,,8.2,3.8
0,20254,198,00:40.0,0,5175318,5944066,5305347,-110,-19.5,79.892136,6.99123,1725,-107,-15.5,-112,-20,-112,-20,,
3,21118,57,00:41.0,3,5406208,5406218,,-97,-11,80.832318,8.548354,1725,-102,-12,-109,-20,,,6,1
11,20424,126,00:16.0,11,5493790,5228289,,-106.5,-14.5,81.540931,7.904614,1725,-111.5,-19,-113,-18,,,7,47.5
0,21846,95,01:19.0,0,5152002,5152022,,-90,-15,79.850937,6.919131,1725,-91,-15,-95,-20,,,9,1
10,23079,269,00:25.0,10,6782722,5623552,5618945,-110,-17.5,80.522357,7.96784,1725,-111,-18.5,-112,-18.5,-114,-20,7,49
1,24604,65,01:38.0,1,6316832,,,-102,-15,80.683816,8.226595,1725,-104,-16.5,,,,,,96
3,21118,57,00:59.0,3,5795072,5787904,,-104,-14,80.815311,8.556034,1725,-111,-20,-111,-20,,,,
2,21443,30,00:40.0,2,5489439,,,-99.5,-13.1,81.670208,7.305192,1725,-100.2,-13.5,,,,,11,7.8
2,24586,446,01:47.0,2,6130690,,,-111.5,-15.8,81.535444,7.92303,1725,-116,-19.3,,,,,7.5,5.5
1,23925,386,00:10.0,1,5912832,6124802,,-96.6,-14.6,81.343062,7.551367,1725,-99.1,-16.6,-100.4,-18.6,,,8.4,1.7
0,27658,30,00:48.0,0,7080450,,,-75,-11,,,1725,-82,-17.5,,,,,9,0
2,27658,32,01:16.0,2,6206977,,,-116,-18.5,79.856366,6.917642,1725,-114,-17.5,,,,,3,6
22,25709,423,01:43.0,22,6581506,,,-90,-14.2,81.831611,7.412638,1725,-90,-15.4,,,,,,
32,20104,200,00:14.0,32,5133056,,,-100,-11,79.879882,6.900027,1725,-107,-17,,,,,6,4
2,26650,296,01:05.0,2,5284884,5330433,6822401,-97,-18,79.872008,7.268584,1725,-95,-14.5,-97,-17,-100,-20,6,3
80,27107,89,00:02.0,80,5334894,,,-104.5,-12,81.273398,8.448111,525,-109.2,-15.6,,,,,7.4,12.9
32,20104,200,00:33.0,32,5424640,,,-79,-8.5,79.879676,6.901008,1725,-84,-8,,,,,10,0
2,20003,184,01:34.0,2,6154753,5120769,6154752,-87,-13.5,79.852894,6.902687,1725,-92,-17,-94,-18,-94,-18,10,2
21,26426,236,00:31.0,21,5224991,6765057,,-111,-19,81.832492,7.408697,1725,-109,-17.5,-111,-19.5,,,,
1,25629,115,01:36.0,1,6561024,,,-102.8,-11.3,80.313018,8.168903,1725,-109.9,-18.7,,,,,10.3,2.7
80,27107,89,00:46.0,80,6938960,6939218,5872465,-101,-15.5,81.26655,8.446758,525,-101,-19.5,-101,-18.5,-101,-20,2,58
3,21585,112,01:33.0,3,4294967295,,,-111.7,-16.8,80.138757,7.132547,1725,-112.5,-17,,,,,7,15.7
22,24653,411,01:39.0,22,6311168,,,-96,-15.3,81.732748,7.678617,1725,-99.2,-16.8,,,,,7.3,6.3
12,20300,259,01:23.0,12,5222933,5222914,,-98.3,-14.3,81.827639,7.419856,1725,-101.7,-17.3,-103.3,-18.7,,,5,9
0,23882,408,01:33.0,0,6120192,5820426,,-101,-15,81.702479,7.730248,1725,-101,-15.5,-104,-17.5,,,6,8
0,20126,193,01:50.0,0,5134338,5509378,5138690,-94,-15,79.84402,6.936103,1725,-95,-17,-101,-20,-101,-20,9,0
2,21879,299,01:50.0,2,5625858,5791233,,-120,-14.5,80.231763,8.16235,1725,-125,-18.5,-125,-19,,,5,38
41,20649,370,00:26.0,41,5286186,,,-106,-11.5,,,3650,-111,-16,,,,,7,26
21,21115,400,00:58.0,21,5228032,4294967295,,-106,-11,80.401975,8.329461,1725,-110,-15.5,-114,-19.5,,,6,12
1,24604,65,00:54.0,1,4294967295,,,-98,-14.5,80.653841,8.276664,1725,-109,-20,,,,,,
0,20015,150,01:44.0,0,7051521,5233410,5120788,-89,-15,79.852195,6.91348,1725,-86,-13.5,-90,-18,-93,-18.5,6,1
2,20424,128,00:04.0,2,6127104,6130688,6294016,-114,-14.5,81.548414,7.906965,1725,-115,-16.5,-116,-17.5,-117,-18,,31
3,21585,112,01:52.0,3,5525770,5291786,5525790,-110,-17,80.127048,7.130392,1725,-109,-17,-111,-19,-115,-20,8,16
21,21115,400,01:26.0,21,5492168,,,-101.4,-15.3,80.403998,8.334441,1725,-105.2,-19,,,,,2,16.7
2,20514,11,01:35.0,2,5498114,,,-92,-15.5,79.861758,6.945612,1725,-93,-14.5,,,,,6,4
1,24604,65,00:54.0,1,6170369,6298624,,-105,-15.5,80.666078,8.278058,1725,-106,-16.5,-110,-20,,,6,31
30,20303,327,00:16.0,30,5197569,6124034,,-88.1,-14.4,81.725925,7.686406,1725,-90.7,-16.1,-93.6,-18.6,,,7.8,5
0,21443,31,00:22.0,0,5155586,5226498,,-110.6,-15.8,81.681118,7.301828,1725,-111.3,-16.4,-113.3,-18.4,,,5.3,13.2
2,20424,128,00:00.0,2,6294016,,,-105,-13.2,81.554096,7.918422,1725,-109.2,-16.9,,,,,6.3,18.6
2,20424,128,00:52.0,2,6155530,6127104,6130688,-111,-16,81.502026,7.928085,1725,-113,-17,-116,-18,-119,-20,5,91
2,20424,128,00:57.0,2,6155530,6127104,,-110,-14.5,81.502022,7.928072,1725,-113,-17,-116,-16.5,,,5,90
3,21118,57,00:08.0,3,5406208,5406228,,-93,-15.8,80.831802,8.551724,1725,-96,-16.8,-97,-18.5,,,8,8
0,23662,93,01:53.0,0,5817090,6002688,,-113,-15,80.043286,8.821747,1725,-114,-15.5,-118,-19.5,,,7,69
2,25923,161,00:28.0,2,6636288,6003968,5301762,-100,-18,79.956918,7.006027,1725,-101,-19,-102,-18,-102,-19.5,3,4
2,25923,161,01:56.0,2,6636289,5301762,5290004,-90,-13.5,79.957364,7.004194,1725,-92,-16.5,-94,-18,-94,-18,6,3
0,20666,36,01:35.0,0,5290517,5290497,,-82,-12.5,79.887962,6.98102,1725,-91,-19.5,-91,-20,,,11,0
1,20792,277,01:24.0,1,5322762,6755585,,-107.3,-13.4,80.452649,7.442081,1725,-110.9,-16.5,-114.4,-19,,,7,19.5
2,20731,377,01:54.0,2,5307137,5295382,,-104,-13.5,79.8397,7.213298,1725,-110,-19,-111,-20,,,4,3
12,21135,105,01:55.0,12,5535754,5904130,,-101,-13.5,80.006631,6.98029,1725,-103,-15.5,-104,-16.5,,,6,12
1,23879,206,00:07.0,1,6113024,5782273,6113044,-88,-17,81.182617,8.50372,1725,-90,-17,-90,-18.5,-90,-16.5,8,0
1,23879,206,01:22.0,1,5782273,5220353,,-112,-17,81.186526,8.5049,1725,-116,-18.5,-117,-19.5,,,6,8
11,20424,126,00:05.0,11,5228318,,,-96,-13,81.554859,7.903502,1725,-100,-17,,,,,9,31
2,20424,128,01:12.0,2,6155530,6127104,6130688,-112,-16,81.502029,7.928096,1725,-113,-17,-116,-17.5,-119,-20,4,90
1,21574,375,01:56.0,1,5289473,5411841,,-106.5,-18.5,79.866702,7.069892,1725,-106.5,-18.5,-109,-19.8,,,4,13.5
1,21574,375,01:56.0,1,5522954,5411861,,-106,-15.5,79.859085,7.067577,1725,-106,-15.5,-109,-17.5,,,9,6
3,24157,57,00:24.0,3,5195030,,,-104,-14.6,79.849232,7.211374,1725,-107,-16.5,,,,,6,3.5
0,21846,95,00:30.0,0,5152002,5152022,5152001,-79,-14.5,79.850703,6.919114,1725,-83,-16,-85,-17,-86,-19.5,9,1
2,27658,32,00:29.0,2,5234689,,,-101.5,-14.3,79.859191,6.916513,1725,-103.5,-16.5,,,,,6,4.5
2,27658,32,01:16.0,2,5234688,5234689,,-68,-12,79.860809,6.918149,1725,-69,-13.5,-74,-19,,,8,2
0,27658,30,00:11.0,0,5146882,,,-93.7,-11.3,79.865137,6.917042,1725,-97,-15.8,,,,,9,3
1,25709,439,01:24.0,1,7177728,,,-111,-15,81.839644,7.409425,1725,-112,-14,,,,,,
0,25629,116,00:43.0,0,6561025,,,-100,-14,80.315935,8.167514,1725,-105.5,-17.3,,,,,7.5,9
20,20301,222,01:28.0,20,5197056,,,-88,-11,80.414166,8.339962,1725,-93,-16.5,,,,,9,1
80,27107,89,01:37.0,80,6939482,,,-69,-11.5,81.269162,8.44706,525,-77,-18.5,,,,,4,4
80,27107,89,00:40.0,80,5334894,,,-103.2,-12,81.271353,8.451138,525,-109,-17.5,,,,,7.7,11.3
3,21585,112,01:47.0,3,4294967295,6017536,4294967295,-110,-20,80.145702,7.126618,1725,-107,-16,-107,-16,-108,-17.5,6,22
30,24045,144,01:30.0,30,6127104,,,-106.1,-14.5,81.521728,7.94573,1725,-111.3,-17.9,,,,,6,38
30,24045,144,01:50.0,30,6127104,,,-110.1,-15.1,81.520335,7.945833,1725,-113.3,-17.4,,,,,6.3,26.3
1,26446,248,01:37.0,1,5293059,6770176,5293079,-115,-17,79.977057,7.147727,1725,-115,-18,-117,-19,-117,-19.5,6,8
1,26446,248,01:58.0,1,5293059,,,-103.1,-13.6,79.978808,7.139942,1725,-107.3,-17.5,,,,,6,8.8
0,25629,116,00:07.0,0,5901826,,,-93.5,-12.5,80.320384,8.173942,1725,-100.5,-19,,,,,,19
3,25629,346,00:03.0,3,5809695,5227264,,-112,-15,80.31354,8.20637,1725,-115,-18.5,-117,-20,,,4,56
2,23002,259,01:42.0,2,5888523,5810708,5771265,-104,-16.5,80.131726,7.014463,1725,-105,-16,-111,-20,-111,-19.5,6,30
1,21193,169,01:23.0,1,6152724,5122050,7046144,-93,-14.5,79.857038,6.895518,1725,-91,-13,-93,-15,-97,-19,5,1
1,21193,169,01:01.0,1,6152724,5128193,,-73,-12.5,79.856775,6.8955,1725,-76,-17.5,-79,-18.5,,,12,1
1,21193,169,01:29.0,1,5121301,5121281,6152724,-102,-13.5,79.856453,6.894879,1725,-101,-15,-103,-16,-103,-15,5,2
1,21193,169,01:36.0,1,5150977,5425408,,-101,-10,79.854688,6.895983,1725,-108,-16.5,-111,-18.5,,,5,4
22,20193,90,01:59.0,22,5169410,6123264,5169420,-99,-15.5,79.893577,7.06749,1725,-103,-19.5,-104,-18.5,-105,-19,13,3
22,20193,90,00:20.0,22,5169410,,,-90,-13,79.895642,7.064462,1725,-94.3,-16.3,,,,,8,9
21,21705,178,01:05.0,21,5556480,6180096,5390848,-103,-15.5,80.650376,7.873181,1725,-101,-15,-105,-18,-107,-20,5,3
2,20858,177,01:56.0,2,6669056,,,-101,-14,80.499399,8.763209,1725,-107,-18.5,,,,,12,4
10,23079,269,00:38.0,10,5908244,4294967295,5878528,-110,-18,80.533549,8.010113,1725,-113,-20,-113,-20,-114,-20,5,108
91,27394,230,01:09.0,91,6050128,,,-110.5,-12,79.735583,8.04414,525,-114.5,-16.3,,,,,5.5,15.5
0,20731,375,01:44.0,0,7170326,7170306,6290432,-115,-18,79.84179,7.217828,1725,-115,-17,-116,-18,-119,-20,8,5
2,20015,125,01:01.0,2,5277974,5123851,5277954,-85,-14,79.851537,6.908743,1725,-88,-17.2,-89.3,-17.8,-90.7,-16.8,7.3,1.7
21,23113,431,01:16.0,21,5315072,5995029,5318935,-102,-11,79.993637,9.733599,1725,-115,-18,-117,-19,-118,-20,10,13
11,20424,126,01:05.0,11,6130689,,,-105,-13,81.551698,7.89337,1725,-112,-19.5,,,,,5,11
1,21574,375,01:49.0,1,5289473,5411841,,-113,-18,79.862214,7.070308,1725,-114,-17,-116,-20,,,6,11
1,24604,65,00:24.0,1,6298624,,,-108.9,-15,80.66158,8.278959,1725,-111.1,-17.4,,,,,9,26
20,25786,235,01:44.0,20,5283607,,,-99.7,-13.8,79.984135,7.051086,1725,-105,-13.1,,,,,10,14.5
0,27658,30,00:15.0,0,6906881,5248277,,-97,-11.5,79.865276,6.919175,1725,-101,-13.5,-57,-18.5,,,,4
2,24273,387,00:25.0,2,5260033,5266945,,-100,-14.5,79.923837,6.845277,1725,-105,-14,-106,-16,,,12,3
1,21611,149,01:47.0,1,5770497,5770526,,-111,-15,79.964883,7.142454,1725,-112,-16.5,-114,-18,,,9,18
3,24157,57,01:07.0,3,6184214,,,-90.5,-14.4,79.848498,7.211014,1725,-95.3,-17.6,,,,,9.5,3.5
12,23002,153,01:47.0,12,5284610,4294967295,6578176,-111,-15,80.117834,7.034579,1725,-113,-16.5,-118,-20,-119,-20,7,45
1,21193,169,01:30.0,1,5150977,,,-106,-11,79.855854,6.895531,1725,-110,-16.5,,,,,8,3
30,20193,354,01:59.0,30,5297409,,,-99.7,-14,79.886549,7.07117,1725,-102.7,-17.2,,,,,7,12.5
0,20180,309,01:53.0,0,5886742,5136150,5200130,-103,-20,79.866344,6.855988,1725,-102,-16.5,-102,-18,-102,-18,,5
1,23156,89,01:25.0,1,5145088,,,-90.5,-13,79.958891,6.916154,1725,-97.5,-17.1,,,,,9,12.7
20,20438,337,00:17.0,20,5155861,,,-82,-11.3,81.69519,7.71421,1725,-89,-17.3,,,,,5.5,11.5
2,20086,71,01:33.0,2,6126592,6382083,,-101,-10.5,79.850156,6.90545,1725,-105,-14,-110,-20,,,,1
1,21193,169,00:02.0,1,6152724,5122050,5121795,-98,-14,79.856674,6.896119,1725,-100,-15.5,-101,-16,-102,-18,,1
12,24860,405,01:40.0,12,5410325,6371850,,-103,-16,79.854084,7.244743,1725,-100,-14.5,-101,-15.5,,,5,14
12,20649,131,00:55.0,12,5410836,,,-110,-13.9,80.126065,7.275205,1725,-116,-19.6,,,,,9,28.8
12,20649,131,01:12.0,12,5410836,,,-104,-11.5,80.124834,7.272136,1725,-112,-20,,,,,9,30
0,24641,274,01:52.0,0,5538078,,,-92,-14.5,80.092672,7.138958,1725,-99,-20,,,,,6,5
1,21129,112,01:44.0,1,5291264,5295903,,-100,-14.5,79.949119,6.982392,1725,-100,-15.5,-103,-18.5,,,4,17
11,21115,401,01:43.0,11,5604608,,,-101.8,-15,80.398032,8.333611,1725,-105.8,-18.9,,,,,5,22.7
12,20393,259,01:58.0,12,5220630,,,-84.9,-11.7,80.49739,8.75212,1725,-92.6,-18.9,,,,,,0
81,27394,229,00:24.0,81,7012946,,,-106,-11.7,79.731066,8.049611,525,-110.7,-15.2,,,,,10,18
2,23694,223,00:23.0,2,6625025,6065686,6003968,-114,-15.5,79.963841,7.002598,1725,-114,-15.5,-115,-16,-115,-16,5,10
0,24227,98,00:56.0,0,5128962,7080450,,-93.3,-15,79.859602,6.920356,1725,-93,-15.7,-97,-17.7,,,5.5,17
30,24045,144,01:59.0,30,6127104,,,-102.1,-14,81.518717,7.94716,1725,-106.1,-17.8,,,,,6.2,36
3,25629,346,00:09.0,3,5901826,5794049,,-111,-13.5,80.309693,8.187042,1725,-113,-16.5,-116,-18.5,,,6,24
1,25629,115,00:07.0,1,5227294,6561024,,-112,-12.5,80.320759,8.167197,1725,-115,-15.5,-117,-15.5,,,7,14
0,25629,116,01:56.0,0,5901825,,,-112,-16.5,80.336898,8.172779,1725,-111.7,-16,,,,,4.3,37
3,25629,346,01:48.0,3,5809686,5904641,,-119,-19.5,80.298037,8.225612,1725,-116,-17,-117,-18.5,,,4,100
20,20193,328,00:19.0,20,5538818,5290752,,-111,-15,79.883162,7.066472,1725,-114,-17.5,-119,-20,,,3,13
30,20303,327,00:08.0,30,5197569,6124034,,-97.5,-15.1,81.724995,7.686449,1725,-98.2,-15.2,-101.8,-18,,,6.3,4.3
2,24323,250,00:08.0,2,5297921,5210370,6377217,-89,-15.5,79.895253,7.00565,1725,-90,-15,-96,-19.5,-99,-20,,
11,21115,401,01:32.0,11,5405471,5197077,,-94,-11.5,80.404783,8.328526,1725,-100,-17,-102,-18,,,,13
12,20393,259,01:57.0,12,5220640,5337366,,-85,-13.5,80.496607,8.753088,1725,-86,-14,-92,-19.5,,,,3
12,20393,259,01:54.0,12,5220630,,,-82.5,-11.1,80.497026,8.752238,1725,-90.5,-18.4,,,,,8,0.3
2,23694,223,00:42.0,2,6065686,,,-96.3,-13.1,79.965681,7.001452,1725,-98.3,-14.5,,,,,7,7.5
12,20254,386,00:25.0,12,6350081,,,-86,-12.5,79.890028,6.985169,1725,-86,-13.5,,,,,,
1,24604,65,00:04.0,1,6298624,,,-112.2,-14.4,80.684983,8.279248,1725,-117.8,-18.1,,,,,8,54.3
1,24604,65,01:02.0,1,5996034,6298624,,-114,-14.3,80.666846,8.280647,1725,-117.5,-18.8,-118,-18.5,,,8.5,29
2,23113,208,00:24.0,2,5318925,,,-108,-14.5,79.985176,9.727437,1725,-108,-14.5,,,,,,22
11,20424,126,01:48.0,11,5228289,,,-110,-15.8,81.537649,7.895181,1725,-112.7,-18.3,,,,,5.7,50.7
22,21115,127,00:39.0,22,5197076,5405472,5405954,-109,-17.5,80.409122,8.335554,1725,-108,-14.5,-110,-16,-112,-19,6,5
1,25629,115,00:32.0,1,5227265,,,-104.5,-12.5,80.321681,8.160376,1725,-111.5,-18.5,,,,,8.5,24
1,25629,115,01:39.0,1,5227265,,,-114.5,-14.8,80.315557,8.154956,1725,-117.3,-17.4,,,,,6,28.8
3,25629,346,01:42.0,3,5227284,,,-97,-11,80.311095,8.176658,1725,-104,-18,,,,,8,10
1,25629,115,01:58.0,1,5227285,,,-109.7,-15.3,80.3162,8.151254,1725,-111.3,-17.5,,,,,,29.7
0,25629,116,01:52.0,0,5227274,,,-112,-14,80.325041,8.179038,1725,-118,-19.5,,,,,5,23
0,27658,30,01:21.0,0,5146882,5146880,,-92,-13.5,79.865698,6.916358,1725,-93,-15.5,-97,-19,,,,4
0,27658,30,00:43.0,0,5146882,5248277,5123585,-109,-15,79.866085,6.917796,1725,-108,-17,-56,-16.5,-110,-17,,4
0,25375,360,00:05.0,0,5944064,6744832,5289216,-104,-14.5,79.906717,7.013356,1725,-107,-18.5,-108,-19.5,-109,-20,,
0,23882,408,01:52.0,0,5820426,5766666,,-105,-16,81.698955,7.730796,1725,-102,-13.5,-105,-16.5,,,7,7
2,20212,440,01:48.0,2,4294967295,,,-101,-12,79.873072,6.877988,1725,-103,-12.5,,,,,8,3
3,20646,274,00:57.0,3,5302048,,,-105.3,-12,79.93554,6.992595,1725,-112,-18,,,,,,10
3,25629,346,00:39.0,3,5227264,,,-113,-15.5,80.31354,8.20637,1725,-116,-18,,,,,4,56
1,21193,169,01:43.0,1,5121795,5425408,,-89,-13,79.855851,6.89644,1725,-87,-13,-92,-17,,,5,1
1,23156,89,01:57.0,1,6618627,,,-89.5,-13.8,79.956692,6.914551,1725,-93.5,-14.8,,,,,12.5,4
2,20346,20,01:19.0,2,5208576,6156032,,-101,-15,80.054643,7.159136,1725,-104,-16.5,-105,-18.5,,,9,4
2,21456,189,00:58.0,2,6565378,,,-113.5,-14.1,81.685117,7.592041,1725,-117,-17.5,,,,,5.5,49.3
0,20015,150,00:54.0,0,5233410,,,-84,-10.7,79.851513,6.912877,1725,-90.7,-16.5,,,,,8.3,1.3
22,21115,127,01:27.0,22,5197076,,,-93.3,-13.8,80.409547,8.334578,1725,-100,-17.7,,,,,7,3
21,21115,400,01:32.0,21,5405472,5405470,,-88,-14.5,80.409853,8.332238,1725,-93,-19.5,-94,-20,,,,1
22,21115,127,01:54.0,22,5405472,5405443,,-92,-15,80.410659,8.334251,1725,-93,-15.5,-99,-20,,,,3
21,21115,400,01:51.0,21,5405451,5405472,,-97,-18,80.409675,8.332948,1725,-98,-15,-102,-17,,,10,0
81,27394,229,01:17.0,81,6050129,,,-108,-11.5,79.73892,8.045535,525,-115.6,-17.6,,,,,7,13.5
91,27394,230,00:08.0,91,6050138,6050128,,-105,-12.5,79.736589,8.040431,525,-113,-19,-114,-20,,,8,21
2,23694,223,00:05.0,2,6065686,5882370,,-85,-12.5,79.965305,7.002644,1725,-85,-11,-92,-18.5,,,,5
0,20015,150,01:05.0,0,5233410,,,-85.3,-12.2,79.851615,6.912144,1725,-89,-15.7,,,,,8,0.5
21,23113,431,00:55.0,21,5318914,6046976,,-108,-12.5,79.990957,9.734281,1725,-112,-17.5,-115,-20,,,8,8
0,27658,30,00:03.0,0,5248277,7080449,,-94,-11.3,79.865884,6.918112,1725,-48,-13.3,-99.5,-17.3,,,7,2.5
0,27658,30,01:43.0,0,5123585,,,-81.3,-10.7,79.863843,6.918563,1725,-87.7,-14.8,,,,,10,1
22,20160,169,01:50.0,22,5592577,5592597,,-87.3,-11.8,79.851005,6.916122,1725,-92.3,-16.3,-95.7,-19.7,,,,5
22,25709,423,00:52.0,22,6581506,,,-85,-14,81.830538,7.412743,1725,-83,-13,,,,,,
3,21700,449,01:44.0,3,5215234,,,-98,-14,79.910818,8.979979,1725,-100,-15,,,,,10,6.5
2,20212,440,01:41.0,2,5164055,5171200,,-99.5,-13.3,79.873337,6.876264,1725,-103,-16,-107,-19.3,,,8,3
22,20300,258,01:15.0,22,6979074,5223948,,-114,-19.5,81.816107,7.430592,1725,-109,-14,-112,-17.5,,,2,34
3,25629,346,00:41.0,3,5809695,,,-118,-18.5,80.31354,8.20637,1725,-117,-17,,,,,4,56
3,25629,346,01:52.0,3,5227264,5904641,,-111,-14.5,80.315511,8.195324,1725,-111,-14,-114,-17.5,,,,40
20,20193,328,00:19.0,20,5538818,,,-109.3,-15.1,79.891095,7.073954,1725,-111.1,-15.4,,,,,4.5,11
2,21456,189,00:13.0,2,5492736,,,-85,-12,81.71198,7.608476,1725,-91,-17,,,,,12,0
1,23068,91,01:17.0,1,5176322,7170068,5261313,-104,-15.5,79.876155,6.86142,1725,-104,-14.5,-108,-18.5,-110,-16.5,7,2
12,20649,131,00:43.0,12,5410836,,,-111.8,-14,80.125956,7.273269,1725,-116.5,-18.4,,,,,9,29.3
81,27394,229,00:36.0,81,7012946,,,-99,-12.4,79.737172,8.045994,525,-104.2,-15.9,,,,,9,16
11,20424,126,00:04.0,11,5228575,,,-103,-12.5,81.560572,7.916405,1725,-107,-16,,,,,,6
20,25786,235,01:45.0,20,5283607,,,-107.3,-15.6,79.983108,7.050709,1725,-108.5,-11.3,,,,,5,17
0,27658,30,01:27.0,0,5123604,5123584,5123585,-73,-11.5,79.863333,6.919852,1725,-75,-14,-80,-19,-86,-20,,2
20,20301,222,01:20.0,20,5405953,,,-88.7,-11.2,80.412794,8.337387,1725,-89.3,-14.5,,,,,10,5
1,20056,15,01:04.0,1,5257238,5509378,5581568,-102,-14,79.84422,6.933047,1725,-106,-16.5,-106,-17,-108,-18.5,9,4
3,21585,112,01:47.0,3,4294967295,,,-112,-14.5,80.14387,7.137588,1725,-120,-20,,,,,5,18
20,20386,404,00:38.0,20,5218816,6380564,5218848,-95,-12,79.836351,8.034889,1725,-102,-18.5,-102,-20,-103,-20,4,10
2,20125,29,00:10.0,2,5592576,,,-84,-14,79.851248,6.918895,1725,-89,-18.5,,,,,,1
2,24045,146,00:45.0,2,6155521,6155550,,-97,-14.5,81.497766,7.942437,1725,-101,-18.5,-106,-20,,,10,3
3,20646,274,00:00.0,3,5302048,,,-103.5,-12.8,79.935677,6.989037,1725,-108,-16.8,,,,,5,8
80,24461,53,01:06.0,80,5207930,,,-98,-12,80.0959,7.140921,525,-103.3,-16.3,,,,,9,1
0,25629,116,01:05.0,0,5901826,5901825,,-104.8,-14.3,80.316721,8.175961,1725,-105.3,-15.3,-108.8,-18.3,,,5.5,13
1,21193,169,01:43.0,1,6152704,,,-82.5,-10.3,79.856524,6.895705,1725,-91,-17.3,,,,,10,1
0,24182,81,01:46.0,0,5211392,5317633,,-102,-12.5,80.029151,9.660131,1725,-105,-16.5,-110,-19,,,7,2
0,23550,52,01:40.0,0,6250004,6765825,,-119,-16.5,80.568204,7.752053,1725,-123,-20,-124,-20,,,15,27
20,20438,337,00:50.0,20,5155861,5155841,5492993,-101.5,-13.8,81.695731,7.713852,1725,-104.5,-18.3,-105.5,-19,-106.5,-18.3,7,5
0,24256,102,01:52.0,0,5769729,5238549,5769730,-110,-18.5,80.034351,6.913338,1725,-110,-16.5,-112,-20,-114,-20,6,15
21,20814,222,01:52.0,21,5328395,5328386,,-100,-15.5,80.570033,7.760546,1725,-103,-18.5,-46,-20,,,6,3
2,21456,189,01:53.0,2,6109698,,,-113.7,-15.8,81.693707,7.609514,1725,-115.3,-17.3,,,,,6,114.7
30,20425,409,01:14.0,30,6114048,,,-103.4,-14.2,81.613646,7.782354,1725,-107.1,-17.8,,,,,5,11.2
0,20126,193,01:37.0,0,5143297,5134338,,-94,-12.3,79.844462,6.936205,1725,-98,-16.5,-101.5,-18.8,,,6,1
1,20254,199,00:46.0,1,5175298,6189056,6189059,-108,-13,79.895339,6.990317,1725,-113,-17.5,-114,-17.5,-114,-18,,3
11,20015,123,00:52.0,11,5123842,,,-76,-13.9,79.851612,6.911205,1725,-77,-14.5,,,,,10,0.7
21,23113,431,01:10.0,21,5315072,,,-111,-13.5,79.990539,9.733403,1725,-116,-18,,,,,8,9
32,20104,200,01:40.0,32,5144843,,,-104,-13,79.878816,6.900174,1725,-110.5,-17.5,,,,,,
20,20301,222,01:33.0,20,5197056,,,-91.7,-13.8,80.41418,8.339615,1725,-93.7,-15.5,,,,,9,1
2,20212,440,00:15.0,2,4294967295,,,-110,-13,79.873072,6.877988,1725,-113,-14.5,,,,,9,3
32,20104,200,00:05.0,32,5147904,5144843,5146636,-94,-12,79.879306,6.901721,1725,-94,-14,-99,-15.5,-103,-20,7,2
3,25629,346,00:18.0,3,5809695,,,-113,-16.5,80.31354,8.20637,1725,-114,-17,,,,,4,56
3,25629,346,01:16.0,3,5227264,5904641,,-109,-13,80.312634,8.196069,1725,-111,-15,-114,-17.5,,,,41
0,20623,345,01:49.0,0,5279490,5251586,,-91,-11,79.861463,6.947698,1725,-97,-16,-98,-16,,,10,0
2,21603,434,01:53.0,2,5540373,7167745,,-109,-13,80.034263,7.078035,1725,-116,-18.3,-120.5,-20,,,6.5,14
1,21193,169,00:09.0,1,6152706,6152705,6152704,-81,-15,79.856798,6.895579,1725,-84,-17.5,-84,-17.5,-85,-17.5,2,2
1,21193,169,00:35.0,1,5122050,6152724,5122818,-83,-14,79.85625,6.895397,1725,-85,-16.5,-87,-18,-88,-17.5,5,3
30,20193,354,01:34.0,30,5297409,,,-103.7,-15.1,79.888576,7.072782,1725,-106.6,-17.4,,,,,7.3,8.4
0,25766,114,00:05.0,0,5545236,,,-114,-16,80.589649,9.430304,1725,-115,-17.5,,,,,6,111
1,25629,115,01:19.0,1,5986817,6561026,,-102,-12.5,80.312986,8.161932,1725,-111,-20,-114,-20,,,7,13
1,24604,65,00:39.0,1,6298624,5996034,,-118.5,-18.5,80.664439,8.282387,1725,-119,-17.5,-122,-20,,,,26
11,21115,401,00:37.0,11,5492168,5611520,,-98,-14.5,80.399509,8.336228,1725,-101,-17.5,-104,-20,,,7,18
22,21115,127,00:39.0,22,5405472,5405452,,-89,-15,80.410129,8.333596,1725,-91,-17,-92,-18,,,,2
2,23694,223,01:15.0,2,6065686,,,-95.3,-14,79.965029,7.00168,1725,-95.7,-14.4,,,,,5.3,7.8
30,20303,327,01:25.0,30,5197569,,,-90.3,-13.1,81.725133,7.686473,1725,-94,-15.7,,,,,7.6,4.4
12,20254,386,01:28.0,12,5185056,5185026,,-80,-20,79.893287,6.990526,1725,-75,-13,-81,-18.5,,,6,1
2,20145,78,00:15.0,2,5318656,5994498,,-103,-11,80.012892,9.688167,1725,-110,-14.5,-110,-15,,,8,2
1,20402,161,01:53.0,1,5196820,,,-93,-11,81.828879,7.417178,1725,-96.5,-15.3,,,,,7,4.5
131,20402,278,00:02.0,,5223044,,,-102.8,-11,81.828211,7.424254,41090,-109.2,-18.1,,,,,11.5,6
3,25629,346,01:48.0,3,5901826,,,-106.5,-12.8,80.312148,8.186223,1725,-109.5,-15.5,,,,,5.5,23.5
0,25629,116,01:23.0,0,5901825,,,-115.7,-13.7,80.331608,8.172707,1725,-118.7,-16.7,,,,,5.7,27.3
2,20212,440,00:36.0,2,4294967295,,,-108,-12.5,79.873072,6.877988,1725,-111,-13,,,,,7,3
30,24045,144,00:21.0,30,5903872,,,-106,-13.5,81.4989,7.9441,1725,-114,-20,,,,,7,42
3,20646,274,00:53.0,3,5299466,,,-108,-15.5,79.93656,6.989211,1725,-110,-15,,,,,3,1
12,20300,259,00:03.0,12,5196822,,,-93.9,-13.6,81.824883,7.417199,1725,-96.1,-16.4,,,,,7,4.3
1,26446,248,01:41.0,1,5293059,5293068,,-112.3,-15.2,79.980735,7.139288,1725,-112,-13.7,-116,-18,,,8,10.7
3,25629,346,00:00.0,3,5227264,5901826,5227284,-111,-14.5,80.318199,8.196308,1725,-113,-14,-114,-18,-116,-17.5,6,42
1,21193,169,00:44.0,1,6152724,6152704,,-71,-13,79.85817,6.896161,1725,-71,-12,-75,-15,,,7,1
0,27040,84,00:52.0,0,5533952,5770240,5770262,-117,-18,80.003778,7.237807,1725,-117,-17.5,-118,-18,-118,-19,4,28
1,21193,169,01:11.0,1,5425408,,,-100.5,-11.5,79.855938,6.8963,1725,-105.3,-16.3,,,,,9.8,1.4
22,20193,90,00:35.0,22,5289728,5169440,5169410,-99,-17,79.891134,7.065837,1725,-100,-14.5,-100,-15,-103,-15.5,5,8
30,20193,354,00:15.0,30,5538818,5169418,,-95,-13,79.891123,7.072178,1725,-94,-11,-103,-20,,,12,5
12,20300,259,01:29.0,12,5222933,5222914,,-96,-15.5,81.823978,7.418692,1725,-97,-16.5,-100,-18.5,,,7,9
12,20300,259,01:33.0,12,5222933,,,-102.5,-14.1,81.82491,7.418679,1725,-106.7,-16.1,,,,,6.5,7
1,21129,112,01:31.0,1,6244864,5539328,5295874,-109,-14,79.947297,6.98877,1725,-111,-15.5,-114,-19.5,-115,-20,6,8
41,20649,370,00:01.0,41,6213673,5286186,,-110,-12,80.128438,7.264915,3650,-117,-19.5,-118,-20,,,,29
41,20649,370,01:07.0,41,5286186,,,-105,-12.5,80.124645,7.267465,3650,-110,-17.2,,,,,6.7,30.7
32,20393,345,01:02.0,32,5337347,,,-92,-13.5,80.495583,8.754769,1725,-94,-13,,,,,7,4
11,20424,126,00:40.0,11,6130689,,,-106.5,-12.3,81.553283,7.902481,1725,-110,-16,,,,,,25.5
2,20424,128,00:36.0,2,6155550,6600960,,-113,-14.5,81.564404,7.918381,1725,-115,-16.5,-124,-20,,,5,73
0,22705,273,00:40.0,0,6721793,5812483,,-111.3,-15.7,80.02029,7.436522,1725,-112.7,-15.8,-114.7,-17,,,4,18.5
0,25983,270,00:59.0,0,5875201,,,-109,-13.5,80.58469,8.063643,1725,-116,-20,,,,,6,10
21,22508,270,00:33.0,21,5893653,,,-106.5,-12.6,80.511357,8.678038,1725,-110.5,-17,,,,,7.7,32
92,27281,349,01:36.0,92,6900561,,,-105,-11.5,81.604765,7.782162,525,-111.3,-18,,,,,8.6,6.5
1,25709,439,01:11.0,1,5224961,5224960,,-105,-12,81.834993,7.412139,1725,-109,-16,-110,-17,,,8,7
1,25709,439,01:13.0,1,5224960,6581506,5222922,-86,-11,81.834993,7.412139,1725,-99,-17.5,-101,-18,-105,-20,,
0,26983,24,01:11.0,0,5497344,,,-81,-11.5,79.864943,6.940486,1725,-87,-13,,,,,,
131,20417,448,01:49.0,,6896515,5223554,5780098,-105,-16.5,81.857121,7.229341,41090,-105,-14.5,-106,-16,-107,-17,4,10
71,20136,196,01:43.0,71,5325630,5325729,5325629,-97,-13,80.372362,7.489164,400,-100,-14.5,-102,-17.5,-108,-20,7,9
0,22722,372,01:04.0,0,6594305,,,-111,-16,79.891671,7.455597,1725,-114.8,-18.4,,,,,8,60
1,21973,386,01:33.0,1,6543107,6543104,6657792,-106.5,-15.5,80.367967,8.291541,1725,-109.5,-17,-112,-19.3,-113,-20,9.5,20
1,21703,63,00:26.0,1,6250006,,,-111,-16,80.583654,7.699164,1725,-114,-18,,,,,4,18
1,21649,256,00:47.0,1,5542176,,,-93,-15,80.239158,9.822023,1725,-101,-20,,,,,10,8
0,21955,417,00:05.0,0,5607171,,,-106.5,-17,80.390637,8.363691,1725,-113,-19.8,,,,,8,18.5
80,27309,378,01:01.0,80,6991185,,,-96.7,-12.7,81.16428,8.47235,525,-98.7,-14.7,,,,,7,5.3
82,27379,83,00:23.0,82,5894738,,,-95.5,-12.8,80.274134,7.823189,525,-97.5,-15,,,,,8.5,7
0,26018,124,00:46.0,0,5998081,,,-109.5,-14,80.419697,9.386802,1725,-115.3,-18.6,,,,,8,16
1,20810,247,01:44.0,1,5326595,5548288,5548289,-112,-17,80.34863,7.504761,1725,-112,-16.5,-113,-19,-114,-19,5,16
3,23519,414,01:11.0,3,6607616,6930432,6020866,-112,-16,80.41194,7.912287,1725,-111,-16.5,-117,-20,-120,-20,5,25
0,21494,426,00:17.0,0,5272576,,,-86,-11,79.863231,6.931812,1725,-95,-19,,,,,8,2
1,27073,179,00:18.0,1,5551616,5321216,,-106.8,-13.8,80.212429,7.428134,1725,-109.5,-16.5,-111.8,-18.5,,,7,17
2,24183,41,00:27.0,2,5543189,6564610,,-114,-17,80.013111,9.666246,1725,-113,-16,-117,-19,,,,2
0,20439,165,00:34.0,0,5231617,,,-103.3,-14.2,81.733684,7.691607,1725,-107.3,-16.8,,,,,12,7.3
1,24832,118,01:44.0,1,6108161,,,-103,-15,81.59289,7.788587,1725,-104.7,-16.7,,,,,,7
92,27281,349,00:26.0,92,6900561,,,-103,-11.6,81.604441,7.781643,525,-109.1,-17.7,,,,,8,8
1,20117,382,01:07.0,1,6189315,5149698,,-96,-15,79.859651,6.921289,1725,-93,-16.5,-97,-17,,,,
2,20648,145,00:26.0,2,5285920,5285889,5285899,-90,-14.5,79.955069,7.173033,1725,-96,-18.5,-98,-20,-98,-18.5,5,1
0,27073,178,00:19.0,0,5554690,5917184,6451971,-111,-13,80.215728,7.452424,1725,-117,-18.5,-119,-19,-121,-20,6,23
81,24928,241,00:15.0,81,6391890,,,-84,-16,80.357936,7.479673,525,-83,-12.5,,,,,,
1,25709,439,01:30.0,1,7177728,5224961,,-109.7,-14.2,81.839827,7.407832,1725,-111,-15,-114.3,-18.3,,,7,8
0,20475,369,00:17.0,0,5504769,5504789,,-98,-13.7,79.864369,6.950329,1725,-98.6,-13.7,-103.4,-17.4,,,,4
1,24832,118,00:54.0,1,6108161,,,-101.9,-15.4,81.594989,7.789395,1725,-106.4,-18.2,,,,,6.3,8.6
71,20136,196,01:34.0,71,5325639,,,-97,-12.5,80.368951,7.490647,400,-98,-14,,,,,11,11
11,20648,144,01:17.0,11,5411614,,,-106.3,-15.8,79.948091,7.165657,1725,-106.7,-16,,,,,,
92,27281,349,00:53.0,92,6984540,6900561,,-100.5,-12.5,81.602477,7.780911,525,-105,-16.5,-105.5,-18,,,8,6.5
53,23009,12,01:03.0,53,6596914,6035506,,-104,-12.5,,,2530,-111,-15.5,-113,-20,,,7,28
0,24034,210,00:42.0,0,5122818,,,-89,-9.5,79.856713,6.895704,1725,-101,-18,,,,,9,27
1,20153,79,01:35.0,1,6046977,,,-96,-11.2,79.997949,9.716929,1725,-102,-16.8,,,,,6,5.5
1,20153,79,00:18.0,1,6046976,6046977,5318914,-102,-11.5,79.998831,9.716664,1725,-105,-17,-106,-16,-109,-18,,
0,24256,102,00:49.0,0,6209537,,,-111,-15.5,80.035541,6.911699,1725,-117,-19,,,,,,3
1,27073,179,00:13.0,1,5551616,,,-97.8,-13.8,80.214175,7.430705,1725,-101.2,-16.7,,,,,7.5,16.9
0,22561,129,00:12.0,0,5825536,5813279,,-111.5,-16,79.967174,7.352361,1725,-113,-18,-113.5,-18.8,,,7,39
0,22612,421,00:11.0,0,5556247,5623554,6283265,-120,-16.5,80.545895,7.887519,1725,-123,-18,-123,-18.5,-123,-18.5,,34
3,20779,252,00:21.0,3,6018817,,,-112,-15,80.399472,7.321244,1725,-118,-20,,,,,13,56
80,27309,378,01:41.0,80,5874513,,,-102,-11.5,81.166341,8.463439,525,-111,-20,,,,,9,20
0,21611,148,00:13.0,0,5533442,6770178,,-108,-16.5,79.974756,7.15771,1725,-107,-18,-108,-17.5,,,9,23
1,24183,40,01:39.0,1,6564609,,,-93,-13.4,80.013587,9.664749,1725,-97.4,-16.3,,,,,6.4,2.4
0,20004,315,00:20.0,0,5121026,6214656,,-100,-17,79.858982,6.910894,1725,-95,-13,-99,-15.5,,,,
0,20475,369,00:39.0,0,5241601,,,-103.3,-10.6,79.864554,6.950398,1725,-108.8,-15.1,,,,,9,2
0,20475,369,00:56.0,0,5241601,,,-103.8,-12.3,79.865364,6.949532,1725,-106.8,-15,,,,,10,2.5
11,23580,46,00:40.0,11,5285908,,,-108.7,-14.6,79.968606,7.186876,1725,-111.4,-16.2,,,,,7.7,17
0,24034,210,01:53.0,0,6152724,,,-85,-10.5,79.857481,6.89628,1725,-91,-17,,,,,,
1,26007,406,01:16.0,1,6657792,,,-110,-11.8,80.377907,8.26386,1725,-113.8,-15.1,,,,,8,14
11,20648,144,01:39.0,11,5411614,5298433,5298432,-108,-13.5,79.956499,7.160928,1725,-113,-19,-114,-19.5,-114,-19.5,,
3,20600,297,01:17.0,3,5273600,5204480,5259008,-109,-18,79.931481,6.899005,1725,-111,-19,-113,-19.5,-114,-19,,
0,20499,196,01:50.0,0,5519618,,,-88,-15.3,79.852156,6.938062,1725,-89.3,-17.7,,,,,,24
1,20527,52,00:20.0,1,5274892,5512736,5199360,-99,-16,79.906644,6.939302,1725,-99,-17,-104,-20,-104,-20,,8
11,20648,144,01:09.0,11,5298433,,,-105,-14,79.957138,7.155228,1725,-109,-17,,,,,,
0,23861,45,00:02.0,0,6040588,5414144,6381827,-112,-17.5,80.424821,7.520059,1725,-111,-15.5,-116,-20,-117,-20,8,25
1,27073,179,01:02.0,1,5551616,5551618,5321216,-107.2,-14.6,80.214727,7.432457,1725,-108.4,-15.9,-111.4,-18.4,-112.6,-19.2,,
2,20428,201,00:10.0,2,5820437,5493250,6113814,-104,-13.5,81.676194,7.712632,1725,-106,-16.5,-107,-17,-128,-20,7,17
1,25649,20,00:45.0,1,5811456,6212610,6566144,-114,-17,80.010258,7.040775,1725,-113,-17,-114,-18.5,-115,-18.5,6,22
0,21710,372,01:11.0,0,5557762,5556995,6476546,-108.5,-16.3,80.763469,9.222049,1725,-112,-16.5,-113.5,-19,-114.5,-20,8,19
21,21686,349,01:12.0,21,5551616,,,-101.3,-13.5,80.215938,7.430605,1725,-106.3,-19,,,,,8,3
30,20136,15,00:17.0,30,5552641,5154816,,-96,-13,80.36813,7.481014,1725,-95,-11,-101,-16.5,,,9,7
2,22685,155,00:58.0,2,5281812,5281802,,-113,-16,80.010453,7.103238,1725,-108,-13,-113,-15.5,,,8,11
2,22741,348,01:00.0,2,5140994,7150337,4294967295,-102,-20,79.860788,6.93337,1725,-103,-19,-105,-20,-105,-20,,
1,26007,406,01:29.0,1,5625088,,,-117,-15,80.387973,8.262922,1725,-122,-19.5,,,,,,
1,20441,265,01:44.0,1,5232898,6311169,,-82,-13.5,81.736631,7.671634,1725,-92,-20,-93,-20,,,7,6
0,22612,421,00:44.0,0,5623554,,,-110.5,-14.2,80.54743,7.894184,1725,-114.9,-17.4,,,,,7.3,35.4
3,25084,117,00:39.0,3,5261570,7170079,,-108,-17,79.877181,6.852187,1725,-107,-13.5,-110,-18,,,4,7
1,20441,265,01:45.0,1,4294967295,6311179,,-108,-12.5,81.730105,7.669407,1725,-109,-16,-111,-18,,,11,15
82,27306,308,01:48.0,82,5874011,6990428,5874002,-109,-13,81.086219,8.069443,525,-110,-14,-116,-16,-117,-20,6,5
1,26991,286,01:05.0,1,5254933,6909696,,-105,-12.5,79.900832,6.940452,1725,-104,-13.5,-106,-15,,,7,3
2,23883,201,00:54.0,2,5232642,,,-102,-13.7,81.607442,7.773183,1725,-108,-19.3,,,,,6,3
0,20559,114,00:52.0,0,5207041,6212108,6212118,-110,-18,79.876201,6.979632,1725,-110,-17.5,-115,-20,-115,-20,4,5
0,23223,249,00:44.0,0,4294967295,,,-101,-15,79.866733,7.566821,1725,-117,-20,,,,,7,13
22,20767,409,01:44.0,22,5154324,,,-103.3,-11.4,80.038155,9.68316,1725,-110.5,-17.2,,,,,7.5,6.5
1,23925,386,00:02.0,1,6124802,,,-92.5,-12.9,81.342238,7.552836,1725,-95.3,-14.8,,,,,8,3.3
22,20673,367,00:40.0,22,5984771,,,-118.3,-15.8,80.112715,6.967462,1725,-121.7,-18.2,,,,,8,14.5
2,25643,245,01:56.0,2,6190850,6190848,,-97,-12,80.013988,9.664242,1725,-104,-20,-105,-20,,,7,1
2,20772,230,00:54.0,2,4294967295,,,-102.8,-14.8,80.022408,9.664249,1725,-105,-17.2,,,,,9.2,4.7
2,20772,230,00:17.0,2,5772544,,,-98.9,-13.7,80.021924,9.662835,1725,-103.2,-18.1,,,,,10.7,5.6
2,20037,339,00:24.0,2,5246466,5426688,5129472,-110,-15.5,79.895189,6.901443,1725,-112,-16,-113,-17,-113,-17,6,1
2,25644,321,00:33.0,2,5772545,5317633,6190593,-102,-17,80.025605,9.657162,1725,-112,-19.5,-112,-20,-118,-20,8,7
21,20501,213,00:56.0,21,6202113,5123585,5248257,-108,-19.5,79.86464,6.918734,1725,-106,-17.5,-107,-18,-107,-19,0,4
83,20774,12,00:43.0,83,5316434,,,-105.7,-12.8,80.03909,9.677473,525,-110.8,-17.3,,,,,9.8,9.6
2,21621,309,00:22.0,2,5534976,,,-98,-13.3,79.971963,6.954603,1725,-105.5,-18.8,,,,,6,12
2,21621,309,01:24.0,2,5534976,,,-103.3,-13.5,79.974003,6.956199,1725,-109.3,-19.1,,,,,6.8,12.2
2,21621,309,00:01.0,2,5408513,5534976,,-105,-16,79.967165,6.953494,1725,-109,-16.5,-111,-18,,,3,13
0,23225,115,01:50.0,0,5945612,,,-112,-15,81.63542,7.720547,1725,-117,-19.5,,,,,,
1,20610,5,00:34.0,1,5267202,5166358,,-113,-18.5,79.864319,6.863078,1725,-117,-20,-126,-20,,,6,35
2,27115,276,00:13.0,2,5493771,5228309,,-101,-13,81.520327,7.897029,1725,-102,-15,-106,-18.5,,,,9
2,25358,344,00:19.0,2,6014978,,,-119.5,-17,80.473121,7.737238,1725,-119.5,-16.3,,,,,8.5,30.5
3,20779,252,00:02.0,3,4294967295,4294967295,,-113.5,-13.8,80.414645,7.319928,1725,-116,-16.5,-117,-17.3,,,10,34
1,20153,79,00:32.0,1,5159170,5318914,5159168,-90,-9.5,79.997107,9.72049,1725,-99,-19,-100,-19,-101,-20,14,0
20,21674,374,00:18.0,20,5321217,5551637,6734851,-115,-19,80.211344,7.404712,1725,-114,-16,-114,-16.5,-119,-13,6,39
0,21692,54,01:56.0,0,5321986,5413142,,-108,-16.5,80.290272,7.330581,1725,-107,-14.5,-111,-17,,,9,21
20,20737,343,00:11.0,20,5308675,5308682,5533718,-102,-16,79.884089,7.212164,1725,-106,-17,-107,-18,-107,-19.5,6,11
21,21686,349,01:40.0,21,6930689,5551616,,-96.5,-14,80.215124,7.430473,1725,-101.5,-17.3,-102.5,-15.5,,,8,2
1,27073,179,01:01.0,1,5551618,5321216,,-89.7,-12.5,80.209631,7.432659,1725,-95,-17.5,-97.3,-18,,,6.5,9.5
2,25649,18,01:00.0,2,5288449,,,-106,-13.5,80.019956,7.06081,1725,-111,-17.5,,,,,,11
2,25649,18,00:03.0,2,6566145,6510593,,-101,-13,80.01605,7.054392,1725,-106,-15,-114,-20,,,8,4
2,21879,299,00:03.0,2,5601024,,,-111.7,-12.2,80.245495,8.199707,1725,-116.8,-16.7,,,,,7.8,26
2,26448,294,00:27.0,2,5312287,6770689,,-101,-20,80.0413,9.744868,1725,-101,-17.5,-101,-18.5,,,5,15
3,20779,252,01:44.0,3,4294967295,,,-110.5,-16.3,80.421093,7.320316,1725,-112,-17.1,,,,,10.5,42.1
3,21700,449,00:45.0,3,5327894,5215264,5215252,-98,-16,79.910709,8.979866,1725,-97,-17,-100,-19.5,-100,-19,9,7
40,21955,436,00:11.0,40,5604650,4294967295,,-108,-13,80.384883,8.35876,3650,-117,-20,-118,-20,,,7,25
80,27309,378,00:58.0,80,6975314,,,-113.3,-14.2,81.168703,8.475439,525,-115,-15.8,,,,,11,6
132,24235,282,00:35.0,,5218946,,,-103.3,-11.6,79.844073,8.0294,41090,-107.8,-15.3,,,,,9,17.8
2,20210,78,00:24.0,2,5173761,5173760,,-100,-12.5,79.924118,6.984996,1725,-105,-19,-105,-18.5,,,4,17
1,24027,442,01:33.0,1,5232128,,,-82,-12,81.695118,7.717275,1725,-90,-19,,,,,10,23
80,27329,15,01:51.0,80,4294967295,,,-105,-12,80.931522,8.002665,525,-117,-20,,,,,8,12
1,25070,292,01:14.0,1,5330691,,,-112,-14.7,79.855252,7.426705,1725,-113.3,-15.3,,,,,5.5,11.5
21,20297,66,00:14.0,21,5206550,,,-82,-11,79.889271,7.174714,1725,-88,-12,,,,,11,3
0,20499,196,00:46.0,0,5519618,,,-77,-11.6,79.85209,6.937932,1725,-81.3,-15,,,,,8.3,0
2,20648,145,00:50.0,2,5411594,5298453,,-108,-14.5,79.941627,7.169985,1725,-114,-19.5,-115,-20,,,7,24
21,20333,401,01:35.0,21,5184768,,,-90,-13.8,79.862947,6.869044,1725,-92,-16.5,,,,,10.5,1.5
0,20475,369,01:58.0,0,5504769,5504789,,-107,-12,79.865397,6.951426,1725,-107,-12.5,-113,-17.5,,,,
20,21674,374,01:14.0,20,5321217,,,-111,-14,80.206796,7.404004,1725,-114,-16.5,,,,,7,29
21,20768,198,01:50.0,21,5316610,5542933,,-107,-16,80.241215,9.813578,1725,-109,-18.5,-111,-20,,,6,14
1,21756,262,01:31.0,1,6043138,,,-102,-14.3,79.878951,7.358927,1725,-107,-15.8,,,,,6.3,20
0,20475,369,00:59.0,0,5497600,,,-82,-11.5,79.866293,6.953044,1725,-85,-15,,,,,,
1,23430,289,01:15.0,1,5545729,6660608,,-106,-14.5,80.412992,9.383232,1725,-108,-16.5,-110,-18,,,4,18
0,20345,90,00:15.0,0,5411348,6158101,,-108,-16.5,79.927777,7.029722,1725,-114,-20,-115,-20,,,,
20,24034,113,01:01.0,20,7046144,,,-98,-12,79.85819,6.895985,1725,-98,-10.5,,,,,5,1
2,25644,321,00:15.0,2,5772545,5542657,5317633,-109,-15.5,80.02452,9.655674,1725,-115,-17,-115,-18.5,-116,-20,,
0,24034,210,01:14.0,0,5122818,,,-84,-9.5,79.857942,6.895802,1725,-94,-17.5,,,,,10,26
1,23893,241,01:29.0,1,6224384,6116608,5540631,-104,-16.5,79.930859,7.059089,1725,-105,-20,-106,-20,-106,-20,9,7
3,20779,252,00:31.0,3,4294967295,,,-113,-15.6,80.423796,7.323028,1725,-117.5,-17,,,,,8.8,56.5
11,20648,144,00:58.0,11,5298432,,,-108,-15.5,79.954472,7.16935,1725,-109,-16.5,,,,,,10
30,20648,153,00:14.0,30,6242562,,,-110,-15,79.965761,7.180015,1725,-112,-17.5,,,,,,16
1,24027,442,00:05.0,1,5155842,,,-100.4,-16.2,81.688545,7.72693,1725,-104.4,-18.2,,,,,6.7,7.9
0,22705,273,01:43.0,0,6293270,6242051,5326111,-108,-16,80.026592,7.434638,1725,-109,-16,-111,-20,-112,-19.5,8,28
2,24027,443,01:12.0,2,6150912,,,-91.3,-14.2,81.684835,7.730834,1725,-94.3,-17.3,,,,,8.8,4
1,21667,381,00:58.0,1,6915840,5282048,,-110,-15.1,79.980882,7.307196,1725,-111,-17.4,-111.8,-17.1,,,5.5,26.3
2,20064,194,01:57.0,2,5153024,5914880,,-96,-14,79.849716,6.924602,1725,-99,-18,-100,-18.5,,,,6
80,27622,204,01:08.0,80,7071315,5206365,,-110,-12.5,79.905976,6.989649,525,-111,-15.5,-114,-17.5,,,8,5
3,20600,297,01:52.0,3,5259008,5273602,,-106,-15,79.928893,6.895698,1725,-108.5,-17.5,-111,-19.8,,,8,2
53,23009,12,01:21.0,53,6927410,,,-115.8,-12.8,80.385756,7.698544,2530,-119,-16.1,,,,,6.6,63
2,20428,201,01:42.0,2,5493250,5820437,,-107,-20,81.679549,7.729902,1725,-103,-16,-105,-18.5,,,,16
2,21703,24,00:38.0,2,5555971,,,-109.2,-15.8,80.592672,7.714396,1725,-112.2,-18.1,,,,,6.3,17.5
1,20756,233,01:05.0,1,5313556,,,-94.3,-13.6,80.045533,9.715487,1725,-98.6,-16.7,,,,,11,3.3
0,21710,372,00:37.0,0,6476546,5557762,5557004,-107,-18,80.763956,9.218187,1725,-109,-19,-109,-17,-111,-19.5,,16
2,25649,18,00:59.0,2,5771010,,,-99,-13,80.020674,7.058735,1725,-101,-15,,,,,9,10
41,22508,199,00:18.0,41,5935912,5893673,,-112,-14.5,80.514446,8.692556,3650,-116,-18,-118,-19.5,,,,
22,20767,409,01:55.0,22,5316355,5154304,,-102,-12.5,80.033459,9.684542,1725,-108,-18.5,-108,-18.5,,,,12
1,24183,40,00:44.0,1,6190850,6564610,6564609,-72,-13,80.013857,9.666144,1725,-77,-18.5,-80,-20,-81,-20,9,0
2,24183,41,00:52.0,2,6167297,5316875,,-70,-18.5,80.012388,9.666677,1725,-76,-15.5,-77,-20,,,,
1,22980,278,00:53.0,1,5312021,5312011,,-104,-13,80.186422,9.81207,1725,-109,-19.5,-112,-20,,,11,10
32,20440,249,00:51.0,32,5767189,5767169,6114048,-96,-16,81.609084,7.776031,1725,-94,-15,-95,-15.5,-99,-18.5,,7
2,21879,299,00:18.0,2,5870592,,,-107,-14.5,80.258609,8.192291,1725,-109,-16,,,,,9,50
82,27379,83,01:36.0,82,5894736,,,-93.7,-13.6,80.276834,7.823974,525,-94.1,-14.3,,,,,4,1
0,20114,396,00:04.0,0,5122818,5128194,5142785,-98,-11.5,79.855794,6.899476,1725,-101,-15,-104,-18,-107,-19,7,0
21,20501,213,01:18.0,21,7080448,7080449,,-92,-10,79.865118,6.918658,1725,-99,-17.5,-100,-18,,,9,3
1,26991,286,00:20.0,1,7127810,6909696,,-96,-11.5,79.899298,6.940526,1725,-100,-15.5,-101,-16.5,,,11,1
1,26020,178,00:56.0,1,6251778,6661120,4294967295,-111,-14,80.204279,7.286738,1725,-112,-15,-117,-19,-119,-18.5,7,10
2,27068,77,01:07.0,2,6783488,,,-98.6,-13.8,80.390439,7.473131,1725,-101.8,-17.4,,,,,9,5
22,20767,409,01:11.0,22,5154324,,,-105,-13.5,80.037614,9.68172,1725,-106.7,-14.1,,,,,6,9
22,20767,409,01:28.0,22,5154324,,,-105,-12.3,80.037405,9.682163,1725,-108.7,-16.3,,,,,7,8
0,24649,213,00:17.0,0,5891585,5917440,,-110,-18,80.305403,8.056459,1725,-110,-17.5,-110,-18,,,6,43
1,23925,386,01:30.0,1,6124802,5912832,,-102,-15.5,81.341934,7.552549,1725,-99,-13.5,-105,-17,,,5,2
0,25708,159,00:18.0,0,6581249,5413141,,-92,-11.8,80.309751,7.324538,1725,-100.5,-18.5,-102,-19.8,,,7.5,5.5
1,25643,244,01:51.0,1,5542678,6190849,,-88,-15.5,80.014754,9.661211,1725,-86,-14,-91,-19,,,6,4
2,27115,276,00:44.0,2,5492480,,,-102,-11,81.538484,7.867751,1725,-112.5,-19.5,,,,,8.5,7
0,20536,60,01:34.0,0,5509632,5257237,5257217,-72,-16,79.84624,6.935405,1725,-71,-15,-75,-18.5,-76,-19.5,,0
22,20536,340,00:58.0,22,5257218,,,-80,-11.1,79.844869,6.935006,1725,-86.3,-16.5,,,,,10,0
0,20536,60,00:33.0,0,5134338,,,-81.3,-13.9,79.845588,6.935649,1725,-84.8,-17.6,,,,,10.5,0.5
0,26018,124,01:37.0,0,5998081,,,-111,-15.5,80.417926,9.386723,1725,-116,-19.5,,,,,,18
0,21460,133,01:14.0,0,5493762,6507265,5229334,-98,-11.5,81.522769,7.907357,1725,-97,-13.5,-100,-16,-102,-18.5,5,11
23,24046,83,00:16.0,23,6155779,5219093,,-105,-14,79.844147,7.335939,1725,-105,-15.5,-109,-15,,,,0
2,24183,41,00:37.0,2,6564610,6190849,,-84.6,-15.6,80.013963,9.665655,1725,-85,-16,-87.8,-18,,,8.3,1
0,24034,210,01:56.0,0,6152724,6152705,6152706,-67,-14,79.857764,6.895154,1725,-67,-12.5,-72,-17,-72,-17,5,0
20,24034,113,00:55.0,20,7046144,5121795,6152706,-99,-15,79.857205,6.895341,1725,-100,-13,-102,-15.5,-103,-16.5,3,2
80,27622,204,00:04.0,80,5305427,5206365,,-108,-13,79.903806,6.991276,525,-113,-16.5,-114,-19.5,,,6,10
21,20470,29,00:22.0,21,7127809,,,-103.5,-12,79.899772,6.939116,1725,-107.5,-15.8,,,,,5.5,4
33,20782,327,00:36.0,33,5320192,5320195,,-80,-13,80.40553,9.368157,1725,-87,-17,-87,-18.5,,,9,8
21,20333,401,00:01.0,21,5276163,5267202,5276160,-105,-18,79.862547,6.866344,1725,-105,-15,-108,-18,-108,-20,6,4
1,21973,386,01:21.0,1,6543104,6543107,5625088,-106,-15.5,80.36926,8.289826,1725,-110,-19,-111,-18.5,-112,-20,8,20
2,23867,76,00:30.0,2,6109953,,,-79.8,-15.3,81.736619,7.684345,1725,-83.5,-16.8,,,,,8.8,3
2,21879,299,00:35.0,2,5601024,,,-109.2,-11.7,80.24016,8.196451,1725,-116.2,-17.6,,,,,7.7,29.3
1,21955,418,00:14.0,1,5620482,,,-106,-14.8,80.372589,8.373025,1725,-111.4,-18.5,,,,,9,23.2
80,27309,378,00:22.0,80,6118994,,,-105,-14.5,81.170133,8.477134,525,-106,-16.5,,,,,7,4
1,22980,278,01:33.0,1,5882910,5882882,6766338,-105,-16,80.18639,9.816241,1725,-110,-16.5,-113,-19.5,-113,-18.5,7,8
0,21443,31,01:31.0,0,5226498,,,-110,-13,81.684615,7.29997,1725,-117,-18.3,,,,,,15.5
1,22532,328,01:45.0,1,5822221,,,-110.3,-18.5,79.969116,7.104645,1725,-112.3,-18.8,,,,,5,24
2,20422,175,00:27.0,2,5228035,,,-86.5,-12.8,80.402048,8.323975,1725,-93.5,-19.5,,,,,,
1,20756,233,00:00.0,1,5313556,,,-94.5,-14.4,80.045152,9.715305,1725,-96.6,-15.3,,,,,9.3,3.6
20,20737,343,01:27.0,20,5308675,5303564,,-104,-13,79.898459,7.209991,1725,-109,-18.5,-110,-17,,,6,19
0,27073,178,01:36.0,0,5554709,,,-114,-14.5,80.214616,7.45357,1725,-121,-20,,,,,5,23
0,22224,65,00:48.0,0,5317120,5689345,,-112,-19,80.11008,9.78079,1725,-109,-15,-114,-18.5,,,,19
1,20648,154,01:34.0,1,5533452,5411594,5285918,-118,-19.5,79.963979,7.163288,1725,-117,-17.5,-122,-20,-124,-20,5,18
1,20153,79,01:26.0,1,5318914,5318913,,-107,-12.5,79.997332,9.716338,1725,-111,-16.5,-113,-19,,,8,8
1,25649,20,00:05.0,1,6212611,5288459,,-106,-13,80.02441,7.048595,1725,-115,-20,-116,-20,,,9,20
3,20779,252,00:41.0,3,5319168,6018817,,-114,-15,80.399472,7.321244,1725,-120,-20,-121,-20,,,9,56
0,20004,315,01:19.0,0,5121026,4294967295,6214656,-95,-15.5,79.858031,6.911788,1725,-95,-15,-95,-15.5,-97,-17,5,2
2,20648,145,00:49.0,2,5298453,5298432,,-103.5,-14.3,79.944876,7.170765,1725,-107,-16.5,-110.5,-18.3,,,8,18.5
1,20756,233,01:03.0,1,6470912,,,-101.3,-13.7,80.049593,9.713622,1725,-105.7,-17.7,,,,,7,11
0,24027,441,01:35.0,0,6150913,,,-96.1,-15,81.687114,7.729395,1725,-99,-17.3,,,,,10.2,2.6
21,20297,66,00:05.0,21,6433026,5410059,,-89,-13.5,79.885885,7.174512,1725,-95,-17,-95,-16.5,,,,
1,21643,422,00:22.0,1,7170818,5540628,,-103,-15,79.947019,7.054423,1725,-106,-18.5,-112,-20,,,9,6
3,20600,297,01:11.0,3,5259008,5273602,,-108,-12.5,79.92712,6.896559,1725,-114,-19,-115,-19.5,,,8,3
11,20648,144,01:59.0,11,5298432,,,-96,-14,79.953735,7.167981,1725,-100,-19,,,,,,12
80,27329,15,00:54.0,80,6996314,6281552,,-105.7,-12.8,80.941108,8.005359,525,-111.3,-18.2,-113,-19,,,,26
21,20404,197,00:50.0,21,5405196,5223425,,-94,-14.5,81.851672,7.223447,1725,-93,-15,-94,-15.5,,,5,1
1,24791,130,00:42.0,1,6346498,,,-106.3,-13.1,81.623892,7.397371,1725,-113.3,-19,,,,,9.5,24
1,26007,406,01:47.0,1,5607681,6765570,5491486,-113,-13,80.368425,8.262049,1725,-120,-20,-122,-20,-125,-20,5,73
0,21710,372,00:02.0,0,5557762,6476546,5557004,-108,-15,80.763779,9.218911,1725,-111,-19.5,-113,-20,-117,-20,6,16
2,24183,41,01:49.0,2,6564610,5309954,6190849,-93,-16,80.01431,9.665731,1725,-95,-17.5,-98,-19.5,-99,-18.5,6,1
82,27379,83,01:24.0,82,7009104,,,-90,-11,80.277008,7.824748,525,-97,-19,,,,,15,1
82,27379,83,00:15.0,82,5892689,,,-111.5,-11.5,80.266925,7.808067,525,-112.5,-17.8,,,,,7.5,23.5
11,24235,19,00:26.0,11,6380574,,,-107,-13,79.843584,8.026567,1725,-114,-16,,,,,5,8
22,20673,367,00:30.0,22,5771295,5292289,,-96,-15.5,80.120156,6.97753,1725,-101,-19.5,-101,-19,,,6,3
3,22962,408,01:06.0,3,5878304,,,-96.3,-11.6,80.107744,8.199908,1725,-99,-14.3,,,,,7,15.8
82,27379,83,00:00.0,82,5894736,,,-94,-11,80.276911,7.824541,525,-107,-20,,,,,11,1
1,26991,286,01:39.0,1,6909698,7127810,,-95,-11.5,79.899113,6.940455,1725,-97,-15.5,-99,-16.5,,,,0
0,26991,285,00:01.0,0,5254943,,,-95,-10.8,79.900349,6.941881,1725,-101.5,-18,,,,,7.5,2.5
1,26020,178,01:00.0,1,6661122,5529090,6251778,-112,-13.5,80.188381,7.269374,1725,-119,-16,-119,-18.5,-120,-18,4,24
2,27068,77,01:05.0,2,5326337,,,-97.8,-13.8,80.390228,7.472305,1725,-104.2,-18.7,,,,,9.8,5.2
0,24141,93,01:53.0,0,6180097,,,-85,-12.4,80.651295,7.869962,1725,-91.8,-17.5,,,,,10.4,1.6
1,23925,386,00:06.0,1,6124802,5912832,,-103,-16,81.339048,7.552547,1725,-103.3,-14.7,-105.7,-18.2,,,6.3,6.3
1,20772,229,00:14.0,1,5317634,,,-97.7,-12.2,80.024854,9.662448,1725,-105.3,-19,,,,,12,2
1,20774,435,01:13.0,1,5318146,5318144,,-106,-14,80.040671,9.668315,1725,-114,-18.5,-114,-19.5,,,7,6
3,20774,54,00:52.0,3,5316354,,,-103,-13.9,80.040455,9.676933,1725,-108.2,-18.9,,,,,8,6.3
2,21621,309,00:17.0,2,5534976,,,-91,-12,79.971623,6.954531,1725,-98,-19,,,,,7,10
0,21705,313,01:21.0,0,5556501,,,-88.8,-11.6,80.650021,7.873013,1725,-94.8,-16.9,,,,,8,3.7
0,23225,115,00:45.0,0,5902848,5904896,6114817,-115,-19,81.651479,7.714314,1725,-116,-16.5,-118,-20,-119,-19.5,,
3,20610,49,00:19.0,3,6259202,5267202,,-101,-17,79.862529,6.865038,1725,-105,-17.5,-106,-19.5,,,5,3
1,20723,168,00:14.0,1,5295362,5295382,5295381,-99,-17.5,79.838093,7.211399,1725,-94,-13,-95,-13,-97,-15,4,4
22,20536,340,01:06.0,22,5134338,,,-79.5,-14.5,79.845247,6.935154,1725,-82.5,-14,,,,,6,0
22,20536,340,00:37.0,22,5152256,5257218,5257217,-77,-13,79.845266,6.934943,1725,-78,-13.5,-80,-16.5,-81,-17,,
3,20779,252,00:13.0,3,4294967295,4294967295,,-107.3,-15,80.422575,7.318782,1725,-109,-15.3,-112.8,-18.1,,,8,44
2,22949,363,01:15.0,2,5874947,,,-112.6,-15.9,80.509788,7.79883,1725,-115.1,-18.2,,,,,10,14.8
2,24235,120,00:29.0,2,6380555,,,-103,-13.4,79.84748,8.032874,1725,-108.2,-17.8,,,,,9,17.8
1,20229,290,00:14.0,1,5181952,5171222,,-105,-17.5,79.869329,6.876073,1725,-104,-15,-107,-14.5,,,6,3
10,20431,173,00:41.0,10,6565121,,,-108.3,-14.2,81.804192,7.499143,1725,-112.3,-18.1,,,,,6.9,16.3
1,20610,5,00:06.0,1,5276162,,,-77.7,-11.8,79.863552,6.863431,1725,-80.3,-13.6,,,,,11,1.5
11,20015,123,01:54.0,11,5123842,,,-81.6,-12.1,79.851217,6.911193,1725,-87.9,-16,,,,,10.7,1
3,21118,57,01:40.0,3,5406208,,,-105,-15.2,80.830581,8.554593,1725,-108.3,-16.8,,,,,8.5,9.5
2,20424,128,01:32.0,2,5228545,,,-88,-12.5,81.563369,7.917853,1725,-95,-19.5,,,,,7,2
11,21115,401,01:24.0,11,5227776,,,-104.3,-16.8,80.396838,8.335262,1725,-107,-18.6,,,,,6,22
1,25629,115,00:01.0,1,5227265,,,-112.4,-12.9,80.316634,8.152774,1725,-117.8,-18.7,,,,,8,26.3
3,25629,346,00:55.0,3,5227264,,,-110,-12.5,80.311733,8.177436,1725,-114,-16,,,,,7,38.5
1,25629,115,00:52.0,1,6561024,,,-106.3,-12,80.322224,8.162683,1725,-118.7,-20,,,,,6,21.3
22,24653,411,01:53.0,22,6124032,,,-116,-17,81.727592,7.6811,1725,-120,-20,,,,,4,12
3,21585,112,00:53.0,3,5525790,5291786,6017536,-97,-16.5,80.129285,7.131816,1725,-99,-18,-103,-20,-104,-19,,13
0,24227,98,01:06.0,0,6202113,,,-97,-11.5,79.858744,6.914416,1725,-104,-19,,,,,12,0
2,20054,329,01:49.0,2,6253067,5277185,,-100,-13.5,79.880437,6.88321,1725,-103,-14,-106,-17.5,,,9,1
1,26939,105,01:50.0,1,5223434,5223701,5779978,-110.5,-13.5,81.855133,7.226604,1725,-111,-14.8,-115.5,-18.8,-116.5,-19.3,6.5,9
83,27352,42,00:54.0,83,5605968,7002193,7002194,-98,-11,80.289163,8.150791,525,-103,-14,-106,-18,-110,-20,8,20
0,20253,280,01:57.0,0,5139733,5205248,,-77,-16.5,79.862552,6.870967,1725,-80,-13,-83,-19,,,3,2
21,20697,341,00:33.0,21,5285890,5298432,,-100,-14.8,79.953579,7.171243,1725,-101.5,-15,-104,-14.3,,,7,9
12,20649,131,00:25.0,12,5286166,5410836,,-112,-14.5,80.124785,7.269226,1725,-115,-18,-117,-19.5,,,,31
81,27394,229,01:46.0,81,7012946,6050129,,-102,-15,79.730132,8.051396,525,-103,-13,-104,-15,,,,5
10,23079,269,00:59.0,10,5788674,5216771,,-121,-16,80.530851,7.956906,1725,-120,-17,-121,-18.5,,,6,49
0,21657,93,01:53.0,0,5318144,4294967295,,-101,-17.5,80.052162,9.681886,1725,-100,-17,-101,-18,,,,39
2,23002,259,01:49.0,2,5771265,5284629,5888523,-110,-17,80.137793,7.019343,1725,-109,-15,-112,-18,-113,-18.5,5,18
1,21653,176,00:07.0,1,5543189,,,-90,-11.5,80.00954,9.669528,1725,-98,-17.5,,,,,,0
0,23520,180,01:07.0,0,5779222,5305876,,-113,-15,79.911957,7.14724,1725,-115,-15,-120,-20,,,,15
21,21115,400,00:07.0,21,5405451,5197077,,-115,-14,80.403433,8.330418,1725,-121,-19,-121,-19,,,,13
1,21766,210,00:19.0,1,5337622,,,-110,-14,80.460753,8.757652,1725,-115,-19,,,,,5,36
30,20342,81,00:11.0,30,5289986,,,-107.5,-13.8,79.951347,7.00199,1725,-111.5,-15.3,,,,,8,10.5
12,20687,269,01:11.0,12,6253333,5409024,5207553,-109,-13.5,79.954725,6.994313,1725,-111,-15.5,-111,-16,-113,-17.5,,
1,23925,386,01:33.0,1,5912832,,,-97,-13.1,81.343365,7.551144,1725,-102,-18,,,,,7,3.3
1,25709,439,01:04.0,1,5224961,,,-96,-11.5,81.838117,7.408577,1725,-102,-15.8,,,,,,
0,25629,116,00:52.0,0,5901825,5227274,,-111.5,-15.3,80.331115,8.177742,1725,-112.5,-16.5,-118,-19,,,5.5,30.5
2,20212,440,00:31.0,2,4294967295,,,-108,-13,79.873072,6.877988,1725,-111,-16,,,,,8,3
32,20104,200,00:23.0,32,5424640,,,-78,-8,79.879702,6.90112,1725,-85,-8.5,,,,,11,4
30,24045,144,01:42.0,30,6127104,,,-107,-15.5,81.521988,7.947178,1725,-107.3,-17.3,,,,,5,33.8
3,20646,274,00:58.0,3,5299466,,,-109,-15.5,79.936527,6.989267,1725,-109,-15,,,,,2,1
1,26446,248,01:40.0,1,5807618,,,-105,-14,79.982809,7.136545,1725,-113,-20,,,,,12,11
1,20003,183,01:32.0,1,5142806,,,-85,-12.8,79.853866,6.903711,1725,-92,-14.5,,,,,11,2
3,25629,346,00:20.0,3,5227264,5904641,,-112,-16,80.312645,8.196211,1725,-114,-16.5,-114,-17,,,,41
1,21193,169,01:53.0,1,5128193,5425408,,-109,-13,79.856366,6.896063,1725,-107,-10.5,-113,-17.5,,,10,1
22,20193,90,01:59.0,22,5290782,5290762,,-104,-14.5,79.897354,7.062199,1725,-105,-15,-108,-17.5,,,5,14
30,20193,354,01:09.0,30,5538818,,,-101.6,-12.5,79.891221,7.072936,1725,-107.3,-17.5,,,,,7.3,6.8
2,23520,182,01:35.0,2,6021121,5305886,,-102,-13,79.901679,7.145162,1725,-105,-16.5,-106,-16,,,13,6
30,20425,409,00:59.0,30,6114048,5767169,,-106,-16.5,81.613542,7.779695,1725,-108,-18,-108,-18.5,,,6,15
10,23079,269,01:16.0,10,5908225,,,-107.1,-13.3,80.518509,7.950107,1725,-113.1,-16.9,,,,,0,30.3
2,20514,11,01:32.0,2,5241621,,,-91.3,-11.9,79.863313,6.946937,1725,-95,-15,,,,,5.7,1.3
22,21115,127,01:31.0,22,5405472,,,-95.3,-13.8,80.409331,8.334985,1725,-99.8,-15.8,,,,,10,4
21,21115,400,01:43.0,21,6898945,,,-108,-12.5,80.40351,8.333964,1725,-113,-18.5,,,,,,10
11,21115,401,00:46.0,11,5604608,5609217,,-112,-17,80.395386,8.333482,1725,-111,-17,-113,-17,,,,
32,20393,345,01:36.0,32,5337346,,,-89.5,-14.3,80.497176,8.752224,1725,-93,-14.8,,,,,6,1
2,23694,223,00:24.0,2,6065686,5882132,5882112,-96,-14,79.969968,7.002939,1725,-94,-15,-96,-16.5,-97,-18,14,4
2,23694,223,00:10.0,2,6065686,,,-99.3,-14.7,79.96433,7.002485,1725,-99.3,-15.5,,,,,5,7.7
1,27027,28,01:59.0,1,5525761,,,-117,-20,80.144261,7.129668,1725,-120,-20,,,,,1,56
1,23925,386,01:09.0,1,5912832,,,-91.5,-12.9,81.345871,7.54653,1725,-96.2,-16.3,,,,,7.6,4.2
2,24586,446,01:15.0,2,6127106,6130690,5766914,-119,-20,81.538333,7.925306,1725,-117,-19.5,-117,-19.5,-117,-20,3,46
1,20153,79,00:48.0,1,5159170,5318914,5159168,-90,-7,79.997127,9.720321,1725,-102,-18,-103,-20,-104,-20,,
0,26456,235,00:43.0,0,5775638,6008342,,-113,-15,79.924898,7.353835,1725,-116,-18.5,-117,-18.5,,,5,16
20,21674,374,01:08.0,20,5321217,5551637,5551616,-116,-19,80.211685,7.404546,1725,-118,-16.5,-118,-16.5,-122,-20,,
23,24046,83,00:32.0,23,6155779,6155798,6155778,-96,-13.3,79.844006,7.33611,1725,-98.4,-15.2,-101.2,-17.8,-102.6,-18.6,6.3,1.3
21,21686,349,00:14.0,21,6930689,,,-99.6,-13.6,80.214031,7.427875,1725,-103.4,-16.8,,,,,8.3,7
0,25375,360,00:35.0,0,5289216,,,-109,-14.6,79.907563,7.015051,1725,-113.7,-18.9,,,,,5.3,5.6
2,25709,440,01:35.0,2,6581505,,,-94.7,-12.5,81.834538,7.412201,1725,-97,-15,,,,,,2
21,20297,66,00:37.0,21,6433024,5206550,,-88,-12.5,79.888765,7.174716,1725,-95,-17,-96,-17.5,,,12,5
1,24791,130,01:48.0,1,6346496,,,-109.3,-15.1,81.623293,7.405922,1725,-114.3,-18,,,,,10,11.7
21,20297,66,00:42.0,21,5196043,,,-84.3,-10.8,79.889913,7.1753,1725,-90.7,-17.3,,,,,13,3.5
33,20782,327,00:58.0,33,6155294,5320192,,-101,-13,80.401303,9.374938,1725,-106,-18,-107,-19,,,9,9
33,20782,327,01:18.0,33,6155294,5320192,,-99,-14,80.401439,9.375193,1725,-104,-19,-105,-20,,,6,9
1,24791,130,00:35.0,1,6346498,,,-108,-13,81.618721,7.401908,1725,-115,-20,,,,,,
2,22686,143,01:32.0,2,5807617,5533196,,-103,-15.5,80.009,7.14108,1725,-107,-17.5,-109,-19.5,,,,6
1,21649,256,00:57.0,1,5316640,,,-95.5,-13.5,80.238303,9.822311,1725,-102,-17.3,,,,,12,6.5
0,24027,441,01:19.0,0,6150914,,,-97.8,-15,81.6849,7.730629,1725,-103.5,-18.8,,,,,11,3
1,21611,149,01:36.0,1,5533471,,,-112,-12.5,79.963333,7.15,1725,-118,-18.5,,,,,,19
82,27379,83,01:17.0,82,5894747,,,-104.5,-11.3,80.273215,7.822152,525,-112.5,-18,,,,,10.5,12
82,27379,83,00:22.0,82,5894736,,,-83,-12.5,80.276103,7.824007,525,-85,-15.5,,,,,12,1
11,24235,19,01:29.0,11,5562892,6940672,6936320,-114,-20,79.838798,8.039878,1725,-110,-15.5,-113,-18,-113,-18,5,25
2,21879,299,01:33.0,2,5904642,,,-118,-15,80.243319,8.199575,1725,-120.5,-17,,,,,4.5,39.5
131,20417,448,01:36.0,,5223812,5226884,,-97,-12.3,81.856124,7.237475,41090,-107.5,-18,-110,-19.8,,,8.5,5.5
2,20648,145,00:18.0,2,5411594,,,-103,-14,79.942005,7.176925,1725,-107.8,-18.5,,,,,,24
22,20160,169,00:41.0,22,6215424,7051521,5233408,-88,-15,79.852403,6.915465,1725,-90,-17.5,-90,-18,-91,-18.5,,2
3,25810,216,01:22.0,3,6607362,,,-96,-14.7,81.03724,7.933325,1725,-103,-19.7,,,,,5,2
1,21674,302,00:09.0,1,5548546,,,-110,-16.4,80.167068,7.396014,1725,-111.8,-17.1,,,,,8.5,32
1,20607,364,00:23.0,1,5235202,5235201,,-112,-15.5,79.875774,6.865355,1725,-115,-18,-116,-17.5,,,4,7
0,26983,24,01:26.0,0,5274134,,,-103.3,-11.2,79.864154,6.937646,1725,-109,-16.8,,,,,9,2
0,20004,315,00:26.0,0,5121026,,,-87.2,-11.2,79.859174,6.910276,1725,-89.6,-13.8,,,,,,1
1,25709,439,01:44.0,1,5224960,,,-102.3,-11.3,81.838425,7.411004,1725,-104.8,-14,,,,,11.5,2.5
0,20475,369,00:42.0,0,5504769,5504789,,-102,-13,79.864509,6.950506,1725,-102.7,-13.2,-107.3,-18.2,,,,0
1,24832,118,01:27.0,1,6108161,,,-104.3,-14.1,81.595694,7.788274,1725,-108,-16.5,,,,,8,10
0,25119,118,00:35.0,0,5541408,5313792,,-110,-15,80.033105,9.744447,1725,-114,-17,-117,-19,,,,16
21,22508,270,00:44.0,21,5935873,,,-120,-14.5,80.496142,8.646723,1725,-119,-17,,,,,4,88
0,20475,369,01:29.0,0,5497600,,,-79,-11.5,79.866244,6.953107,1725,-83,-16,,,,,10,6
0,20114,396,00:39.0,0,5128194,5149185,,-97,-12,79.856576,6.89936,1725,-100.5,-16.3,-102.5,-17.3,,,8,0.5
0,24034,210,01:04.0,0,5122818,,,-88,-9,79.857942,6.895802,1725,-100,-16,,,,,,
20,21460,134,00:04.0,20,6903552,,,-103.8,-14.5,81.526119,7.904715,1725,-104.6,-14.8,,,,,6,11.5
1,20810,247,01:36.0,1,5326595,5548288,,-103,-18.5,80.346187,7.495407,1725,-103,-16,-110,-20,,,8,14
71,20136,196,00:02.0,71,5154877,,,-106,-11.5,80.359788,7.490933,400,-120,-20,,,,,11,18
53,23009,12,00:00.0,53,6927412,,,-109.7,-12.5,80.374613,7.665925,2530,-114.7,-17,,,,,8,27
80,27309,378,01:36.0,80,5874513,,,-98,-12.2,81.166506,8.469837,525,-104,-17.7,,,,,9,12.5
1,24027,442,00:48.0,1,5155842,5820417,,-105,-17,81.688943,7.726463,1725,-108,-17.5,-108,-19,,,6,7
1,24027,442,00:46.0,1,6150912,,,-105.2,-15.9,81.687119,7.727915,1725,-109.4,-18.7,,,,,10,4.7
1,24027,442,01:48.0,1,5493250,5155842,5232128,-106,-19.5,81.686888,7.720713,1725,-105,-17.5,-108,-20,-110,-20,7,12
11,23580,46,01:11.0,11,5285908,,,-104.6,-13.8,79.967012,7.186281,1725,-107.6,-16.1,,,,,8.3,13.8
11,23580,46,00:30.0,11,5285908,,,-109.3,-15,79.966748,7.185881,1725,-112.3,-18,,,,,5,16.5
2,20422,175,00:00.0,2,5611520,,,-109.5,-13.8,80.404234,8.322196,1725,-113.5,-16.5,,,,,6,2
0,25375,360,01:10.0,0,5185300,,,-106,-17.5,79.906691,7.016866,1725,-110,-20,,,,,5,5
80,27461,337,01:55.0,80,6171986,,,-107,-12.5,80.44642,7.433249,525,-108,-13,,,,,,
21,23878,299,00:01.0,21,6112770,6112800,,-105,-14,81.195513,8.588837,1725,-106,-17,-107,-18,,,,
91,22967,192,00:40.0,91,5879664,,,-92,-11,80.051136,6.948404,525,-94,-14,,,,,7,6
1,21667,381,01:52.0,1,6293762,6915840,5812737,-112,-18,79.973666,7.308637,1725,-114,-18.5,-115,-18,-117,-19.5,,26
21,20404,197,00:29.0,21,5405206,,,-100,-11.9,81.851466,7.221314,1725,-105.2,-16.3,,,,,8,5.4
0,24659,31,00:17.0,0,4294967295,6312705,,-105,-15.5,80.095919,7.108651,1725,-106,-17.5,-106,-17,,,,14
2,21703,24,00:22.0,2,5555971,,,-109.3,-16.4,80.588748,7.715403,1725,-110.7,-17.5,,,,,8,21.5
2,21703,24,00:11.0,2,6506497,5555971,,-107,-15,80.590268,7.70451,1725,-109,-17,-110,-18.5,,,,
2,23902,62,00:32.0,2,5898498,5782273,,-113,-20,81.194552,8.50315,1725,-108,-15,-110,-17,,,6,31
0,21710,372,00:12.0,0,5557762,6476546,5557004,-107,-13.5,80.763781,9.218909,1725,-112,-20,-113,-20,-117,-20,9,16
0,21710,372,01:16.0,0,5557762,6476546,5556995,-103,-15.5,80.764254,9.22405,1725,-109,-18.5,-111,-20,-111,-20,8,19
2,22685,155,01:13.0,2,5281812,5281802,5533205,-111,-13.5,80.006773,7.108286,1725,-114,-16.5,-117,-19,-117,-17.5,8,11
11,24235,19,00:21.0,11,6380574,,,-108,-12.5,79.843575,8.026572,1725,-113,-18,,,,,9,9
32,20440,249,01:31.0,32,5228801,6114048,5767169,-106,-15.5,81.607711,7.776038,1725,-108,-18,-108,-18,-110,-17,6,8
71,20136,196,00:51.0,71,5154877,,,-80.3,-10.8,80.36517,7.486421,400,-93.7,-20,,,,,,14
71,20136,196,00:52.0,71,5325639,,,-90.3,-11.8,80.365272,7.485646,400,-97.7,-18.3,,,,,7,11
82,27379,83,01:23.0,82,5894736,7009104,,-91,-11.5,80.277018,7.824578,525,-93,-11.5,-98,-18.5,,,10,0
1,26991,286,00:10.0,1,5240350,5254933,5254923,-109,-13.5,79.90068,6.940444,1725,-110,-15,-112,-17.5,-112,-17.5,3,2
3,25084,117,00:12.0,3,7170069,,,-90,-14,79.878168,6.850758,1725,-97,-15.5,,,,,9,2
0,26917,420,00:09.0,0,5542915,,,-111,-17.1,80.226663,9.798452,1725,-113.3,-18.8,,,,,6.8,17.3
0,20559,114,00:11.0,0,5304834,5207041,5236480,-109,-17.5,79.875756,6.977994,1725,-110,-16,-114,-18,-116,-20,5,3
2,27068,77,00:19.0,2,5326337,6783488,5551361,-111,-12,80.387609,7.472604,1725,-119,-20,-120,-20,-120,-20,8,8
2,27068,77,01:23.0,2,6783488,6929409,5808385,-109,-16.5,80.392866,7.470985,1725,-108,-14.5,-110,-16.5,-112,-20,10,5
1,23925,386,01:05.0,1,5912834,,,-106.8,-15.6,81.337836,7.53941,1725,-110.2,-18.4,,,,,7.3,27.8
22,20673,367,01:10.0,22,5984771,,,-106,-13,80.113749,6.966995,1725,-112,-19,,,,,10,16
2,20772,230,01:10.0,2,5772544,5542657,,-105,-13.5,80.021014,9.662825,1725,-106,-16.5,-112,-20,,,9,7
2,25644,321,00:20.0,2,5772545,5317633,5542657,-105,-17,80.025317,9.657214,1725,-110,-16.5,-116,-20,-118,-20,9,7
21,23649,128,00:35.0,21,6040833,,,-112.5,-14,80.522711,7.436074,1725,-117.5,-17.5,,,,,6,109.5
3,25084,117,01:49.0,3,6421504,,,-90,-11.5,79.879847,6.850955,1725,-94,-17,,,,,15,2
1,20610,5,00:09.0,1,5267202,5166358,,-114,-18.5,79.864119,6.862877,1725,-118,-20,-122,-20,,,5,37
0,20536,60,00:34.0,0,5134338,5134337,4294967295,-85,-15.5,79.845059,6.935327,1725,-89,-13.5,-89,-19,-90,-20,,0
1,25629,115,01:40.0,1,6561024,,,-110.5,-11.6,80.31762,8.169917,1725,-120.3,-18.8,,,,,7.5,12.7
1,25629,115,00:24.0,1,5227265,,,-120.3,-14.8,80.312666,8.155489,1725,-124.7,-18.3,,,,,6,26.5
0,22689,309,01:07.0,0,5413920,5413888,,-108,-14.5,80.362794,7.466979,1725,-111,-18,-113,-20,,,8,8
1,21653,176,00:00.0,1,5312770,,,-86,-12.3,80.010377,9.669589,1725,-91.3,-15.8,,,,,6.8,1
3,20007,38,01:35.0,3,7046144,,,-94.9,-11.2,79.858375,6.895134,1725,-99.6,-15.2,,,,,11,4
10,23079,269,00:39.0,10,5874709,5908225,,-104,-15,80.520688,7.953586,1725,-107,-15,-110,-18,,,,
10,23079,269,00:14.0,10,5874709,5908225,,-103,-15.5,80.520699,7.953516,1725,-107,-16,-110,-18.5,,,,
0,24641,274,01:56.0,0,6308098,,,-92,-14.7,80.090251,7.138658,1725,-99.3,-20,,,,,13,7
2,27115,276,01:56.0,2,5228309,5228555,,-104,-12,81.53446,7.901012,1725,-111,-20,-111,-20,,,9,11
1,24604,65,00:50.0,1,5918230,6316832,5602560,-118,-17.5,80.701691,8.248502,1725,-117,-16,-119,-18.5,-120,-19.5,,92
22,20077,415,01:08.0,22,5139712,,,-77.4,-13.4,79.860988,6.875072,1725,-78.8,-15,,,,,3.7,1.8
11,21115,401,01:13.0,11,5197077,,,-107.7,-14.7,80.403381,8.334147,1725,-109.7,-16.3,,,,,6,12.5
21,23113,431,01:35.0,21,5315072,,,-99,-13.5,79.989476,9.735966,1725,-104,-18.5,,,,,,4
2,20424,128,01:01.0,2,5228575,6294016,,-103,-15.3,81.554178,7.912264,1725,-104,-16.3,-106,-18.3,,,5,18
11,20424,126,00:36.0,11,5228298,6130689,,-106.4,-15.4,81.559341,7.912769,1725,-109,-16.1,-113,-19,,,9,12.7
11,20424,126,01:00.0,11,5228298,,,-113,-14.5,81.561599,7.90993,1725,-116,-17.5,,,,,6,13
0,25629,116,01:53.0,0,6561027,,,-110.7,-14.2,80.312013,8.175126,1725,-111,-15.2,,,,,5,10.5
3,25629,346,01:28.0,3,5227264,,,-114,-14.6,80.299883,8.191708,1725,-115.8,-16.1,,,,,5,49.7
32,20104,200,01:41.0,32,7048450,5144843,5586435,-109,-16.5,79.877014,6.900555,1725,-109,-17,-109,-17,-110,-17,4,4
3,21585,112,00:56.0,3,4294967295,4294967295,,-120,-19.5,80.12496,7.128609,1725,-115,-17,-116,-18.5,,,,21
3,20634,234,01:04.0,3,5282304,,,-104.1,-11.7,80.019532,7.218699,1725,-109.3,-16.1,,,,,7,16
0,23550,52,01:52.0,0,5328386,6501634,,-111.5,-13.5,80.555893,7.746604,1725,-117.5,-18.5,-119,-18.8,,,7.5,9
0,23550,52,01:57.0,0,5328386,6501634,,-107,-14,80.55603,7.746441,1725,-112,-18.5,-113,-18.5,,,7,9
0,22689,309,00:19.0,0,5413920,,,-99,-12.7,80.364218,7.471574,1725,-104.7,-18.2,,,,,9,9.5
0,20697,339,01:29.0,0,5285910,,,-90,-13.5,79.94843,7.174482,1725,-93,-17,,,,,9,4
0,20530,27,00:29.0,0,6021376,,,-91,-17.5,79.866455,6.881971,1725,-107,-20,,,,,5,4
1,23879,206,00:02.0,1,5782273,5220352,,-92,-13.5,81.182746,8.503319,1725,-99,-19.5,-103,-20,,,7,1
12,20649,131,00:10.0,12,5410836,5286166,,-114,-16,80.124787,7.269221,1725,-116,-19,-117,-20,,,,31
91,27394,230,00:31.0,91,6050128,,,-111,-13.5,79.73873,8.044244,525,-114,-16.8,,,,,7.3,20.3
91,27394,230,01:32.0,91,6050128,,,-104,-12.5,79.734586,8.044253,525,-110.3,-16.5,,,,,7,20.3
1,23925,386,01:32.0,1,5912834,,,-101.6,-13.5,81.336836,7.540926,1725,-107.3,-17.9,,,,,9.5,14.3
1,23925,386,01:42.0,1,5912834,,,-105,-13.7,81.335732,7.537539,1725,-108.3,-17,,,,,6,12.8
1,24586,445,01:43.0,1,6903818,6130688,6130690,-116,-16.5,81.538325,7.918937,1725,-116,-16,-117,-17.5,-117,-17.5,9,9
11,21115,401,01:44.0,11,5405461,5197077,,-96,-13,80.405605,8.328194,1725,-101,-16.5,-105,-20,,,,13
1,21766,210,00:51.0,1,5337622,5571852,,-115,-16,80.462636,8.755758,1725,-119,-20,-123,-20,,,5,36
2,23113,208,00:02.0,2,5317397,5916928,,-101,-14,79.985083,9.738887,1725,-101,-15,-104,-18,,,10,5
12,20687,269,01:34.0,12,6253333,6244884,,-93,-9.5,79.953667,6.992033,1725,-100,-16.5,-102,-18.5,,,6,11
2,20424,128,00:36.0,2,5228575,6294016,6130688,-106,-15.3,81.549038,7.920507,1725,-106.5,-16.8,-109,-17.8,-110.5,-18,3,23.5
21,23113,431,00:02.0,21,5318935,5318914,,-111.3,-14,79.996774,9.733478,1725,-113,-16.5,-118.7,-20,,,8,15.5
0,25629,116,00:26.0,0,5227274,,,-118.5,-15.3,80.311909,8.169821,1725,-119.5,-16.3,,,,,4,55
3,25629,346,01:34.0,3,5227284,6561024,,-110,-12.5,80.324782,8.171139,1725,-112,-13,-114,-16,,,10,28
30,24045,144,00:14.0,30,6155530,,,-95.7,-12.7,81.502822,7.944408,1725,-104.7,-17.8,,,,,4.7,6.3
3,24157,57,00:57.0,3,7170326,5295380,6184214,-86,-16.5,79.84821,7.210466,1725,-92,-20,-92,-20,-92,-20,,
3,24157,57,00:48.0,3,6184214,,,-92,-15.3,79.84892,7.210192,1725,-95.5,-17.6,,,,,11,3
21,21610,199,00:52.0,21,6235660,6773760,5882112,-109,-14.5,79.977036,7.030815,1725,-111,-15.5,-112,-18,-113,-18,6,12
1,24401,389,00:56.0,1,6198272,5218571,,-93,-15,79.792095,7.580424,1725,-95,-13.5,-96,-13.5,,,9,9
3,20007,38,01:30.0,3,5122050,5122818,,-86,-10.5,79.859368,6.8955,1725,-94,-18,-98,-16,,,,3
20,20303,211,00:58.0,20,5231637,,,-96,-13.2,81.728501,7.687185,1725,-97,-13.7,,,,,7,7.5
10,23079,269,01:41.0,10,5874709,5623552,5618945,-120,-16.5,80.513609,7.953517,1725,-120,-16,-122,-18,-122,-19,8,31
3,20421,131,01:56.0,3,5227798,5490945,,-99,-17.5,80.37862,8.313321,1725,-100,-17,-102,-17.5,,,8,31
22,21115,127,00:37.0,22,5405472,,,-94.6,-13.9,80.409191,8.334511,1725,-99.7,-18.1,,,,,8.4,3.7
11,21115,401,01:36.0,11,5405461,,,-95,-14,80.405605,8.328194,1725,-101,-19,,,,,,13
3,21118,57,00:49.0,3,5406208,,,-101.4,-13.3,80.830109,8.5546,1725,-105.2,-16.2,,,,,10,12
30,20342,81,01:24.0,30,6253312,,,-76,-13,79.945,7.000833,1725,-79,-16.5,,,,,,4
12,20687,269,00:41.0,12,5207553,6253333,,-108,-15.5,79.954195,6.993336,1725,-113,-19,-113,-20,,,6,12
1,21129,112,01:38.0,1,6244864,5295874,,-118,-19,79.948522,6.988126,1725,-119,-19.5,-121,-20,,,3,10
83,27352,42,01:43.0,83,7002192,,,-95,-10.8,80.29838,8.166444,525,-103.7,-19.2,,,,,7,10
1,21574,375,01:54.0,1,5290754,,,-112,-14,79.860941,7.065035,1725,-119,-19.5,,,,,12,6
3,25629,346,01:49.0,3,5227264,,,-123,-15,80.313481,8.205724,1725,-126,-18,,,,,10,55
0,25629,116,01:27.0,0,5794049,5227274,5227294,-107,-17,80.353141,8.173563,1725,-105,-17,-107,-18,-107,-18.5,,62
3,21585,112,00:09.0,3,5525790,5291786,,-100,-13.5,80.113273,7.128698,1725,-102,-14.5,-108,-20,,,8,15
30,24045,144,00:03.0,30,6155521,5766914,,-95,-11.5,81.505703,7.941149,1725,-107,-20,-110,-20,,,6,10
10,20303,212,00:49.0,10,5197588,,,-92.6,-13.9,81.726342,7.687853,1725,-95.9,-15.8,,,,,7,4.4
20,20303,211,00:09.0,20,5232416,,,-104.8,-12.3,81.729807,7.686933,1725,-112.2,-18.1,,,,,9,9.4
3,24157,57,01:23.0,3,6184214,5195020,5195030,-85,-17,79.848604,7.210404,1725,-91,-20,-91,-20,-92,-20,11,4
1,26939,105,00:54.0,1,5223434,5226754,,-110,-13,,,1725,-113,-15,-119,-20,,,8,9
12,20300,259,00:33.0,12,5222914,5222933,,-118,-14,81.816083,7.423235,1725,-119,-15.5,-120,-16,,,,9
2,22715,153,01:10.0,2,6308865,,,-104,-15,81.198621,8.673524,1725,-107.5,-18.5,,,,,8,11
3,20007,38,01:29.0,3,5121792,5276417,,-78,-14,79.860188,6.894876,1725,-81,-16.5,-82,-16,,,,2
81,27394,229,01:16.0,81,7012946,6050129,,-101,-14,79.729974,8.050953,525,-101,-11.5,-103,-14,,,,5
10,23079,269,00:00.0,10,5623562,5216771,,-118,-14.5,80.49833,7.94466,1725,-116,-13.5,-120,-17,,,6,87
10,20386,294,00:38.0,10,6204171,6380554,5562902,-100.5,-15.3,79.84254,8.023204,1725,-99.5,-14.5,-104,-19.3,-104.5,-20,9.5,13
0,20731,375,01:02.0,0,5194497,5303809,6143489,-113,-20,79.842338,7.223,1725,-111,-18,-112,-17.5,-115,-18.5,,10
1,21653,176,01:11.0,1,7164928,5543168,5312768,-96,-15.5,80.010375,9.671069,1725,-96,-16.5,-98,-19,-99,-17.5,,
3,21118,57,01:04.0,3,4294967295,,,-106,-11.5,80.821292,8.55367,1725,-113,-19,,,,,12,20
12,20687,269,00:12.0,12,6253333,5207553,5409024,-106,-16.5,79.954826,6.989768,1725,-106,-15.5,-109,-20,-111,-20,7,16
2,20424,128,00:25.0,2,5228575,,,-105.3,-14.9,81.561186,7.916281,1725,-104.5,-14.3,,,,,4.5,9.3
2,20424,128,01:41.0,2,6294016,5228308,5228575,-99,-10.5,81.550351,7.909484,1725,-106,-14,-108,-17.5,-108,-18.5,10,23
2,20424,128,00:54.0,2,5228575,6294016,,-106,-11.5,81.553326,7.916766,1725,-109,-17.5,-113,-18,,,5,13
2,20424,128,00:56.0,2,5228575,5228308,6294016,-109,-14.5,81.552058,7.913831,1725,-112,-17,-114,-18.5,-116,-18.5,5,21
1,23925,386,01:36.0,1,6124802,,,-96.3,-13.3,81.339457,7.552703,1725,-98.7,-15.6,,,,,7.5,9.5
32,20104,200,01:31.0,32,5144843,5504513,5586435,-111,-15.5,79.877507,6.899452,1725,-114,-16,-115,-19,-117,-18,,
2,20212,440,00:56.0,2,4294967295,,,-107.5,-13.8,79.872418,6.877713,1725,-106.5,-10.5,,,,,7,3.5
1,26650,295,01:19.0,1,5528322,6212355,6017794,-103,-19,79.876825,7.263134,1725,-112,-20,-112,-20,-112,-20,,10
1,26650,295,00:41.0,1,5330433,6212355,6017794,-90,-14,79.87429,7.262658,1725,-106,-20,-106,-20,-106,-20,,8
80,27107,89,01:14.0,80,5334894,,,-104.4,-12.1,81.274499,8.448524,525,-109.2,-16.4,,,,,8.6,12.6
0,24227,98,00:20.0,0,5128962,7080450,,-90,-14,79.858938,6.923044,1725,-94,-18,-94,-13.5,,,6,14
0,24227,98,01:21.0,0,5128962,7080450,,-91,-14.5,79.859321,6.92298,1725,-94,-17,-95,-13.5,,,4,14
1,26939,105,01:04.0,1,5223434,5779978,5226754,-104.5,-13.8,,,1725,-104.5,-13.8,-108.5,-17.5,-111.5,-19.8,6.5,9.5
1,20125,28,00:45.0,1,5243905,,,-99.3,-13.2,79.851783,6.917312,1725,-100.7,-14.8,,,,,7,2
3,25629,346,00:03.0,3,5901826,5625856,,-110,-12.5,80.309095,8.187191,1725,-113,-14.5,-115,-18,,,5,25
1,25629,115,01:05.0,1,5227275,5969664,,-110,-16.5,80.311909,8.169821,1725,-122,-20,-124,-20,,,2,57
30,20193,354,01:39.0,30,5297409,,,-101.5,-14.8,79.888555,7.072737,1725,-105,-17.5,,,,,8,7.3
0,25766,114,00:00.0,0,5545236,,,-114,-16,80.589649,9.430304,1725,-115,-18,,,,,6,111
20,20438,337,00:24.0,20,5155861,,,-102,-13.5,81.693404,7.710483,1725,-102,-14,,,,,4,13
0,22689,309,00:09.0,0,5808386,,,-92.6,-12.2,80.365581,7.469376,1725,-97.4,-16.1,,,,,7.5,8.7
0,23882,408,01:28.0,0,6120192,,,-95,-12.5,81.70209,7.730332,1725,-103,-17.5,,,,,6,8
2,24323,250,00:39.0,2,5297921,5210370,6377217,-90,-15,79.895253,7.00565,1725,-88,-14.5,-90,-14,-95,-20,11,5
3,21118,57,01:50.0,3,5795072,5406228,,-101,-14,80.830424,8.562014,1725,-106,-18.5,-107,-20,,,15,19
12,20649,131,00:09.0,12,5410836,5410817,6576128,-107,-13,80.12602,7.269807,1725,-113,-19,-116,-20,-118,-20,7,30
2,23694,223,01:49.0,2,6065686,5882114,,-89,-13.3,79.96474,7.001683,1725,-89,-14.3,-94.5,-17.8,,,7.5,7.5
91,27394,230,00:23.0,91,4294967295,6025296,,-113,-13.5,79.73656,8.046649,525,-119,-19,-121,-20,,,5,16
81,27394,229,01:25.0,81,7012946,,,-86,-10.5,79.732629,8.048394,525,-105,-20,,,,,13,10
80,20015,273,01:09.0,80,5123951,5123961,,-89,-9,,,525,-94,-12.5,-96,-14.5,,,10,1
2,20858,177,01:42.0,2,5339649,5339648,,-91,-13.5,80.49995,8.760859,1725,-96,-18,-98,-16.5,,,,0
11,20424,126,00:34.0,11,6130689,,,-106,-14,81.551698,7.89337,1725,-112,-19.5,,,,,6,11
3,25629,346,01:54.0,3,5901826,,,-106,-12.5,80.312069,8.186238,1725,-109.5,-15.8,,,,,6,23
0,25629,116,01:25.0,0,6561025,,,-98,-13.6,80.316076,8.168585,1725,-98.8,-14.2,,,,,8.7,5.2
1,20212,439,00:17.0,1,5174292,,,-79.8,-14,79.876326,6.879171,1725,-83.4,-17.3,,,,,8,2
2,20855,156,01:23.0,2,5339650,6823168,,-106,-16.5,80.481641,8.775592,1725,-107,-18.5,-108,-18,,,,8
1,26939,105,00:59.0,1,5223434,5223701,5779978,-112,-20,,,1725,-106,-17.5,-107,-19,-108,-17.5,6,11
3,21585,112,00:07.0,3,5525790,4294967295,,-105.7,-16.7,80.133301,7.135827,1725,-105.3,-14.2,-113,-20,,,8,5
0,25629,116,00:08.0,0,5901825,6561025,,-111,-14,80.326202,8.190965,1725,-115,-18,-116,-19,,,,39
0,20623,345,01:59.0,0,5279489,5251586,5279490,-94,-11,79.861663,6.947541,1725,-96,-13.5,-100,-17.5,-100,-18,10,0
1,21193,169,00:11.0,1,5121795,5122818,,-89,-12.5,79.856252,6.896231,1725,-96,-16.5,-96,-18.5,,,7,1
1,21193,169,00:26.0,1,5121795,5425408,,-89,-12.5,79.856293,6.896237,1725,-92,-15,-97,-18.5,,,8,1
12,20300,259,00:18.0,12,5222914,5224449,5222933,-107,-17,81.823211,7.421014,1725,-108,-14.5,-113,-18.5,-113,-18,4,11
1,24604,65,01:00.0,1,6298624,,,-115.8,-15.3,80.664201,8.283954,1725,-118.8,-18,,,,,,
2,23694,223,00:15.0,2,6065686,5882114,5882370,-96,-13.5,79.965167,7.001174,1725,-95,-14,-98,-14,-100,-19.5,6,7
1,23105,293,01:55.0,1,5135105,,,-92.8,-15.3,79.853426,6.921456,1725,-95.5,-15.5,,,,,8.8,3
1,24829,238,00:49.0,1,7175171,,,-112,-14.5,81.03839,7.637096,1725,-111,-13,,,,,10,38
11,20424,126,01:10.0,11,5228575,,,-103,-12,81.560927,7.915648,1725,-108,-17,,,,,,6
11,20424,126,01:36.0,11,5228575,,,-103,-13,81.561051,7.915386,1725,-107,-16.5,,,,,,6
21,21686,349,01:33.0,21,6930689,,,-101.2,-13,80.214039,7.427769,1725,-106.6,-18,,,,,10.7,6.6
21,20309,300,01:53.0,21,5199106,5199105,,-102,-14,79.889136,6.934416,1725,-109,-17.5,-110,-18.5,,,8,4
2,27658,32,01:50.0,2,5234689,,,-95.5,-11.5,79.858997,6.917342,1725,-99,-14,,,,,4,3
21,21686,349,01:05.0,21,5321216,,,-102.3,-12.8,80.214413,7.429825,1725,-105.8,-16.3,,,,,,4
2,20815,99,01:55.0,2,5328671,,,-103,-14,80.655971,7.854836,1725,-102,-12.5,,,,,7,5
81,27362,15,01:57.0,81,5998684,,,-106.3,-13.6,80.001091,9.69846,525,-111,-17.4,,,,,5.3,12.1
20,23417,229,01:10.0,20,5310997,,,-111,-16.3,80.180757,9.812437,1725,-114.5,-18.3,,,,,7,17
20,26968,427,00:34.0,20,5766913,,,-104.7,-14.6,81.531584,7.918852,1725,-110,-18.8,,,,,6,6.8
1,24091,392,01:52.0,1,6167296,5316875,,-98.7,-13.3,80.013385,9.667097,1725,-103.3,-17,-106,-19.3,,,12,1.5
20,20386,404,00:04.0,20,5218816,,,-100.8,-12.4,79.837003,8.032452,1725,-108.8,-18.4,,,,,8,11.8
3,21585,112,00:03.0,3,5291786,5525790,,-105,-15.5,80.141588,7.136541,1725,-109,-19,-110,-19.5,,,,10
30,24045,144,00:26.0,30,6127104,,,-102.3,-14.9,81.522209,7.946357,1725,-105,-17,,,,,6.6,40.4
0,20623,345,01:39.0,0,5279490,5251586,5279489,-92,-12.3,79.861309,6.947955,1725,-98,-15.3,-98.5,-16,-100,-17.5,9,0
1,21193,169,01:21.0,1,5150977,5425408,,-106,-10.5,79.855615,6.896383,1725,-111,-16,-115,-19.5,,,8,3
1,21193,169,01:06.0,1,6152724,5425408,5425410,-100,-12.5,79.855282,6.896452,1725,-106,-14.5,-106,-17,-107,-17.5,8,1
30,20193,354,00:12.0,30,5289502,5538818,,-118,-16.5,79.888326,7.072191,1725,-120,-17.3,-121.5,-18.8,,,6,10
2,21456,189,01:37.0,2,6109698,6597888,,-113,-13,81.70291,7.603841,1725,-119,-18.5,-119,-19,,,7,118
21,21610,199,01:33.0,21,5296148,,,-108,-13,79.975149,7.03438,1725,-114,-19,,,,,6,7
2,23520,182,00:35.0,2,5208084,5305866,,-104,-14.5,79.903995,7.139908,1725,-107,-15.5,-108,-18.5,,,9,7
21,21610,199,01:29.0,21,5283606,6601217,6235648,-115,-18.5,79.984637,7.032531,1725,-113,-16,-113,-17,-114,-16.5,4,21
30,20425,409,00:04.0,30,5228801,,,-91.8,-13.2,81.609532,7.785282,1725,-98,-16,,,,,9.5,2.7
0,20126,193,01:47.0,0,5143297,5257216,,-85,-12.5,79.844308,6.936254,1725,-89,-16,-92,-19.5,,,7,1
22,21115,127,01:38.0,22,5197076,,,-98.7,-13.5,80.409723,8.333854,1725,-105.3,-17.8,,,,,9,2.7
32,20393,345,01:53.0,32,5337347,5337367,,-92,-15.5,80.499708,8.754942,1725,-90,-12,-95,-18.5,,,7,4
2,23694,223,00:38.0,2,6065686,5301762,6322433,-107,-16,79.96394,6.999263,1725,-108,-16.5,-111,-20,-114,-20,6,11
81,27394,229,00:03.0,81,6050158,6025296,,-99,-10,79.742995,8.054693,525,-108,-20,-109,-20,,,7,20
1,24604,65,00:56.0,1,5918230,,,-109,-15,80.746038,8.278264,1725,-111,-17.5,,,,,9,139
0,20015,150,01:01.0,0,7051521,5120788,5233410,-86,-14,79.851777,6.912542,1725,-88,-15,-91,-18,-91,-18,5,1
2,20424,128,01:25.0,2,5228547,,,-103.5,-12.3,81.558495,7.920182,1725,-106.4,-15.3,,,,,9.3,10.3
1,21574,375,01:54.0,1,5289473,5411841,,-111,-16.5,79.862789,7.070229,1725,-113,-16.3,-113.5,-19.5,,,5.5,12
3,25629,346,00:22.0,3,5891584,5809686,,-109,-11.5,80.308391,8.174175,1725,-115,-19,-115,-19,,,6,102
0,20559,114,01:33.0,0,5236480,,,-104.8,-13,79.875399,6.977986,1725,-110.3,-17.9,,,,,7,3
20,20438,337,01:06.0,20,5155861,5155841,5492993,-108,-16.5,81.695075,7.714045,1725,-108,-16,-109,-16,-111,-18.5,6,6
2,20212,440,00:57.0,2,5174292,,,-90,-14.5,79.874459,6.878839,1725,-97,-19.5,,,,,11,1
0,22689,309,00:44.0,0,5326849,6165248,5552385,-109,-16,80.360899,7.470987,1725,-105,-15,-111,-20,-111,-20,1,10
21,20697,341,01:35.0,21,5285890,5298432,,-107,-14,79.955115,7.172022,1725,-109.8,-16.5,-111.5,-18.8,,,6.7,12
2,21456,189,00:23.0,2,6107925,5904898,5231618,-111,-16,81.712531,7.608835,1725,-112,-17.5,-113,-18,-114,-18.5,,114
2,20771,346,01:58.0,2,5317397,,,-99.1,-11.4,79.984763,9.75095,1725,-105.8,-17.1,,,,,8.4,7
12,20649,131,00:15.0,12,5286166,5410836,6576128,-112.3,-15.7,80.128818,7.267978,1725,-114,-17.3,-116.3,-19,-117,-19.5,4,20
2,23002,259,01:38.0,2,5888523,5771265,5284629,-109,-15,80.137745,7.019293,1725,-113,-20,-114,-20,-114,-20,0,17
22,21115,127,01:28.0,22,5405472,,,-98.7,-13.7,80.409002,8.334382,1725,-101.3,-15.2,,,,,8,4
22,21115,127,00:06.0,22,5197076,5405472,5405443,-93,-16.5,80.411969,8.337387,1725,-95,-18,-96,-18,-96,-18,6,7
0,20418,222,01:44.0,0,5227010,,,-87.7,-13.3,80.596587,8.039911,1725,-91.7,-17.2,,,,,7,1
2,20858,177,00:56.0,2,5339649,,,-99.6,-12.7,80.498779,8.761961,1725,-105,-17.6,,,,,10.3,2.5
2,20858,177,00:14.0,2,5339649,,,-91,-13.4,80.499544,8.761174,1725,-95.6,-15.7,,,,,14,0.7
2,24586,446,01:42.0,2,5766914,,,-96,-14.8,81.524079,7.92525,1725,-102,-17.4,,,,,9.3,23.5
20,20301,222,01:33.0,20,5405953,5197057,,-89,-12,80.412583,8.337698,1725,-85,-11.5,-95,-17.5,,,,4
1,26939,105,00:47.0,1,5226754,5223434,5779978,-110,-16.5,81.852798,7.224864,1725,-105,-16,-106,-14,-111,-18.5,5,11
3,21585,112,01:08.0,3,5525770,4294967295,5291786,-107,-20,80.130966,7.137752,1725,-106,-16,-107,-19,-109,-20,,8
0,23520,180,00:56.0,0,5305866,5208074,,-116,-16.5,79.907097,7.140557,1725,-119,-17.5,-124,-20,,,,
2,20858,177,01:51.0,2,6731266,6669056,,-101,-15.5,80.499534,8.763038,1725,-108,-20,-109,-20,,,9,4
21,20697,341,00:06.0,21,5298432,5411604,5285890,-85,-15,79.954251,7.171914,1725,-89,-17,-89,-17,-92,-20,8,9
1,21129,112,01:20.0,1,5295903,,,-110.5,-16.3,79.949582,6.983469,1725,-114,-19.5,,,,,6,15.5
12,20649,131,00:08.0,12,5410836,6576128,,-105,-12.5,80.126061,7.26974,1725,-112.5,-19.8,-116,-20,,,7,30
80,26618,6,00:37.0,80,6430546,,,-103.5,-13.8,80.02085,9.733542,525,-111,-20,,,,,10,11
2,24273,387,00:03.0,2,6213889,,,-80,-13,79.925315,6.843885,1725,-83,-14.5,,,,,9,1
32,20393,345,01:43.0,32,5337347,5337367,,-92,-14,80.499708,8.754942,1725,-94,-12.5,-99,-20,,,6,4
30,20303,327,01:04.0,30,5197569,,,-87.1,-13.2,81.725495,7.686224,1725,-90.9,-15.9,,,,,9.6,4.8
1,24604,65,00:52.0,1,5996034,6298624,,-111,-15,80.664974,8.281839,1725,-114,-18,-114,-18.5,,,,
2,24586,446,01:36.0,2,6130690,5766932,6294017,-109,-18,81.533502,7.917783,1725,-113,-18.5,-115,-20,-116,-20,,9
11,20424,126,01:21.0,11,6130689,,,-104.8,-12.2,81.552328,7.903649,1725,-110.8,-17.6,,,,,5,25.3
2,20424,128,00:19.0,2,5228547,,,-100.1,-11.9,81.556717,7.922964,1725,-104.6,-15.5,,,,,7.9,13.8
22,20301,223,01:45.0,22,5405952,,,-96.6,-12.6,80.412519,8.342593,1725,-100.2,-11.6,,,,,9,6.3
2,20212,440,01:20.0,2,5164055,5266709,5171200,-105,-15.5,79.873198,6.87717,1725,-108,-17,-112,-20,-113,-20,9,3
22,20301,223,00:07.0,22,5197068,,,-90,-11.3,80.413642,8.341681,1725,-95.3,-17.2,,,,,10,2.5
80,27107,89,00:30.0,80,5334894,,,-108,-12.7,81.274161,8.449285,525,-110,-14.3,,,,,6,14.5
32,20104,200,01:34.0,32,5146636,5146625,,-100,-13,79.883812,6.893269,1725,-107,-19,-110,-20,,,13,13
1,26939,105,00:38.0,1,5779978,5223434,5226754,-106,-16,81.854328,7.225964,1725,-107,-16,-108,-15.5,-111,-20,5,11
30,24045,144,01:32.0,30,6127104,,,-108.8,-14,81.526186,7.945748,1725,-112.8,-17.4,,,,,5.7,41
30,24045,144,01:37.0,30,6127104,,,-107.5,-14.4,81.523126,7.944743,1725,-111.9,-17.8,,,,,6.7,33
10,24045,95,00:18.0,10,6127104,6130688,,-115,-16.5,81.538883,7.951638,1725,-114,-16.2,-118.3,-18.7,,,3,57
3,20646,274,00:46.0,3,5302048,5207583,,-110,-13,79.936337,6.989557,1725,-114,-16.5,-117,-17.5,,,7,9
0,20180,309,01:35.0,0,5166081,,,-80.6,-15.4,79.865943,6.852908,1725,-84.4,-16.2,,,,,11.5,0.8
0,23225,115,00:14.0,0,5229570,,,-101.3,-16.6,81.6369,7.730834,1725,-105,-18,,,,,6,29
10,20303,212,00:47.0,10,5197598,5231637,,-88,-13.5,81.725912,7.688807,1725,-92,-17,-95,-19.5,,,9,3
12,20649,131,00:56.0,12,6576128,6213643,5410836,-96,-14.5,80.14179,7.268246,1725,-100,-15.5,-101,-19,-102,-18.5,7,31
12,20649,131,00:48.0,12,6576128,,,-95.5,-12.9,80.134255,7.282879,1725,-101,-15.9,,,,,8.3,31.5
1,24604,65,00:49.0,1,6298624,5996034,6170369,-121,-19.5,80.667986,8.282613,1725,-122,-16.5,-125,-20,-127,-20,,26
11,21115,401,01:03.0,11,5609217,5492168,5405472,-98,-15,80.398876,8.337543,1725,-101,-17.5,-102,-17.5,-103,-19.5,7,18
21,21115,400,00:19.0,21,5405451,5405472,5405471,-96,-17.5,80.410258,8.332606,1725,-99,-17.5,-99,-18,-100,-20,11,0
12,20393,259,01:59.0,12,5337366,,,-98,-11,80.496858,8.752953,1725,-108,-19,,,,,,2
2,23694,223,01:15.0,2,5882114,6065686,5882370,-98,-14.5,79.965167,7.001174,1725,-103,-15.5,-104,-17,-104,-15.5,6,7
91,27394,230,00:18.0,91,6050138,6025296,,-108,-12,79.727617,8.042081,525,-114,-17.5,-115,-18.5,,,7,23
91,27394,230,00:59.0,91,6050128,6050138,,-114,-13.5,79.735674,8.04424,525,-118,-18,-126,-20,,,7,15
1,20254,199,00:10.0,1,6189059,5305347,6189056,-108,-12.5,79.895342,6.990079,1725,-114,-16,-114,-18.5,-115,-18.5,,
1,24604,65,01:38.0,1,6298624,,,-110.7,-14.8,80.672217,8.28509,1725,-115.2,-17.9,,,,,8.3,37.2
3,21118,57,01:30.0,3,5406208,,,-95.4,-14.7,80.832269,8.553238,1725,-99.6,-15.8,,,,,9.5,12.3
0,27658,30,00:20.0,0,5146882,6906881,,-94,-10.5,79.865966,6.916646,1725,-101,-17.5,-101,-15,,,10,3
32,20104,200,01:50.0,32,5144843,,,-104,-12.2,79.879243,6.89989,1725,-110,-16,,,,,10,4
1,24091,392,01:54.0,1,5316875,6167296,,-94,-14,80.012694,9.667349,1725,-99,-19.5,-99,-19.5,,,10,2
2,20125,29,00:26.0,2,5592576,,,-86,-18.5,79.850455,6.919398,1725,-78,-10.5,,,,,7,1
30,24045,144,00:56.0,30,6127104,,,-106.2,-14.3,81.521695,7.946423,1725,-110.6,-17.4,,,,,7.2,41.3
1,21193,169,00:13.0,1,5128194,5151233,5151252,-106,-16,79.855606,6.896364,1725,-104,-14,-106,-16,-107,-16.5,6,4
22,20193,90,00:25.0,22,5169410,,,-99,-12.8,79.893847,7.066022,1725,-104,-17,,,,,7.7,5.4
2,20346,20,01:14.0,2,5208576,,,-96,-17,80.053608,7.159522,1725,-99,-18,,,,,12,4
2,21456,189,00:55.0,2,6109698,,,-111,-13.8,81.696156,7.591806,1725,-115.5,-17.5,,,,,7,113
1,23156,89,01:53.0,1,5267723,,,-102,-12.5,79.958606,6.915946,1725,-107,-14.5,,,,,12,4
1,23068,91,00:44.0,1,5176342,,,-90,-14,79.876251,6.862043,1725,-96,-17.5,,,,,,
2,24546,345,01:47.0,2,5322260,,,-104.8,-13.9,80.141544,7.353327,1725,-108.5,-17.5,,,,,6,30.5
11,21115,401,00:36.0,11,5604608,,,-112,-16.5,80.395415,8.333461,1725,-111,-16.5,,,,,5,23
1,20254,199,00:15.0,1,6189059,5175298,6189056,-108,-13,79.895335,6.990209,1725,-114,-16.5,-115,-18.5,-116,-19.5,,
0,20015,150,00:56.0,0,5233410,7051521,5233408,-88,-13.5,79.851837,6.912636,1725,-88,-13.5,-89,-14.5,-92,-17.5,6,1
1,20402,161,01:57.0,1,5222942,,,-93.5,-11.5,81.829786,7.420133,1725,-97.5,-15.5,,,,,9.5,7
2,20858,177,01:33.0,2,6731266,,,-98,-15,80.499755,8.761322,1725,-103,-17,,,,,13,1
11,20424,126,00:50.0,11,6130689,6294017,,-105,-13.3,81.549263,7.908873,1725,-110,-15,-115,-20,,,7,25.5
11,20424,126,01:20.0,11,5228575,,,-105,-13.5,81.561017,7.915459,1725,-108,-15.5,,,,,,6
1,25709,439,01:44.0,1,5224961,,,-101.8,-13.1,81.838866,7.409414,1725,-105.2,-17.1,,,,,9,7
32,20104,200,00:20.0,32,5146636,7048468,5147904,-98,-11.5,79.879306,6.901723,1725,-104,-15.5,-105,-17.5,-105,-17,7,2
2,20819,246,01:14.0,2,5566464,,,-99,-15.8,79.888561,7.291555,1725,-99,-15.5,,,,,12,12
80,27107,89,00:19.0,80,5334894,6977104,,-108.7,-13.2,81.267755,8.454548,525,-113,-17,-115,-19,,,10,16
10,24045,95,00:23.0,10,6127104,,,-110.2,-13.9,81.533383,7.951682,1725,-115.6,-18.4,,,,,5.7,48.5
3,20646,274,01:40.0,3,5302048,,,-109,-13,79.934491,6.988502,1725,-114,-16,,,,,6,9
2,21456,189,00:41.0,2,6565378,5766145,6107925,-104,-14.5,81.698915,7.585672,1725,-108,-17.5,-108,-16.5,-109,-17.5,6,40
3,21585,112,01:01.0,3,5525761,,,-94,-14.9,80.136823,7.132834,1725,-95,-14.6,,,,,9.5,7.7
22,24653,411,01:56.0,22,6109954,5231892,,-107,-17,81.730856,7.684273,1725,-105,-16.5,-107,-19.5,,,7,12
12,20300,259,00:12.0,12,5222933,,,-108,-13.9,81.825663,7.419513,1725,-112,-17,,,,,8,8.7
81,27394,229,00:16.0,81,6025296,6050129,7012946,-109,-13.5,79.729295,8.04576,525,-111,-14,-111,-15.5,-113,-17,7,12
21,20501,213,01:47.0,21,7080449,7080448,5248257,-84,-13.5,79.865564,6.917731,1725,-88,-17,-90,-18.5,-91,-19,7,2
2,24586,446,01:04.0,2,6127106,,,-106.5,-18,81.538333,7.925306,1725,-108.5,-19,,,,,5,45
12,20393,259,01:54.0,12,5883648,5337347,,-103,-17,80.495594,8.756741,1725,-102,-16,-107,-20,,,,8
91,27394,230,00:39.0,91,6050138,,,-105.3,-11.9,79.733816,8.043757,525,-109.8,-16.3,,,,,6.3,15.8
12,20254,386,00:35.0,12,6350081,,,-86,-12,79.890051,6.985669,1725,-88,-14.5,,,,,,
12,20254,386,01:42.0,12,6350081,,,-84.7,-12.2,79.889963,6.985737,1725,-87,-14.3,,,,,5,9
81,27394,229,00:52.0,81,7012955,,,-115,-12.5,79.742098,8.043699,525,-121,-19,,,,,5,24
1,24604,65,00:39.0,1,6298624,,,-112.5,-15,80.681914,8.276397,1725,-114.3,-17.5,,,,,7.5,63.7
2,20145,78,00:03.0,2,5994498,5318656,,-110,-16.5,80.012188,9.686338,1725,-110,-12.5,-113,-17.5,,,,
1,20402,161,01:45.0,1,5222942,5196820,,-97,-13.9,81.829498,7.41701,1725,-98.8,-10.6,-101.6,-11.5,,,4.7,4.3
0,27658,30,01:13.0,0,5146882,6202113,5123584,-89,-12.5,79.863925,6.918668,1725,-95,-19,-96,-17.5,-98,-20,,4
2,24045,146,01:37.0,2,5903872,5906432,6155520,-104,-18,81.493727,7.972264,1725,-107,-20,-111,-20,-115,-20,4,38
1,26446,248,01:48.0,1,5532417,,,-84,-13,79.974851,7.141129,1725,-93,-20,,,,,7,1
1,21193,169,01:12.0,1,5121795,,,-81.5,-11,79.856755,6.896076,1725,-88.5,-17.8,,,,,9,2
0,23882,408,00:42.0,0,5820426,,,-102.5,-13.9,81.70139,7.728227,1725,-105,-15.5,,,,,8.3,5.8
0,24182,81,01:38.0,0,5996802,5312513,,-108,-14,80.028554,9.660555,1725,-112,-17,-113,-20,,,4,2
0,23520,180,00:13.0,0,5305866,,,-97,-17,79.913566,7.142935,1725,-99,-18,,,,,6,12
12,20254,386,00:04.0,12,6350081,,,-86,-15,79.890029,6.985173,1725,-84,-13.5,,,,,6,8
91,27394,230,01:04.0,91,6050128,6050138,,-112,-12.5,79.735689,8.044131,525,-118,-18.5,-124,-20,,,,
2,20858,177,01:46.0,2,5339648,5339649,,-89,-14.5,80.500363,8.762177,1725,-92,-17,-93,-17.5,,,,
1,20803,312,00:53.0,1,5325568,,,-82,-13.3,80.363967,7.487924,1725,-90.7,-20,,,,,11,1.5
2,24227,96,01:28.0,2,6202143,,,-80,-12.5,79.858732,6.913392,1725,-80,-12.5,,,,,,
10,23079,269,01:38.0,10,5908225,5618945,5788674,-111,-15,80.518594,7.962021,1725,-116,-20,-116,-20,-117,-20,7,41
0,22689,309,00:18.0,0,6392064,5326849,,-104,-13,80.363207,7.473901,1725,-108,-17.5,-108,-18.5,,,4,13
0,22689,309,00:11.0,0,5326849,5327361,5413920,-107,-16.5,80.36089,7.470026,1725,-109,-16,-111,-19.5,-112,-20,2,11
20,20303,211,00:38.0,20,5197598,5197578,,-87,-15,81.724295,7.687564,1725,-90,-19,-92,-20,,,,1
1,24401,389,00:50.0,1,6198272,5218571,,-97,-13,79.792482,7.580518,1725,-101,-16.5,-101,-15.5,,,12,10
21,20697,341,00:51.0,21,5285890,5298432,,-98.8,-14.5,79.955135,7.172166,1725,-101.8,-15.8,-104.4,-17.2,,,7.7,10.5
2,20346,20,00:56.0,2,6432278,,,-112,-20,80.050671,7.161801,1725,-115,-20,,,,,7,27
2,20424,128,00:45.0,2,5228575,,,-103,-12.3,81.555939,7.916141,1725,-107.5,-17,,,,,7.5,12.5
0,25629,116,01:13.0,0,5901825,5227274,,-114,-16.5,80.329436,8.172302,1725,-113,-15.5,-123,-20,,,6,23
2,20212,440,00:59.0,2,5164055,,,-97.7,-13.3,79.873594,6.876869,1725,-105.3,-18.9,,,,,9.7,3.6
2,24273,387,01:21.0,2,6213888,5252382,5266945,-106,-15.5,79.923479,6.847804,1725,-109,-18.5,-111,-18,-112,-20,9,7
0,20081,33,00:18.0,0,7046146,,,-84.3,-11,79.85723,6.892599,1725,-86.3,-12.3,,,,,10,4
3,24157,57,00:38.0,3,7170306,,,-88,-16.3,79.848693,7.210508,1725,-93,-19,,,,,,
30,24045,144,01:08.0,30,6155521,,,-94.3,-12.2,81.502302,7.941261,1725,-104.9,-17,,,,,8.5,6
30,24045,144,00:19.0,30,6155521,,,-92.3,-12.8,81.502554,7.942249,1725,-99.1,-18.1,,,,,7.9,6.4
3,25629,346,01:31.0,3,5227264,5809695,5605888,-114,-17,80.311088,8.200191,1725,-113,-17,-116,-19,-117,-17.5,,43
0,23882,408,01:02.0,0,6344706,5820426,,-103,-12.5,81.699872,7.730695,1725,-109,-17.5,-109,-17.5,,,9,6
2,23520,182,00:30.0,2,5208084,5305866,5305886,-100,-15,79.904015,7.140238,1725,-100,-16.5,-100,-16,-103,-19,7,7
21,20697,341,01:49.0,21,5298432,,,-97.8,-14.3,79.952647,7.17148,1725,-101.8,-16,,,,,9.3,7
10,23079,269,00:30.0,10,5623552,,,-115,-13.5,80.522787,7.962472,1725,-126,-20,,,,,9,46
1,23113,430,00:43.0,1,5995029,,,-108,-15,80.003189,9.744574,1725,-112,-18.5,,,,,6,19
3,21118,57,01:41.0,3,5787904,6548992,,-113,-18,80.813431,8.551051,1725,-113,-16.5,-115,-18,,,8,31
2,20424,128,01:06.0,2,6130688,,,-120,-13,81.551856,7.918651,1725,-126,-20,,,,,7,20
2,27658,32,00:34.0,2,6202112,5234689,4294967295,-104,-16,79.858359,6.916262,1725,-104,-16,-105,-17,-105,-18,5,5
0,20666,36,01:05.0,0,5305347,5207050,,-96,-15.5,79.88904,6.98408,1725,-100,-14,-101,-18,,,7,0
0,25629,116,00:35.0,0,6561025,,,-88.8,-11.6,80.31639,8.170984,1725,-95.5,-16.5,,,,,8,10.3
0,20195,330,01:11.0,0,6288643,,,-93.7,-10,79.891106,7.086415,1725,-102.3,-17.2,,,,,9.7,6
131,20402,278,01:23.0,,5196932,6980994,5223044,-92,-14,81.829786,7.420133,41090,-94,-15,-98,-18.5,-100,-19.5,5,10
0,22689,309,00:28.0,0,5808386,5551362,5154826,-107,-17.5,80.360323,7.469573,1725,-109,-19,-110,-18.5,-112,-20,3,11
10,20303,212,00:54.0,10,5197588,,,-95.7,-12.9,81.727076,7.687427,1725,-99,-16,,,,,7.3,5.8
1,25629,115,00:18.0,1,5227274,6561026,,-105,-11.5,80.320511,8.163046,1725,-112,-17,-112,-18,,,8,11
2,20771,346,01:37.0,2,5317397,5540895,5916928,-105,-12,79.984004,9.748287,1725,-108,-17,-110,-18.5,-113,-20,9,8
2,20771,346,01:52.0,2,5317397,,,-95.8,-11.8,79.985963,9.750589,1725,-101.3,-17,,,,,9.7,7.9
3,20007,38,00:09.0,3,5121792,5276417,,-76,-14.5,79.859329,6.896263,1725,-83,-16.5,-84,-15.5,,,13,3
1,21129,112,00:57.0,1,5207563,5302017,5302026,-102,-13.5,79.953769,6.991726,1725,-104,-16.5,-106,-18,-106,-18.5,6,17
1,23879,206,00:12.0,1,6113024,5782273,6113044,-87,-16.5,81.182616,8.503719,1725,-90,-17.5,-90,-18,-90.5,-17.3,7,0
10,23079,269,00:09.0,10,5765398,5623552,5788674,-107,-17.5,80.532026,7.937938,1725,-107,-16,-108,-16,-110,-19,7,49
11,21115,401,00:12.0,11,5405954,,,-105,-13.5,80.409998,8.338358,1725,-111.5,-18.5,,,,,8,12
1,24604,65,00:38.0,1,6316832,5996034,,-117,-16.5,80.64626,8.279712,1725,-121,-19,-122,-20,,,6,35
81,27394,229,00:29.0,81,6025297,,,-109.6,-12.3,79.736771,8.044454,525,-114.2,-16,,,,,6,26
0,20418,222,00:25.0,0,5227028,5227038,,-87.7,-12.7,80.597089,8.040358,1725,-91.7,-17,-93.7,-19,,,13,2
0,20687,391,01:06.0,0,5999363,,,-99,-15,79.963889,6.989444,1725,-101,-15,,,,,,8
32,20104,200,01:42.0,32,5144843,5586435,5504513,-113,-16.5,79.877107,6.898152,1725,-114,-15.5,-117,-18.5,-118,-20,,
1,25629,115,01:32.0,1,6561024,,,-99.1,-12,80.315741,8.169628,1725,-104.5,-17.1,,,,,8.8,4.1
1,26650,295,00:52.0,1,6822402,5284874,,-102,-14.5,79.870978,7.265217,1725,-106,-18.5,-107,-19,,,,7
80,27107,89,00:50.0,80,5334894,7161682,6977104,-111,-15.5,81.267821,8.454863,525,-111,-15.5,-115,-17,-116,-20,,17
30,24045,144,00:18.0,30,6155521,6155530,,-85,-11.5,81.502878,7.944966,1725,-99,-20,-105,-20,,,11,7
3,20646,274,01:18.0,3,5302048,5207583,,-96,-11.5,79.940762,6.991068,1725,-103,-18,-104,-18,,,,
3,25629,346,00:04.0,3,5227264,5904641,,-110,-15,80.312642,8.196164,1725,-111,-16,-113,-18,,,,41
1,21193,169,00:48.0,1,6152704,,,-85.4,-11.6,79.855991,6.896259,1725,-89.6,-14.9,,,,,8.4,1.6
0,23882,408,00:46.0,0,5820426,6344706,,-105.3,-13.8,81.700388,7.729051,1725,-109,-16.9,-111,-19.3,,,7.5,5.3
1,21193,169,00:45.0,1,5128193,5121795,5425408,-86,-12.5,79.855882,6.896393,1725,-90,-17.5,-90,-18,-92,-17.5,7,2
30,20193,354,01:14.0,30,5538818,,,-103.5,-14,79.891086,7.073223,1725,-107.8,-16.8,,,,,7.3,7.5
0,22689,309,00:15.0,0,5808386,,,-93.2,-12.2,80.364537,7.468434,1725,-98,-16.5,,,,,9,9.5
21,21115,400,01:18.0,21,6898945,,,-109,-13,80.403054,8.334056,1725,-112,-16,,,,,,11
12,20393,259,01:54.0,12,5337366,5337347,,-95,-17,80.497193,8.753119,1725,-96,-12.5,-97,-15,,,8,3
32,20393,345,01:55.0,32,5220630,5220620,5220610,-71,-14,80.497539,8.752129,1725,-71,-14.5,-72,-14,-73,-16,,1
2,23694,223,00:33.0,2,6065686,5301762,5289985,-107,-17,79.963704,6.999214,1725,-108,-17.5,-109,-19,-111,-20,5,11
91,27394,230,00:12.0,91,4294967295,7012946,6025296,-115,-14,79.736882,8.046403,525,-119,-18.5,-121,-18.5,-121,-18,5,16
1,23879,206,00:59.0,1,5220362,,,-101.3,-13.7,81.18516,8.501492,1725,-106,-16.7,,,,,9,6.7
1,24604,65,01:02.0,1,4294967295,,,-98,-15.5,80.653841,8.276664,1725,-110,-20,,,,,,
21,23113,431,00:09.0,21,5318935,5315072,,-102,-11,79.992718,9.733251,1725,-111,-20,-113,-20,,,10,12
1,25629,115,00:22.0,1,5227265,,,-106,-13.5,80.316902,8.152994,1725,-110,-16,,,,,8,24
1,25629,115,00:48.0,1,5227265,6561024,,-108,-12.5,80.316932,8.152946,1725,-115,-19,-116,-20,,,7,24
1,25629,115,00:02.0,1,6561024,,,-113.7,-13.2,80.330123,8.166085,1725,-118,-17.7,,,,,6,14
3,21585,112,00:10.0,3,4294967295,4294967295,4294967295,-117,-19.7,80.13099,7.127969,1725,-114.3,-16.7,-116,-18.2,-119,-20,1,25
10,23079,269,00:00.0,10,5874709,5901579,5908225,-120,-18,80.53409,7.973783,1725,-119,-17,-119,-17,-120,-18.5,6,48
10,20303,212,00:40.0,10,5232396,5231637,,-97,-12.5,81.72947,7.688841,1725,-102,-16,-103,-19,,,4,10
32,20104,200,00:01.0,32,7048468,5146625,,-107,-14,79.880916,6.901526,1725,-109,-17,-114,-20,,,10,3
21,20697,341,01:07.0,21,5298432,5411614,,-96,-12.5,79.954509,7.165583,1725,-108,-20,-108,-20,,,8,18
83,27352,42,00:07.0,83,7140946,,,-115,-14.4,80.294542,8.171418,525,-120.8,-16.9,,,,,5,30.7
2,27068,77,01:59.0,2,5326337,,,-102.2,-13.2,80.390294,7.472907,1725,-107,-17.6,,,,,9.4,5.6
1,24401,389,01:26.0,1,5218571,6198272,,-93,-12,79.791759,7.581308,1725,-99,-15,-100,-13.5,,,9,10
0,24641,274,01:50.0,0,6049813,,,-98.2,-13.8,80.093209,7.13824,1725,-101.5,-15.4,,,,,10.8,6.4
0,24641,274,01:47.0,0,5207820,,,-91,-12,80.093228,7.138687,1725,-97,-18,,,,,14,5
1,24586,445,00:59.0,1,6130690,6130688,,-96,-15,81.538068,7.921271,1725,-98,-16.3,-100.5,-18.3,,,10.5,7.5
1,24604,65,00:03.0,1,5618177,,,-113.3,-15.8,80.664617,8.265005,1725,-116,-18.2,,,,,11,36
22,21115,127,01:42.0,22,5405472,,,-95.6,-12.9,80.409493,8.334184,1725,-100.7,-17.1,,,,,8,3.5
1,23113,430,01:20.0,1,5799445,5317396,7119362,-100,-12.5,80.005716,9.729929,1725,-105,-16.5,-106,-17.5,-107,-17.5,5,27
3,21118,57,00:12.0,3,5406208,,,-104.8,-14.6,80.827433,8.555279,1725,-106.8,-16.1,,,,,8.3,16.6
2,20424,128,00:38.0,2,6294016,5228575,,-104,-13.5,81.553314,7.916271,1725,-109,-17.5,-111,-18,,,4,13
11,20424,126,01:06.0,11,6294016,6130689,,-104,-14,81.560141,7.913424,1725,-108,-18.5,-108,-19,,,6,12
2,20858,177,00:14.0,2,5339648,6669056,5337367,-115,-16.5,80.502478,8.76229,1725,-114,-15,-117,-15.5,-118,-19,,
1,23925,386,00:12.0,1,5912834,,,-100,-12.5,81.338875,7.544176,1725,-104,-15.5,,,,,9,9
3,25629,346,00:17.0,3,5227264,5809686,,-110,-12.5,80.308362,8.174201,1725,-115,-18.5,-117,-20,,,7,102
1,25629,115,00:57.0,1,5227265,,,-112,-11,80.318906,8.153127,1725,-122,-20,,,,,9,24
3,21585,112,00:36.0,3,5525790,,,-95,-12.5,80.131471,7.13674,1725,-102.6,-19,,,,,8.5,4
1,20254,199,01:29.0,1,6189056,5175298,6189059,-101,-15.5,79.896751,6.989637,1725,-101,-15,-106,-19.5,-107,-20,,5
1,20254,199,01:18.0,1,5300490,6189056,5175298,-101,-15.5,79.89674,6.989618,1725,-102,-17,-104,-19,-104,-18.5,,5
0,22689,309,00:56.0,0,5326849,6165248,5413920,-103,-13.5,80.364046,7.472122,1725,-109,-19.5,-109,-19.5,-111,-20,7,10
0,20180,309,01:51.0,0,5886464,5886742,,-109,-16.5,79.866678,6.853472,1725,-110,-15.5,-112,-17.5,,,7,2
1,23430,289,01:29.0,1,5998082,,,-91.7,-12,80.403407,9.390744,1725,-98.7,-18.3,,,,,9.7,2.7
12,20649,131,00:47.0,12,5410836,,,-115,-15,80.124788,7.269219,1725,-118,-19.5,,,,,,31
0,20697,339,00:45.0,0,5285910,5285890,,-94.3,-15.2,79.950744,7.175808,1725,-95,-16.7,-97.3,-17.2,,,,5
22,21115,127,00:11.0,22,5405472,5405452,5405471,-90,-16,80.409774,8.33311,1725,-91,-15.5,-93,-17.5,-94,-18.5,6,0
2,20858,177,01:07.0,2,6731266,5935618,,-109,-15.5,80.500065,8.761747,1725,-115,-20,-117,-20,,,,2
2,26495,26,00:51.0,2,6782720,,,-104.2,-14.1,80.523698,7.981969,1725,-106.6,-16.6,,,,,9.5,6.3
22,20301,223,00:12.0,22,5405952,,,-85,-13,80.412893,8.340793,1725,-91,-14.5,,,,,11,4
0,25629,116,00:34.0,0,5901826,,,-103.5,-11.3,80.319034,8.174624,1725,-109,-17,,,,,6,14.5
1,20386,296,01:00.0,1,5218816,5218818,,-94,-13.5,79.832619,8.029779,1725,-97,-15.5,-98,-17.5,,,,1
0,24227,98,00:48.0,0,5124096,,,-72,-9.5,79.859222,6.915691,1725,-81,-17,,,,,,
3,20646,274,00:31.0,3,5302048,,,-114,-13,79.933635,6.987968,1725,-118.5,-16.3,,,,,6,9
2,20003,184,01:43.0,2,6154775,6154752,,-81,-17,79.851401,6.902528,1725,-82,-14.5,-83,-15.5,,,3,0
21,26426,236,00:47.0,21,7177730,5222688,7177731,-108,-17.5,81.834259,7.402518,1725,-110,-18,-110,-19.5,-111,-19.5,7,7
1,20477,281,01:51.0,1,6150669,5160980,5496320,-110,-20,79.858168,6.92391,1725,-108,-19,-109,-19,-109,-19,4,8
3,20634,234,01:59.0,3,5282316,,,-102.8,-12.7,80.022324,7.221855,1725,-105.4,-14.7,,,,,7,10.3
0,20421,48,00:53.0,0,5405461,6898975,5197077,-107,-18.5,80.402486,8.330817,1725,-103,-13.5,-107,-18.5,-109,-20,4,24
30,20193,354,01:08.0,30,5538818,,,-100.1,-13.4,79.891421,7.073477,1725,-103.5,-14.8,,,,,8.2,7
0,24182,81,01:57.0,0,5317633,5211392,4294967295,-103,-11.5,80.028993,9.660136,1725,-106,-17,-106,-16.5,-108,-17,6,2
2,21456,189,00:44.0,2,6109698,5766411,6597888,-121,-20,81.643834,7.599253,1725,-119,-17.5,-122,-20,-123,-20,5,112
0,23520,180,00:23.0,0,5305866,,,-100,-16.5,79.913632,7.143502,1725,-104,-20,,,,,7,12
40,21955,436,00:46.0,40,5604650,5197098,5604648,-114,-15.5,80.387076,8.365534,3650,-113,-16,-116,-17.5,-118,-20,5,17
41,20649,370,00:22.0,41,5286186,,,-102,-11.5,,,3650,-111,-18.8,,,,,10,21
1,24604,65,00:34.0,1,6298624,6170369,5996034,-121,-19.5,80.666714,8.281566,1725,-121,-16,-124,-20,-124,-20,,26
21,23113,431,01:00.0,21,5318935,,,-104.5,-11.8,79.993194,9.734077,1725,-113.8,-18.1,,,,,7,12.7
2,23113,208,00:11.0,2,5318925,5318914,,-110,-15.5,79.982706,9.7343,1725,-110,-15.5,-112,-18,,,9,12
0,27658,30,01:18.0,0,7080449,,,-93.6,-11.3,79.864702,6.918666,1725,-95.1,-12.8,,,,,7.3,1.7
21,21686,349,01:11.0,21,5321216,,,-96.1,-13.6,80.214408,7.428401,1725,-100.7,-18.4,,,,,6,7
32,20104,200,00:30.0,32,5144843,5586435,5504513,-111,-15,79.877395,6.89921,1725,-113,-15,-115,-17,-117,-19.5,,9
32,20104,200,01:16.0,32,5144843,5504513,7048450,-112,-16,79.877498,6.899267,1725,-113,-16.5,-116,-18,-116,-20,,
1,26939,105,01:46.0,1,5223434,5779978,5223454,-116,-17.5,,,1725,-115,-16.5,-115,-16,-116,-17,4,13
10,24045,95,00:28.0,10,6127104,6130688,,-118,-16.5,81.539329,7.951813,1725,-116,-15.5,-119,-16,,,,58
3,20646,274,00:10.0,3,5302048,5539361,5207583,-110,-12.5,79.934655,6.988328,1725,-115,-17.5,-116,-18.5,-117,-17.5,,
1,25629,115,01:29.0,1,5227285,,,-110.3,-14.5,80.313014,8.160516,1725,-114,-17,,,,,7,29.3
3,25629,346,00:40.0,3,5227264,5904641,,-108,-14,80.312631,8.196035,1725,-111,-16,-113,-18,,,,41
12,23002,153,01:56.0,12,5284610,4294967295,6891776,-106,-15,80.125689,7.044797,1725,-110,-16,-112,-18.5,-115,-20,6,46
0,24182,81,01:44.0,0,6564866,5996802,5317633,-109,-14.5,80.028448,9.660534,1725,-108,-15.5,-111,-15.5,-112,-16,4,2
0,23550,52,01:51.0,0,5328395,,,-117,-16,80.567662,7.751869,1725,-120,-17,,,,,1,27
1,21193,169,00:05.0,1,6152724,5121795,5122050,-97,-13.5,79.85676,6.896078,1725,-100,-16.5,-101,-17.5,-102,-18,,1
21,20814,222,01:58.0,21,6249994,5328385,5328395,-100,-15.5,80.570726,7.760866,1725,-101,-17,-103,-17,-104,-18,5,3
3,20007,38,00:09.0,3,5276417,5121792,,-82,-11.7,79.860172,6.89589,1725,-86,-13.3,-88,-16,,,11,2
0,20253,280,01:28.0,0,5205268,5139733,6914818,-96,-11.5,79.861865,6.87124,1725,-100,-17.5,-101,-16.5,-101,-18,6,2
21,20697,341,00:16.0,21,5411604,5285890,,-83,-16,79.95001,7.169303,1725,-85,-14,-88,-17.5,,,5,9
0,23662,93,01:34.0,0,6262273,6020608,6057475,-114,-15.5,80.003467,8.814392,1725,-118,-20,-119,-20,-120,-20,4,37
32,20393,345,01:58.0,32,5337366,5220610,5220620,-73,-14,80.497248,8.752241,1725,-76,-16,-78,-14,-79,-19,6,1
2,23694,223,01:36.0,2,5882132,5882112,6065686,-94,-14,79.969197,7.003697,1725,-96,-14.5,-97,-16,-97,-13.5,5,3
1,20254,199,00:26.0,1,6189059,5175298,,-107,-13.5,79.895342,6.990265,1725,-115,-18,-115,-18,,,,
2,20424,128,00:34.0,2,5228308,6294016,,-108,-11,81.55163,7.920646,1725,-114,-17.5,-114,-17.5,,,8,16
0,27658,30,01:49.0,0,5123585,,,-77,-11.3,79.863334,6.918438,1725,-78.5,-11.8,,,,,7,0
22,20301,223,00:01.0,22,5492169,5491969,5492168,-90,-16,80.41019,8.350223,1725,-93,-14.5,-95,-17,-97,-20,5,19
1,20056,15,00:02.0,1,5821698,4294967295,,-109,-20,79.842221,6.935254,1725,-110,-20,-111,-20,,,4,13
1,20056,15,01:11.0,1,4294967295,6303777,5821698,-106,-20,79.846537,6.934536,1725,-106,-19.5,-106,-19,-112,-20,6,13
1,26650,295,01:01.0,1,5284874,6822402,6212355,-104,-17.5,79.873792,7.2678,1725,-107,-19.5,-109,-20,-111,-20,9,10
32,20104,200,00:43.0,32,5424640,,,-79,-9,79.879578,6.900609,1725,-83,-9,,,,,14,4
80,27107,89,00:04.0,80,5334894,6977104,,-111,-14.5,81.266778,8.45485,525,-113,-16,-117,-19,,,,17
30,24045,144,01:22.0,30,6127104,,,-108.2,-14,81.526252,7.946039,1725,-112.6,-18,,,,,6.3,41.2
0,26244,399,01:25.0,0,4294967295,,,-107.3,-16.2,80.396846,9.354234,1725,-106.3,-15.5,,,,,7.8,22
1,21193,169,00:02.0,1,5425408,6152724,5122818,-95,-13.5,79.855762,6.896673,1725,-99,-16.5,-100,-13.5,-100,-19.5,7,2
30,20193,354,01:56.0,30,5538818,,,-102.4,-13.2,79.891188,7.073617,1725,-106.1,-14.7,,,,,8,7.7
3,21585,112,01:06.0,3,5525761,,,-95.7,-14.8,80.138846,7.135575,1725,-97.3,-15.8,,,,,7.5,6
12,20300,259,01:04.0,12,5222933,,,-100.5,-13.7,81.824438,7.417626,1725,-104.7,-15.4,,,,,8,4.3
22,20771,347,01:16.0,22,5879809,,,-101,-12.7,79.982077,9.743826,1725,-107,-17.3,,,,,6.3,13
40,21955,436,01:36.0,40,5604650,5492010,5604648,-113,-15,80.387304,8.365558,3650,-117,-17.5,-118,-19.5,-119,-20,6,17
12,20393,259,01:51.0,12,5220630,,,-89.2,-11.3,80.496999,8.753035,1725,-97,-18.8,,,,,6,0.3
30,20425,409,01:04.0,30,6114048,,,-104,-14.8,81.613439,7.781251,1725,-107.7,-17.5,,,,,5.7,13.3
0,21657,93,01:54.0,0,5317889,,,-106.8,-15.6,80.052452,9.663641,1725,-107.4,-15.7,,,,,9,20.7
80,26618,6,00:37.0,80,5799535,6430546,5995099,-97,-14,79.99277,9.751055,525,-99,-16.5,-103,-20,-104,-20,,42
0,20015,150,00:44.0,0,5233410,,,-81,-13,79.851271,6.913694,1725,-82,-11,,,,,7,1
11,21115,401,01:27.0,11,5604608,6385920,,-112,-16.5,80.396707,8.336224,1725,-112,-17,-113,-18,,,5,24
21,21115,400,00:34.0,21,5405472,5405451,5405462,-97,-17.5,80.410271,8.332597,1725,-100,-16.5,-100,-15.5,-104,-19.5,11,0
22,21115,127,01:12.0,22,5405443,5405472,,-90,-14,80.412388,8.337942,1725,-96,-18,-97,-17.5,,,10,7
1,20254,199,00:05.0,1,6189059,,,-106.3,-13.3,79.895514,6.990016,1725,-111.3,-16,,,,,8,4
3,21118,57,01:24.0,3,5795072,5787904,,-109,-15.5,80.821962,8.559405,1725,-116,-20,-117,-20,,,10,28
2,20424,128,01:20.0,2,5228547,,,-105,-12.3,81.557904,7.921968,1725,-109.4,-15.8,,,,,8,12
11,20424,126,00:39.0,11,5228546,,,-104,-12,81.560713,7.916099,1725,-109,-17.5,,,,,,6
2,20424,128,00:48.0,2,5228547,,,-96.4,-11.6,81.558167,7.919763,1725,-100.4,-15.4,,,,,11.2,9.2
0,20180,309,01:47.0,0,5166081,5886722,5886464,-89,-11.5,79.866315,6.853696,1725,-99,-20,-99,-20,-112,-20,12,2
12,23002,153,01:42.0,12,5284619,,,-108.3,-13.3,80.1291,7.028172,1725,-112.3,-16.3,,,,,5,26.7
0,25766,114,01:19.0,0,6563586,,,-101.8,-14,80.601366,9.373848,1725,-107.3,-19.5,,,,,11.5,37
10,23079,269,00:00.0,10,5908225,,,-107,-14.4,80.510552,7.95218,1725,-113.2,-18.8,,,,,9.5,25.3
1,24604,65,01:30.0,1,6298624,5996034,,-120,-18,80.664212,8.281472,1725,-121.5,-18.5,-124,-20,,,,27
21,21115,400,01:56.0,21,5405451,5405954,,-108,-14,80.408622,8.333945,1725,-114,-19,-115,-19,,,5,8
1,21766,210,00:42.0,1,5571852,5337622,,-109,-16,80.460186,8.756845,1725,-112,-19,-114,-20,,,5,37
80,26618,6,00:42.0,80,7119440,5799505,,-115,-16,,,525,-119,-20,-120,-20,,,,
12,20687,269,00:58.0,12,6253333,5207553,,-90,-8.5,79.954563,6.993348,1725,-97,-13,-100,-18,,,,
2,20424,128,00:07.0,2,5228575,6294016,,-106,-13.5,81.5534,7.916974,1725,-109,-17.5,-112,-16.5,,,5,14
1,23925,386,01:05.0,1,5912833,,,-96,-14,81.342281,7.545831,1725,-100,-17,,,,,8,8
0,25629,116,01:45.0,0,5901825,,,-108.3,-15.2,80.333787,8.172412,1725,-112.7,-18.5,,,,,5.3,31
0,25629,116,01:55.0,0,5901825,5794049,,-110,-14.8,80.337922,8.173296,1725,-114,-18.5,-118,-20,,,4.5,37.5
1,20212,439,00:48.0,1,5164055,,,-92.3,-11.6,79.875778,6.87825,1725,-100,-18.9,,,,,13,2
20,20301,222,01:23.0,20,5197056,,,-88,-10.8,80.414206,8.339835,1725,-94,-17.3,,,,,7,0.5
2,20081,35,01:30.0,2,5236993,,,-84.7,-9.8,79.858761,6.88768,1725,-91.5,-15.6,,,,,9,4.5
0,21657,93,01:02.0,0,5544193,,,-108.5,-15.1,80.051853,9.659563,1725,-113,-19,,,,,10,10.5
0,20623,345,01:54.0,0,5279489,5279490,5251586,-93.7,-12.3,79.861587,6.947784,1725,-97.7,-16,-98.3,-16.7,-99.3,-17.2,9,0
0,23882,408,00:58.0,0,6113793,5820426,,-113,-13.5,81.698799,7.726674,1725,-122,-20,-129,-20,,,,4
1,21193,169,00:14.0,1,6152704,6152724,6152706,-78,-13,79.857148,6.89534,1725,-85,-17.5,-85,-16.5,-86,-19,5,1
30,20193,354,01:55.0,30,5297409,,,-106.5,-16,79.888451,7.073306,1725,-108,-17,,,,,5,8
0,24182,81,01:33.0,0,5312513,5996802,,-105,-13.5,80.028584,9.660555,1725,-108,-17.5,-108,-15,,,6,2
1,23068,91,01:10.0,1,5176322,,,-105,-14,79.876604,6.861173,1725,-108,-14.5,,,,,8,2
0,24641,274,01:57.0,0,6049813,5207830,,-97,-14.5,80.09292,7.135197,1725,-99,-17,-110,-20,,,11,0
2,23694,223,00:52.0,2,6065686,5295904,,-106,-12.5,79.964316,7.000939,1725,-107,-14,-115,-20,,,7,9
12,20649,131,01:17.0,12,6479874,,,-85,-11,80.138033,7.27963,1725,-89,-14.5,,,,,,19
12,20254,386,01:06.0,12,6350081,,,-82,-11.5,79.891024,6.985058,1725,-88,-17,,,,,8,9
81,27394,229,00:39.0,81,6025297,6025296,,-108,-10,79.733006,8.038323,525,-112,-13.5,-116,-18.5,,,10,22
0,20254,198,00:37.0,0,5175318,,,-96,-13.5,79.894001,6.993472,1725,-103,-19.5,,,,,7,7
1,24604,65,00:27.0,1,5619456,,,-101,-13.5,80.653841,8.276664,1725,-111,-20,,,,,,
0,20015,150,01:32.0,0,7051521,5120788,5233408,-88,-15,79.851981,6.914209,1725,-85,-12,-89,-16,-90,-18.5,5,1
11,20015,123,01:07.0,11,5277952,5277953,5123842,-84,-14,79.852573,6.909822,1725,-83,-14,-84,-15,-87,-17.5,6,3
2,20858,177,01:45.0,2,5339648,,,-100.5,-15.8,80.500099,8.760835,1725,-101.5,-16.5,,,,,,0.5
32,20104,200,00:55.0,32,5133056,,,-99,-13.5,79.879725,6.900655,1725,-104.5,-16,,,,,12,3
0,25629,116,00:16.0,0,5901826,,,-111.7,-13,80.321726,8.172995,1725,-119.3,-19.2,,,,,5,18
80,27107,89,00:32.0,80,5334894,,,-104.2,-11.8,81.274277,8.446523,525,-108.8,-14.8,,,,,8.8,13.3
0,24227,98,00:15.0,0,5128962,7080450,,-87.5,-15.5,79.859386,6.919441,1725,-89,-16.8,-91,-14,,,4,20
0,21705,313,00:16.0,0,5216769,5556501,,-92,-13.5,80.650309,7.87306,1725,-93,-14,-95,-16.5,,,6,4
0,24227,98,01:29.0,0,5124096,,,-90.5,-9.8,79.859566,6.916006,1725,-96.5,-15.5,,,,,10.5,2.5
0,20195,330,01:32.0,0,6288643,,,-99.8,-13.3,79.891797,7.085615,1725,-102.3,-15.3,,,,,7.5,5.3
30,24045,144,01:27.0,30,6127104,,,-107.6,-14.4,81.525274,7.946409,1725,-111.1,-16.9,,,,,5.8,37.5
0,26244,399,01:11.0,0,4294967295,,,-107.5,-16,80.39788,9.353833,1725,-109.5,-15,,,,,11.5,22.5
0,26244,399,01:49.0,0,4294967295,,,-109.7,-16.4,80.396046,9.352138,1725,-110.1,-17.1,,,,,9.5,22.3
1,26446,248,01:27.0,1,5293059,6770176,5293058,-115,-15,79.975555,7.149115,1725,-116,-17,-116,-17,-117,-18,5,8
21,26426,236,00:39.0,21,7177731,,,-106,-15.5,81.832735,7.408461,1725,-108,-18,,,,,7,7
12,23002,153,01:56.0,12,5810708,6891778,,-114,-13,80.136744,7.029431,1725,-118,-15.5,-119,-18,,,6,17
1,21193,169,01:06.0,1,6152724,5425408,,-87.7,-11.7,79.855427,6.89645,1725,-91.7,-13.8,-94.7,-18.2,,,8,1.5
1,21193,169,00:40.0,1,5121795,5122050,,-86,-12.5,79.856001,6.896313,1725,-89,-17.5,-93,-19.5,,,6,2
1,21193,169,01:59.0,1,6152704,,,-86.4,-11.4,79.856589,6.895762,1725,-92,-16.1,,,,,7.6,1.3
30,20193,354,01:19.0,30,5538818,,,-100.9,-13.3,79.89102,7.073005,1725,-105,-16.2,,,,,8,7.1
2,24273,387,00:14.0,2,6883862,,,-108,-14.5,79.924488,6.845512,1725,-110,-16.8,,,,,8,4.5
40,21955,436,00:41.0,40,5604650,5492010,,-114,-16,80.387076,8.365534,3650,-113,-15.5,-116,-18.5,,,5,17
30,20193,354,01:46.0,30,5538818,5297409,,-106,-17,79.892155,7.073221,1725,-107,-16,-108,-17.5,,,5,7
11,21115,401,00:10.0,11,5604608,,,-111,-17,80.395191,8.333814,1725,-112,-18,,,,,,
2,23694,223,00:39.0,2,6065686,,,-93.7,-13.1,79.964087,7.001889,1725,-96.2,-13.8,,,,,7.7,9
1,24604,65,00:46.0,1,5918230,6298624,,-106,-14,80.746038,8.278238,1725,-114,-20,-115,-20,,,9,139
1,23113,430,01:33.0,1,4294967295,5995029,5317396,-111,-15.5,79.999498,9.743929,1725,-109,-15.5,-110,-16.5,-112,-18.5,6,19
21,23113,431,01:15.0,21,6046976,5315072,,-112,-12,79.9904,9.733175,1725,-118,-19.5,-118,-19.5,,,7,8
1,24586,445,00:01.0,1,5766913,,,-111,-16,81.530982,7.917693,1725,-117,-20,,,,,6,13
3,25629,346,01:48.0,3,5227264,,,-109,-12,80.310153,8.181514,1725,-114.9,-16.4,,,,,6.3,21.4
1,25629,115,00:51.0,1,5227285,,,-113,-17,80.311909,8.169821,1725,-116,-18,,,,,,29
1,20125,28,01:26.0,1,5160960,5143585,,-106,-14,79.853991,6.918801,1725,-110,-16.5,-110,-18,,,7,4
20,20303,211,00:55.0,20,5232384,5232416,,-116,-19.5,81.730666,7.689889,1725,-114,-16.5,-117,-17,,,5,11
2,23520,182,01:42.0,2,5208064,,,-103,-16,79.899446,7.147326,1725,-109,-19.5,,,,,,
83,27352,42,00:41.0,83,5625946,,,-109.3,-12,80.287595,8.166377,525,-114.7,-16,,,,,8.3,22
81,27394,229,00:29.0,81,7012946,6050129,,-103.5,-14.5,79.730077,8.049205,525,-104,-14.3,-107,-15.8,,,,5
20,20303,211,00:43.0,20,5231637,,,-106,-13.5,81.728725,7.687125,1725,-106,-14,,,,,,8
2,24586,446,00:48.0,2,6130690,,,-109,-16,81.538333,7.925306,1725,-112,-19.5,,,,,,7
1,24604,65,01:30.0,1,6315520,,,-112,-14.3,80.65615,8.267875,1725,-116.5,-18.5,,,,,7,38
0,21464,51,00:52.0,0,5133844,5340418,6253058,-86,-14.5,79.878233,6.887596,1725,-87,-15.5,-90,-18,-92,-20,,1
2,20858,177,01:09.0,2,6731266,,,-103,-15.3,80.49928,8.762205,1725,-106,-16.5,,,,,5,2
1,23925,386,01:45.0,1,5912834,5878786,,-118,-16,81.325668,7.553908,1725,-119,-17.5,-122,-19.5,,,4,27
0,21657,93,00:02.0,0,5318145,5317889,5318144,-112,-19,80.05049,9.665837,1725,-110,-18,-114,-20,-115,-20,,13
10,20303,212,00:20.0,10,5197588,,,-97.1,-13,81.726469,7.688221,1725,-100.3,-15.5,,,,,5,4.3
2,21456,189,01:44.0,2,5904898,,,-105,-15,81.666159,7.616626,1725,-105,-15,,,,,8,69
12,20649,131,00:47.0,12,6659840,,,-91,-14.2,80.140221,7.274477,1725,-96,-18,,,,,10,16
1,24401,389,01:20.0,1,5218591,,,-92.6,-13.7,79.791091,7.582934,1725,-95.8,-15.7,,,,,8.7,3.8
1,23879,206,00:17.0,1,5220362,,,-108,-15.5,81.185377,8.501191,1725,-110.3,-16.3,,,,,7.3,5.7
1,21129,112,01:02.0,1,5295903,5291264,,-110,-16,79.949545,6.984675,1725,-107,-11,-113,-16.5,,,6,17
1,21653,176,01:27.0,1,7164928,5312768,5543168,-95,-15,80.010454,9.671106,1725,-97,-17,-99,-16.5,-100,-20,3,3
2,20032,191,00:12.0,2,5149185,,,-90.3,-9.3,79.85495,6.898693,1725,-95.7,-13.5,,,,,9,1.7
2,22585,320,01:21.0,2,6120725,5945111,,-118,-20,79.821322,7.577434,1725,-116,-18,-120,-20,,,7,29
2,21703,24,00:52.0,2,5555969,6250006,,-111,-16.5,80.577965,7.70593,1725,-110.5,-15.8,-113,-20,,,,
2,25810,149,00:39.0,2,6607381,5329163,,-90,-13.5,81.039031,7.929532,1725,-92,-16.5,-96,-20,,,,
23,24046,83,01:56.0,23,6155779,6155778,6155798,-105.8,-13.5,79.843238,7.336891,1725,-106.8,-14.4,-108.2,-16.5,-110.8,-18.5,6.3,0.3
1,24791,130,01:48.0,1,6397204,,,-116,-19.5,81.650055,7.373378,1725,-114,-17,,,,,,69
2,24027,443,00:58.0,2,6150912,,,-93.9,-15.1,81.684472,7.731228,1725,-95.8,-16.9,,,,,8,2
1,24183,40,00:45.0,1,6564609,6190848,,-100,-14,80.013404,9.664012,1725,-103,-16.5,-107,-20,,,,3
131,20470,79,00:33.0,,7127939,6910082,,-107,-12,79.899504,6.938129,41090,-112,-17,-114,-20,,,,
80,27622,204,01:29.0,80,7071315,,,-106,-12,79.906337,6.989062,525,-112,-11,,,,,,
83,27355,368,01:52.0,83,7002961,5314130,7002970,-95,-14,80.023279,9.716966,525,-96,-16,-101,-20,-102,-20,2,5
83,27355,368,01:57.0,83,7002961,5314130,7002970,-95,-14.5,80.023279,9.716966,525,-96,-15.5,-102,-20,-102,-20,3,5
0,20499,196,00:48.0,0,5247765,5247745,,-60,-12,79.851832,6.937889,1725,-63,-16.5,-68,-17.5,,,7,0
1,20117,382,01:53.0,1,6206977,6206978,5496320,-80,-12.5,79.859124,6.921025,1725,-87,-19,-88,-17.5,-89,-20,7,1
1,21973,386,00:17.0,1,6543104,,,-112,-13.5,80.372835,8.297404,1725,-116,-15.5,,,,,10,12
1,21973,386,00:15.0,1,6543104,5625088,,-108,-14.5,80.379907,8.291715,1725,-112,-17,-114,-19,,,10,11
2,23867,76,01:23.0,2,6311188,,,-100,-16,81.736188,7.683838,1725,-107,-20,,,,,5,1
1,20153,79,00:06.0,1,6046976,,,-102.8,-11.6,79.99812,9.718002,1725,-110.8,-18.4,,,,,7,4.7
10,21439,80,00:14.0,10,6397184,,,-102,-13,81.657552,7.374498,1725,-108,-18,,,,,,
0,22612,421,00:36.0,0,5788674,,,-109,-11.8,80.539389,7.903744,1725,-118.5,-19.5,,,,,8.5,24.5
1,21955,418,01:12.0,1,5492171,,,-111,-15.5,80.365145,8.373611,1725,-116,-20,,,,,,
80,27309,378,00:36.0,80,6991185,5874523,,-108,-16,81.164051,8.47057,525,-108,-15,-110,-18,,,,7
0,21611,148,00:05.0,0,5533471,,,-114,-14,79.987105,7.154429,1725,-115.5,-16,,,,,6.5,25.5
0,20427,108,00:55.0,0,5229332,,,-97.5,-12.3,81.524642,7.916599,1725,-105.5,-19.1,,,,,7,4.3
2,23315,398,01:52.0,2,5968662,,,-90.6,-12.9,80.71335,8.292704,1725,-95.7,-18.3,,,,,4,3
0,25983,270,01:55.0,0,6651649,,,-103.3,-12.6,80.58474,8.062535,1725,-102.8,-14,,,,,,
20,20720,217,01:01.0,20,5286678,6017547,,-108,-17.5,80.11801,7.107337,1725,-110,-16,-113,-20,,,,
2,20422,175,00:54.0,2,5228055,5228035,,-96.8,-13,80.404858,8.323762,1725,-101.3,-15.8,-103,-18.3,,,12.5,2
22,25709,423,01:38.0,22,6581506,6581505,,-102,-16,81.834775,7.412122,1725,-107,-17,-108,-18.5,,,,
1,26007,406,01:19.0,1,5607682,,,-110.7,-14.4,80.38984,8.267802,1725,-113,-17.1,,,,,3.8,32
1,24027,442,01:41.0,1,5155842,,,-103.1,-15.1,81.689886,7.726366,1725,-106.4,-17.3,,,,,8.8,7.9
81,23878,394,00:49.0,81,5335122,6118481,,-107,-13,81.202575,8.582937,525,-110,-16,-115,-20,,,,17
2,20648,145,00:31.0,2,5298453,5298432,,-104.2,-15,79.947938,7.171672,1725,-106.2,-15.2,-110.4,-18.2,,,7,18.3
2,25649,18,01:37.0,2,5771010,6566144,,-105,-13.5,80.0229,7.055568,1725,-108,-16.5,-111,-19,,,8,11
0,22705,273,00:04.0,0,6293270,6721792,5326111,-104,-16.5,80.02575,7.444972,1725,-105,-16.5,-107,-18.5,-108,-20,7,24
2,20815,99,01:26.0,2,5328671,5328643,,-89,-10.5,80.656295,7.859654,1725,-96,-18,-96,-18.5,,,12,9
0,20475,369,01:19.0,0,5497600,,,-82,-11.5,79.866239,6.953106,1725,-88,-17.5,,,,,11,6
2,20648,145,01:26.0,2,5298453,5298443,5411594,-108,-17.5,79.94143,7.175866,1725,-110,-16.5,-112,-18,-115,-20,,
2,20428,201,00:02.0,2,5902848,,,-109,-18.5,81.669433,7.713208,1725,-107,-17.5,,,,,3,46
21,21686,349,00:22.0,21,5551616,,,-109,-12.5,80.21313,7.429704,1725,-112,-18,,,,,9,5
83,27355,368,01:56.0,83,7006290,7002961,5313618,-102,-14,80.034269,9.716785,525,-105,-16.5,-106,-17.5,-109,-20,6,19
80,27309,378,01:46.0,80,5874513,,,-95.3,-11.7,81.166428,8.469809,525,-102.3,-18,,,,,9,12.5
80,27309,378,00:50.0,80,6991185,,,-105,-12.5,81.163135,8.47281,525,-110,-16.8,,,,,7.5,6.5
80,27309,378,01:49.0,80,6991185,5874523,,-103,-13,81.162583,8.473099,525,-104,-13,-111,-19,,,8,8
1,25070,292,01:25.0,1,5330691,5330700,,-103,-15.5,79.861638,7.420281,1725,-103,-15,-106,-18.5,,,5,22
2,24027,443,01:21.0,2,6002432,6150912,5231105,-93,-15,81.684367,7.732767,1725,-98,-20,-99,-19,-100,-20,,
1,24027,442,01:09.0,1,5766687,5766667,5155842,-121,-20,81.690422,7.72872,1725,-116,-16.5,-116,-17,-116,-17,15,8
1,21650,115,00:03.0,1,5542400,,,-87,-14.7,80.199903,9.799817,1725,-91.6,-17.7,,,,,7.3,1.5
92,27281,349,01:05.0,92,6984540,,,-103.7,-11.2,81.604907,7.77914,525,-114,-18,,,,,7.7,5.3
0,20129,153,00:34.0,0,5153025,,,-92,-13.5,79.850239,6.923636,1725,-100,-20,,,,,9,0
2,20773,85,01:09.0,2,5211393,,,-101.6,-13.2,80.036645,9.656313,1725,-106,-17,,,,,,2
2,24027,443,01:01.0,2,6002432,,,-101.6,-14.8,81.682794,7.731261,1725,-103.8,-16.8,,,,,8.3,5.8
32,20427,398,00:55.0,32,5229324,,,-90.9,-13.5,81.522288,7.912869,1725,-95.4,-16.1,,,,,9,1.7
2,20422,175,00:53.0,2,5611520,5227796,,-106,-15,80.403174,8.321588,1725,-110,-19,-113,-20,,,,
1,26007,406,00:39.0,1,5625089,,,-115,-16,80.375095,8.265113,1725,-119,-19.5,,,,,5,16
21,20333,401,00:08.0,21,5181974,5276163,6259202,-109,-16.5,79.863906,6.868237,1725,-111,-19,-113,-18,-115,-20,9,3
1,21763,250,01:21.0,1,5571330,5571328,,-91,-12.5,81.225344,8.58179,1725,-97,-18,-97,-18.5,,,,1
21,23878,299,01:53.0,21,6319105,,,-113,-18,81.198414,8.579113,1725,-114,-19.5,,,,,,71
22,25709,423,00:07.0,22,6581506,,,-100,-14.5,81.834993,7.412139,1725,-104,-18,,,,,8,5
11,20648,144,01:49.0,11,5532418,5298433,,-105,-14.5,79.955816,7.160203,1725,-110,-17.5,-113,-19.5,,,7,19
1,21674,302,01:33.0,1,5412884,5548546,6248192,-113,-19,80.155744,7.393738,1725,-112,-15.5,-116,-19,-120,-20,9,46
1,20756,233,01:15.0,1,5313556,,,-91.5,-13.3,80.044514,9.714898,1725,-96.5,-16.8,,,,,9,2.5
2,25644,321,01:53.0,2,5317633,,,-90.5,-13.8,80.026298,9.654675,1725,-98.5,-20,,,,,13,3.5
2,21879,299,00:50.0,2,5601024,,,-112,-13.7,80.250144,8.202522,1725,-116.5,-17.5,,,,,6.3,22.6
1,23893,241,00:34.0,1,5540610,6594562,6224385,-113,-18.5,79.934184,7.033785,1725,-113,-16.5,-116,-19.5,-116,-20,8,44
1,20507,62,01:05.0,1,5249792,,,-86,-10.5,79.866749,6.920058,1725,-92,-16,,,,,13,1
1,20507,62,00:41.0,1,5249794,,,-99.5,-10.3,79.867105,6.919714,1725,-103.5,-14.5,,,,,9,1.5
1,20507,62,01:37.0,1,5249814,,,-83,-10.5,79.867796,6.919757,1725,-91,-19.5,,,,,12,2
11,24235,19,00:31.0,11,6380574,,,-109,-14.5,79.843584,8.026567,1725,-112,-18,,,,,9,8
83,27355,368,01:44.0,83,7006288,6430545,4294967295,-105,-16,80.041771,9.7161,525,-104,-14,-107,-18.5,-108,-17.5,6,30
0,22612,421,00:12.0,0,5623554,,,-112.2,-14.8,80.554751,7.898712,1725,-114.6,-17.2,,,,,6.6,45.6
0,20114,396,00:32.0,0,5122818,6154753,,-95,-12.5,79.856134,6.899528,1725,-101,-18,-114,-20,,,7,0
1,26991,286,01:20.0,1,6909696,,,-95,-9,79.900913,6.94034,1725,-100,-14,,,,,7,0
3,25084,117,00:21.0,3,7170069,,,-90,-15,79.877258,6.851585,1725,-93,-16.5,,,,,5.5,4
1,23925,386,01:50.0,1,6124802,,,-95.5,-12.5,81.339809,7.552082,1725,-100.3,-16.6,,,,,9,6.4
22,20673,367,00:45.0,22,5984771,,,-106,-13,80.112879,6.966458,1725,-114,-20,,,,,8,16
0,20661,441,01:30.0,0,5210388,5302787,6696705,-114,-17.5,79.911138,7.007975,1725,-112,-15.5,-114,-15,-114,-17.5,6,9
2,20037,339,01:05.0,2,5426688,5426690,,-109,-16.5,79.894612,6.901796,1725,-109,-16,-115,-20,,,8,3
21,23022,312,01:42.0,21,6670849,4294967295,,-105,-15.5,80.504804,8.664321,1725,-103,-16.5,-105,-14,,,,51
2,21621,309,00:35.0,2,5534976,,,-89,-13.5,79.976675,6.950266,1725,-96,-19.5,,,,,13,5
21,20293,137,00:00.0,21,5195009,,,-82.7,-13.8,79.854769,7.209221,1725,-87,-17.7,,,,,6,4.5
21,20293,137,00:05.0,21,5195009,,,-87.8,-14.3,79.854887,7.209253,1725,-92.5,-18,,,,,8.5,4.3
0,24461,51,01:01.0,0,6308096,,,-93.5,-11.5,80.094184,7.140828,1725,-99,-17.5,,,,,10,1
3,20610,49,00:48.0,3,5205269,,,-95,-14.3,79.862214,6.866884,1725,-95.3,-14.8,,,,,8.5,4
0,20723,127,00:56.0,0,6429184,5305108,,-95,-12.5,79.844338,7.211958,1725,-98,-16.5,-99,-14.5,,,7,3
2,27115,276,00:39.0,2,5493771,,,-99.6,-12.2,81.515916,7.895829,1725,-103.6,-15.3,,,,,7.7,10
0,20536,60,00:22.0,0,5152256,5509632,5420288,-76,-9.5,79.845025,6.935631,1725,-81,-19,-83,-16,-83,-20,11,0
2,22949,363,01:18.0,2,5874947,,,-112.7,-16.7,80.521018,7.790733,1725,-113.3,-17,,,,,,16
1,20153,79,01:25.0,1,5318914,5159170,5159168,-91,-10.5,79.997081,9.720476,1725,-100,-18.5,-103,-20,-104,-20,14,0
21,20768,198,00:01.0,21,5316610,,,-99.6,-13.8,80.242515,9.8165,1725,-104.5,-18.1,,,,,10,11.4
3,20737,124,00:48.0,3,5306398,,,-91,-12.5,79.886314,7.207112,1725,-94.5,-15.5,,,,,7,8
1,25709,439,01:18.0,1,5224960,6581506,5224981,-85,-10.5,81.834993,7.412139,1725,-97,-20,-98,-19,-98,-20,11,2
1,20117,382,01:41.0,1,6206978,6206976,,-87,-11,79.859698,6.920445,1725,-90,-13.5,-95,-18.5,,,,2
82,20070,147,00:17.0,82,5138001,,,-80,-12.5,,,525,-85,-15,,,,,7,4
0,24034,210,01:09.0,0,5425409,6152724,5128193,-87,-12,79.856423,6.895249,1725,-90,-12,-92,-17.5,-94,-18,4,0
0,24649,213,01:47.0,0,6310147,,,-108.7,-14.3,80.296698,8.047312,1725,-114.7,-19.8,,,,,,33.3
0,20114,396,00:09.0,0,5149185,5128194,,-76,-11.8,79.856303,6.899349,1725,-80,-14.5,-82.5,-17.3,,,10,0.5
1,25649,20,00:22.0,1,5811468,5283585,5287170,-110,-17,80.015883,7.03249,1725,-109,-16,-110,-17.5,-111,-16,,28
2,25649,18,01:39.0,2,6510593,5288469,,-102,-14.5,80.01587,7.060318,1725,-101,-14,-106,-19,,,,10
92,27281,349,00:51.0,92,6984540,5767250,,-95,-14,81.604531,7.779333,525,-97,-16.5,-100,-15.5,,,,
92,27281,349,01:42.0,92,6984540,5767250,6984528,-95,-14,81.604588,7.779541,525,-98,-14.5,-101,-18,-101,-19,6,1
2,21879,299,00:13.0,2,5870592,,,-109,-13.3,80.241141,8.194994,1725,-114,-18.5,,,,,5,36
2,25644,321,00:25.0,2,6190593,5317633,,-100,-16.5,80.02631,9.657062,1725,-102,-17.5,-102,-17.5,,,9,6
40,21955,436,00:00.0,40,5492011,,,-110.3,-12.4,80.396904,8.361452,3650,-116.5,-19.4,,,,,6.5,31.3
0,21955,417,00:05.0,0,5197078,,,-111.5,-16.5,80.391169,8.364712,1725,-114,-18.8,,,,,10.5,15
82,27306,308,01:44.0,82,5874001,,,-111.2,-13.1,81.082219,8.054145,525,-115.1,-16.6,,,,,8.4,29.3
1,21955,418,00:53.0,1,5620482,,,-109,-15.7,80.37254,8.373609,1725,-112.3,-18.2,,,,,5,11.6
2,25644,321,00:13.0,2,6564875,,,-98,-15,80.025534,9.655173,1725,-100,-17,,,,,,5
2,25644,321,00:28.0,2,5211392,5211394,,-99,-16,80.026894,9.656789,1725,-101,-17.5,-103,-20,,,,6
80,27309,378,00:55.0,80,6118994,,,-98.5,-12,81.167132,8.470243,525,-112,-20,,,,,11.5,10.5
80,27309,378,01:01.0,80,6991185,5874513,,-103,-12,81.168998,8.469813,525,-118,-20,-118,-20,,,9,14
1,21703,63,00:37.0,1,5556736,,,-106.4,-14.7,80.583561,7.690478,1725,-107.8,-17.1,,,,,4,42
82,27379,83,01:24.0,82,6674001,6525777,5894767,-111,-16,80.273789,7.80202,525,-108,-15,-113,-18.5,-114,-19,2,35
3,23519,414,00:59.0,3,6607616,,,-109,-14.8,80.411015,7.920137,1725,-112,-16.8,,,,,9,29
32,20427,398,01:00.0,32,6507265,5229324,5493760,-105,-12.5,81.520269,7.912184,1725,-108,-15,-111,-18,-112,-18.5,11,4
20,20737,343,00:45.0,20,5296917,,,-104,-16.5,79.874236,7.214475,1725,-109,-20,,,,,10,23
3,25810,216,01:00.0,3,5329155,,,-107,-13.5,81.021414,7.940377,1725,-108,-14,,,,,,
0,27073,178,00:57.0,0,5551618,,,-113,-16,80.213979,7.445975,1725,-112,-16.5,,,,,,
1,25070,292,00:23.0,1,5330691,,,-109.5,-13.5,79.853673,7.427582,1725,-113,-16.8,,,,,,
32,20648,313,00:51.0,32,5530122,5530142,,-109,-12,79.948532,7.181115,1725,-113,-16.5,-115,-18,,,,17
81,27073,248,01:53.0,81,5551707,5551697,5321296,-102,-12.5,80.214545,7.432074,525,-106,-17.5,-106,-18,-107,-18.5,,15
1,24832,118,01:58.0,1,6108161,5230082,,-99,-16,81.593448,7.789352,1725,-101,-16,-105,-20,,,,
2,20117,381,01:07.0,2,5132545,5135105,5242113,-99,-13.5,79.857162,6.922848,1725,-101,-15.5,-101,-14,-105,-19,6,2
0,24659,31,00:28.0,0,5887499,5887490,6312705,-102,-13,80.093331,7.104916,1725,-107,-17.5,-109,-19,-109,-18,,
20,21674,374,01:09.0,20,5321217,,,-109,-16,80.206784,7.403995,1725,-113,-18,,,,,7,29
1,20648,154,01:23.0,1,5533452,,,-103.6,-14.9,79.962521,7.16341,1725,-106.2,-17.7,,,,,12,4
1,20744,68,00:13.0,1,5310466,,,-94,-16,80.017136,9.708857,1725,-97,-15.5,,,,,,
3,20600,297,00:26.0,3,5407490,5259008,,-112,-18.5,79.928225,6.899588,1725,-114,-19.5,-115,-20,,,,7
0,27073,178,00:43.0,0,6930690,4294967295,4294967295,-95,-12.5,80.20485,7.440607,1725,-96,-13.5,-112,-20,-112,-20,2,10
81,27073,248,00:56.0,81,5551698,,,-102,-12,80.212402,7.434026,525,-108,-19.5,,,,,10,10
1,23430,289,00:19.0,1,5545730,,,-93.7,-13.7,80.405456,9.388191,1725,-96.3,-16,,,,,8,4.5
0,20499,196,01:26.0,0,5247489,5247490,,-65,-13.5,79.852269,6.937151,1725,-69,-17.5,-72,-18.5,,,1,1
1,25070,292,01:31.0,1,5330691,5330720,,-95.5,-11.6,79.8557,7.422128,1725,-99,-16.3,-101.8,-18,,,6.5,12.3
2,20428,201,01:39.0,2,5232130,,,-104,-12,81.676401,7.709732,1725,-111,-18,,,,,8,14
53,23009,12,00:09.0,53,5890354,6598194,,-112,-12,80.40144,7.684772,2530,-121,-20,-124,-20,,,9,40
0,20114,396,00:24.0,0,5128194,5149185,,-77.7,-11.8,79.856115,6.899405,1725,-81.3,-14,-82.7,-16.2,,,12.7,0.3
1,20210,80,00:07.0,1,5173760,,,-90,-13.8,79.929481,6.975953,1725,-93.7,-15.8,,,,,6,2
0,21710,372,01:50.0,0,6476546,5557762,5557004,-113,-16.5,80.767477,9.219873,1725,-116,-18.5,-117,-19.5,-118,-19,9,16
0,21710,372,01:59.0,0,6476546,6476545,5557004,-113,-17,80.775885,9.217295,1725,-113,-16,-115,-17.5,-116,-18,,16
80,27622,204,00:04.0,80,5302620,5206385,,-108,-12,79.905785,6.993537,525,-109,-13.5,-116,-19.5,,,,
1,21955,418,01:57.0,1,6157824,,,-115,-19,80.369789,8.361863,1725,-120,-20,,,,,7,34
0,27073,178,00:28.0,0,6930690,,,-100.7,-13,80.207563,7.444282,1725,-104.3,-15.3,,,,,8,15
1,20441,265,01:59.0,1,6311189,,,-97.8,-15.4,81.734035,7.670866,1725,-101,-16.9,,,,,7.5,10
1,20607,364,01:42.0,1,5235220,,,-98.5,-13.3,79.87522,6.868127,1725,-100.5,-16.8,,,,,5,3.5
2,24027,443,00:01.0,2,5231105,6002432,,-104,-16.8,81.680545,7.73233,1725,-103.5,-16.3,-108,-19,,,6.5,6
80,27622,204,00:20.0,80,5206365,,,-107.3,-12,79.90665,6.993112,525,-113.7,-19,,,,,8,4
21,23878,299,01:34.0,21,6366208,6366209,5571350,-109,-14.5,81.19519,8.58919,1725,-108,-15,-111,-16.5,-113,-19.5,,
11,23580,46,01:43.0,11,6036511,,,-98.4,-12.2,79.965516,7.186693,1725,-105.9,-18.9,,,,,8.7,11.8
1,20648,154,01:38.0,1,6770178,,,-107,-14,79.956583,7.159306,1725,-114,-20,,,,,,18
23,24046,83,01:54.0,23,6155779,6155778,6155798,-94.6,-12.7,79.843474,7.336498,1725,-96.8,-14.1,-99.2,-16.7,-101.8,-18.3,,1.5
21,23878,299,01:56.0,21,6361346,,,-97,-20,81.198178,8.581328,1725,-94,-14,,,,,,12
1,21763,250,01:03.0,1,5571330,6005248,,-96,-13,81.224639,8.582167,1725,-98,-12.5,-103,-17,,,8,3
0,20114,396,01:17.0,0,6154753,5142785,5149185,-90,-16.5,79.855156,6.901088,1725,-90,-17,-91,-18,-94,-20,,2
1,23157,109,00:02.0,1,5559552,,,-110.8,-15.2,80.9435,8.050542,1725,-115.8,-19.3,,,,,7.5,13.5
1,20607,364,01:32.0,1,6259201,5235220,,-114,-16,79.875574,6.866779,1725,-116,-17.5,-116,-18,,,,4
1,27073,179,01:22.0,1,5551616,5321216,5551618,-100,-13.5,80.212105,7.431191,1725,-101,-16,-105,-19.5,-107,-19.5,,
0,27073,178,01:16.0,0,5917184,6930690,,-105,-15,80.208415,7.455979,1725,-103,-13.5,-107,-17.5,,,,22
0,26983,24,01:20.0,0,5497344,5497364,5274132,-106,-17,79.866233,6.940334,1725,-107,-14.5,-108,-18,-110,-16.5,,3
0,21710,372,01:28.0,0,5557762,,,-107.3,-15.1,80.765806,9.215965,1725,-110.6,-17,,,,,10.5,15.6
1,25649,20,01:37.0,1,6566146,,,-88,-12.9,80.017181,7.053575,1725,-98.5,-18.8,,,,,,1
0,21710,372,00:14.0,0,6719766,,,-98.7,-14.8,80.772765,9.213987,1725,-101,-17,,,,,6,10.5
81,27073,248,01:46.0,81,5551697,5321296,,-106,-14,80.218801,7.423766,525,-108,-16.5,-108,-16.5,,,7,10
2,24183,41,00:47.0,2,6190849,6564610,6564609,-85.5,-15,80.012842,9.666093,1725,-89,-15.8,-89.5,-18.5,-90.5,-19.5,8,1
1,20608,289,00:01.0,1,5139468,,,-92,-12.5,79.866576,6.830553,1725,-91,-12,,,,,9,3
1,20507,62,01:07.0,1,7053312,,,-88,-8.5,79.867971,6.920008,1725,-96,-13,,,,,15,2
71,20136,196,00:32.0,71,5325639,,,-90,-10.9,80.369817,7.486297,400,-96.8,-16.3,,,,,,
30,20136,15,01:17.0,30,5552642,,,-97,-13,80.364018,7.48395,1725,-103,-15.5,,,,,6,11
30,20136,15,01:43.0,30,5552642,,,-91.4,-13.1,80.369912,7.483973,1725,-96.2,-16,,,,,8,11.3
83,27355,368,01:04.0,83,7002961,7006290,5316189,-110,-14,80.023913,9.719818,525,-110,-13.5,-113,-17,-115,-19.5,4,9
1,20339,370,01:29.0,1,5308427,,,-104,-14.3,79.889709,6.997291,1725,-108.6,-17.5,,,,,9.2,7.6
0,22612,421,00:21.0,0,6283265,,,-114,-13.3,80.551439,7.881848,1725,-120,-17.8,,,,,7,45.7
0,22612,421,00:41.0,0,6283265,,,-111.5,-12.5,80.54835,7.883145,1725,-122,-20,,,,,7.5,51
0,22612,421,00:57.0,0,5623554,,,-112,-12.8,80.550948,7.884433,1725,-119.5,-17.5,,,,,5.5,37
1,24178,374,01:55.0,1,6189568,,,-94,-10,80.027356,9.673022,1725,-95,-12.5,,,,,11,1
0,21955,417,00:42.0,0,5620481,,,-107.5,-15.3,80.383606,8.372699,1725,-111,-16.9,,,,,10,5.8
1,21955,418,01:28.0,1,5620482,,,-103,-14.7,80.369302,8.377634,1725,-108.3,-18.7,,,,,6,25.5
131,20417,448,00:56.0,,5226882,,,-106,-9.5,,,41090,-108,-15,,,,,12,2
80,24461,53,00:08.0,80,6049873,,,-101.8,-13.3,80.09458,7.140697,525,-105,-16.3,,,,,10,2.3
0,25688,376,00:55.0,0,5410836,,,-88,-11.5,80.137737,7.246797,1725,-96,-20,,,,,9,16
0,20536,60,00:23.0,0,5420288,5134338,5257217,-84,-18,79.845872,6.935468,1725,-89,-15,-90,-16.5,-91,-19,5,0
1,20774,435,01:23.0,1,5318144,5318146,,-106,-14,80.039782,9.668596,1725,-113,-19,-113,-19.5,,,8,6
3,20610,49,00:07.0,3,5205269,5184768,,-84,-15,79.86174,6.866873,1725,-86,-15.5,-90,-19.5,,,6,4
0,20536,60,01:03.0,0,5134337,,,-80,-11,79.845077,6.935977,1725,-85,-18,,,,,13,0
0,20536,60,00:18.0,0,5134338,6243840,5134337,-91,-12.5,79.845036,6.935269,1725,-93,-16,-96,-19.5,-99,-20,,
0,26018,124,00:32.0,0,6660609,,,-95.5,-12.5,80.416229,9.37852,1725,-98.5,-15,,,,,10,3.5
2,21703,24,01:38.0,2,5555971,,,-112.8,-15.9,80.590812,7.718253,1725,-115.8,-17.9,,,,,8.4,19.3
1,21703,63,01:41.0,1,5555970,,,-102.8,-12.6,80.586025,7.703352,1725,-111.5,-18.5,,,,,7.5,7.3
0,26456,235,00:27.0,0,6772738,6008332,,-106,-18.5,79.917891,7.362842,1725,-105,-16,-107,-17.5,,,8,10
20,24034,113,01:56.0,20,6152704,5425409,,-102,-16.5,79.857612,6.895609,1725,-101,-15,-103,-18,,,,1
0,25983,270,00:31.0,0,5227008,5875200,,-109,-14.5,80.590933,8.060845,1725,-113,-18.5,-118,-20,,,,
0,20004,315,00:18.0,0,6202143,6202114,,-89.7,-11.5,79.859987,6.911227,1725,-90.7,-13.8,-95.3,-17.2,,,11,1.5
1,24832,118,00:47.0,1,5232652,6357022,6108161,-108,-17,81.595309,7.794993,1725,-112,-18.5,-112,-19.5,-113,-19.5,5,7
92,27281,349,00:45.0,92,6900561,,,-110,-12,81.603556,7.780802,525,-116.5,-17,,,,,,
0,26456,235,00:57.0,0,5775638,5812736,6008321,-112,-16.5,79.932301,7.3495,1725,-115,-20,-116,-20,-116,-20,7,29
2,20422,175,00:56.0,2,5228035,5228055,,-105,-15.5,80.400508,8.323036,1725,-106,-16,-106,-16.5,,,,
2,20011,415,01:26.0,2,5122051,5142784,,-100,-12,79.857028,6.902515,1725,-107,-14,-107,-15,,,,
0,20661,441,01:03.0,0,5175326,6744833,,-117,-18.5,79.911666,7.003055,1725,-116,-17.5,-117,-17,,,,14
0,24649,213,01:52.0,0,6310147,6423552,,-113,-15,80.29004,8.043747,1725,-117,-19.5,-117,-20,,,,32
2,23902,62,01:58.0,2,5220383,6118913,5782273,-107,-14.5,81.209938,8.484945,1725,-110,-17.5,-110,-18,-111,-18,8,32
1,20648,154,00:04.0,1,6770178,5533452,5907201,-109,-16,79.96269,7.167218,1725,-115,-20,-122,-20,-123,-20,,17
2,21879,299,01:14.0,2,5601024,,,-105.7,-12.3,80.253717,8.199855,1725,-111.7,-17.7,,,,,8,14.8
2,26448,294,01:00.0,2,5889556,,,-108,-17,80.037743,9.752275,1725,-109,-17.5,,,,,6,8
3,21700,449,00:55.0,3,5555201,,,-93,-13.8,79.912302,8.980288,1725,-97.3,-18.2,,,,,7,5.5
82,27306,308,01:58.0,82,5874001,,,-111.9,-11.8,81.080494,8.052133,525,-117.2,-16.7,,,,,8.2,34.3
80,27309,378,01:28.0,80,6991185,,,-99.3,-12.3,81.163849,8.472848,525,-105,-17,,,,,9,5
83,27355,368,01:27.0,83,7006288,6430545,,-103.5,-12.8,80.038451,9.727614,525,-109,-18.3,-115,-20,,,6,24.5
0,26018,124,00:45.0,0,6660610,5545749,6192640,-110,-16.5,80.418686,9.385202,1725,-108,-13.5,-115,-19,-115,-18.5,9,11
1,20489,350,01:57.0,1,5592597,5243904,7051520,-83,-13,79.847684,6.91705,1725,-86,-16,-89,-18.5,-90,-19.5,,3
0,21494,426,00:07.0,0,5272576,,,-86,-11.5,79.863231,6.931812,1725,-94,-14,,,,,8,2
1,27073,179,00:13.0,1,5551616,5321216,,-97.7,-13.8,80.214122,7.432148,1725,-103.3,-18.2,-103.3,-18.3,,,5.7,13.3
1,25070,292,00:43.0,1,5330691,,,-105.4,-14.1,79.858676,7.431967,1725,-106,-15,,,,,,9.5
2,25810,149,00:02.0,2,6395138,,,-109,-12.5,81.035379,7.927151,1725,-118,-16,,,,,9,10
3,20600,297,00:48.0,3,5273600,5273601,,-97,-14.5,79.92993,6.895241,1725,-97,-14,-104,-20,,,,0
0,23878,297,00:11.0,0,6581763,,,-103,-14.5,81.199301,8.595095,1725,-105.5,-16.5,,,,,10.5,11
0,20004,315,00:25.0,0,5121026,,,-85,-11,79.859496,6.91006,1725,-88,-13.5,,,,,,1
21,22597,150,00:53.0,21,6296832,,,-107.3,-13.8,80.075875,7.04914,1725,-112.7,-13.8,,,,,4,19.5
0,20004,315,00:33.0,0,5121045,6345475,,-111,-12,79.861984,6.910241,1725,-118,-19,-118,-19,,,,
0,20004,315,00:23.0,0,5121045,,,-113,-11.5,79.862219,6.909845,1725,-120,-18.5,,,,,,4
21,21686,349,00:20.0,21,5551627,,,-88,-13,80.216183,7.430473,1725,-95,-18,,,,,,5
20,21674,374,00:29.0,20,5321217,,,-112.7,-15.7,80.214077,7.40666,1725,-118.3,-18.3,,,,,5,17
2,20422,175,01:44.0,2,5228055,5228035,,-90,-14.6,80.404558,8.323665,1725,-92.3,-15.8,-94,-17.8,,,9.5,2.7
20,21674,374,00:49.0,20,5321217,5548554,,-110,-15.5,80.206983,7.404129,1725,-111,-14,-117,-19.5,,,7,30
30,20136,15,00:29.0,30,5551362,5552642,,-102,-12.5,80.365956,7.47744,1725,-103,-15,-105,-17.5,,,,12
1,20744,68,00:30.0,1,5310467,5310486,5310466,-81,-12,80.019159,9.710522,1725,-88,-19,-90,-20,-90,-20,,
1,21667,381,01:03.0,1,5282048,6337536,6915841,-103,-15.5,79.985801,7.298056,1725,-109,-19.5,-109,-20,-113,-20,5,47
80,27329,15,00:13.0,80,6649425,,,-102,-13.5,80.954409,8.032491,525,-108,-19,,,,,,57
0,20475,369,00:42.0,0,5504789,5504770,,-101,-9,79.864539,6.950303,1725,-111,-19,-115,-20,,,14,0
0,20475,369,01:37.0,0,5241601,5241602,,-92,-10,79.863819,6.950431,1725,-100,-20,-100,-19.5,,,,
2,20648,145,01:16.0,2,5298453,5298443,5411594,-108,-17,79.941533,7.175516,1725,-110,-17,-110,-18,-114,-20,,
21,21686,349,01:30.0,21,6930689,5321216,,-102.7,-14.7,80.217264,7.427496,1725,-105.7,-16.7,-109.7,-19.3,,,5.7,4.7
0,24034,210,00:52.0,0,5122818,,,-90,-9,79.857942,6.895802,1725,-100,-16.5,,,,,,
1,21955,418,00:13.0,1,5604630,,,-110.8,-15.9,80.359074,8.374675,1725,-118,-19.6,,,,,9,28.7
20,21460,134,00:51.0,20,6903552,5228290,,-106.5,-17.3,81.525512,7.90796,1725,-103.5,-14,-106.5,-16,,,3.5,11
11,24235,19,00:53.0,11,5218826,5218836,5562902,-107,-15,79.836987,8.028444,1725,-109,-16.5,-110,-17.5,-111,-19,9,19
2,21649,257,01:01.0,2,5542145,,,-91.3,-13.8,80.238656,9.824599,1725,-96,-17.1,,,,,8.4,4.5
0,21611,148,01:27.0,0,5533442,6770178,,-108,-16,79.977369,7.154733,1725,-106,-15,-108,-16,,,,
2,21703,24,00:50.0,2,4294967295,5555971,5390870,-111,-19.5,80.590024,7.775403,1725,-109,-15.5,-113,-19,-113,-20,7,105
0,24659,31,00:01.0,0,6312705,,,-99.8,-12.6,80.095854,7.107553,1725,-102.8,-14.3,,,,,13,20
2,20011,415,00:58.0,2,5522176,5122070,5122849,-105,-15.5,79.8569,6.902062,1725,-105,-18.5,-109,-20,-110,-20,,
2,24027,443,01:48.0,2,6002432,,,-102.7,-15.2,81.683037,7.731497,1725,-106.8,-18.2,,,,,9.7,4.9
11,23580,46,00:12.0,11,6036501,5533440,5300737,-109,-18.3,79.967095,7.186743,1725,-108.5,-16.3,-109.5,-16.8,-110.5,-19,5,14
3,20600,297,01:01.0,3,5273602,,,-102,-10.5,79.928711,6.896004,1725,-109,-17.8,,,,,9,3
1,27073,179,00:35.0,1,5551616,5551618,5321216,-99,-12.5,80.213836,7.432242,1725,-102,-15.5,-107,-19.5,-108,-20,6,13
0,21710,372,01:01.0,0,5557762,6476546,5556995,-111,-17,80.759729,9.221434,1725,-111,-17,-112,-19,-114,-20,10,19
2,25649,18,00:52.0,2,5771010,,,-113,-15.5,80.016792,7.066375,1725,-116,-19,,,,,,
81,27073,248,01:59.0,81,5321296,5321297,,-104,-13,80.210415,7.430568,525,-108,-16,-112,-20,,,,
0,20559,114,01:25.0,0,5236480,6212118,5304834,-109.5,-13.5,79.875172,6.977485,1725,-112.5,-17,-115.5,-19.5,-116,-19.5,5.5,3
2,24183,41,01:32.0,2,6167297,6190849,,-78,-17.5,80.011838,9.665827,1725,-80,-14.5,-82,-20,,,9,3
80,24461,53,01:23.0,80,6049873,6049883,,-105,-11.5,80.093226,7.138409,525,-110,-16.5,-111,-17,,,7,4
0,21443,31,00:24.0,0,5155586,,,-102.3,-13.2,81.680632,7.300273,1725,-106,-15,,,,,7.5,11
1,20441,265,01:55.0,1,5766412,5232898,,-91,-9,81.739291,7.670776,1725,-102,-20,-103,-20,,,12,4
0,22612,421,01:25.0,0,6283265,5623554,,-117,-15.5,80.549411,7.865469,1725,-117,-15,-118,-16.5,,,,41
1,20507,62,01:57.0,1,5249792,,,-86,-9.5,79.866743,6.920046,1725,-93,-15,,,,,11,1
1,23098,416,01:22.0,1,5216788,,,-109,-15,80.674155,7.884257,1725,-113,-20,,,,,,25
0,26018,124,00:10.0,0,5213717,6019074,,-112,-18,80.421849,9.38734,1725,-116,-20,-117,-20,,,7,17
0,25119,118,00:00.0,0,5541378,6430467,5194242,-108,-15,80.028568,9.74207,1725,-109,-14.5,-110,-14,-115,-17.5,10,5
40,21955,436,01:35.0,40,5492010,5197098,,-114,-14,80.396453,8.357407,3650,-118,-17.5,-120,-20,,,7,31
0,21955,417,01:34.0,0,5885954,5491971,,-115,-17,80.39371,8.361832,1725,-119,-19.5,-119,-17,,,9,24
0,21710,372,00:53.0,0,5557762,,,-101,-14.2,80.7714,9.2127,1725,-105.4,-16.4,,,,,11.6,10.8
1,26991,286,00:51.0,1,7127810,5254933,7127808,-95,-12,79.900763,6.939633,1725,-97,-14.5,-99,-15,-102,-19,4,3
0,25688,376,00:39.0,0,5286156,6576130,,-82,-11,80.129947,7.250078,1725,-88,-17,-89,-17.5,,,9,2
2,27068,77,01:18.0,2,6783488,,,-98.3,-13.5,80.389199,7.473627,1725,-102.8,-17.6,,,,,8.5,7
1,20772,229,00:56.0,1,5317632,6190592,5312513,-97,-16.5,80.0279,9.665557,1725,-97,-14.5,-99,-18,-101,-20,8,5
0,20114,396,01:20.0,0,5122818,,,-99.7,-11.3,79.855944,6.900302,1725,-105.3,-16.8,,,,,9,13
1,26389,35,01:49.0,1,6755586,,,-108,-17.5,80.432232,7.446604,1725,-109,-18.5,,,,,5,12
1,20723,168,00:07.0,1,6429184,,,-88,-12.7,79.841937,7.211226,1725,-92.7,-15.3,,,,,10,1
22,20536,340,01:51.0,22,5509633,,,-80,-11.5,79.844634,6.934946,1725,-82,-10.5,,,,,9,0
0,20536,60,00:59.0,0,5134338,5134337,6243840,-78.3,-12.5,79.845044,6.935583,1725,-78,-15.3,-84,-19.7,-85,-20,7,0
0,20536,60,01:45.0,0,5134338,,,-82,-13.5,79.845255,6.935519,1725,-89,-18.5,,,,,,0
0,20536,60,01:30.0,0,5134337,5134338,,-88,-12,79.845104,6.935366,1725,-90,-12.5,-91,-13.5,,,,
22,20536,340,00:33.0,22,5257218,,,-74.5,-11.9,79.844809,6.934843,1725,-82.5,-17.8,,,,,9,0.5
1,21577,151,01:23.0,1,5523714,6049813,6049793,-90,-12,80.095792,7.14493,1725,-93,-15.5,-97,-18.5,-97,-19,,4
0,26018,124,01:19.0,0,6660609,,,-88,-11.5,80.415697,9.378345,1725,-95,-19,,,,,9,1
132,24235,282,01:25.0,,5218947,,,-100,-13.3,79.837795,8.024619,41090,-102.8,-15.3,,,,,6,12.8
0,21460,133,01:34.0,0,5493762,6507265,,-97,-12,81.522941,7.906955,1725,-101,-16.5,-103,-18.5,,,6,11
1,20339,370,01:55.0,1,5539841,5185056,,-107,-19,79.890821,6.99153,1725,-104,-16.5,-104,-16.5,,,6,7
3,25084,117,00:25.0,3,6421504,,,-81.7,-11.8,79.87981,6.850681,1725,-84.7,-15,,,,,8,1.5
30,20648,153,00:58.0,30,5411594,,,-111,-15,79.966308,7.169147,1725,-124,-20,,,,,7,16
1,21703,63,01:34.0,1,5555970,,,-108.2,-12.3,80.58659,7.703897,1725,-116,-19.4,,,,,10,8.3
1,24183,40,01:49.0,1,6190848,,,-97,-12.7,80.013676,9.66421,1725,-102.3,-7.3,,,,,7,1.5
1,21650,115,01:46.0,1,6766337,5309698,5927680,-89.5,-13.8,80.19988,9.799752,1725,-97,-18.8,-98,-19.5,-99.5,-20,11,2
1,24791,130,00:32.0,1,5488416,,,-113.5,-15.8,81.624861,7.386231,1725,-115,-16,,,,,6,27.5
92,27281,349,01:46.0,92,6900561,,,-107,-11.8,81.604564,7.782002,525,-115,-19.4,,,,,10,5
0,20345,90,00:15.0,0,5208322,5208352,5300234,-107.5,-15.8,79.925265,7.029866,1725,-107,-15.5,-108,-16.8,-109,-17.3,,4
2,24027,443,01:00.0,2,5231105,5820427,,-108,-16,81.683078,7.733498,1725,-110,-18,-111,-18.5,,,,8
2,22585,320,00:17.0,2,5781770,5781760,5781790,-96,-15.5,79.836806,7.585321,1725,-105,-20,-106,-18,-111,-20,,
80,27622,204,01:03.0,80,7071315,,,-109,-12.3,79.906109,6.988867,525,-114,-16.2,,,,,,
80,27622,204,00:37.0,80,7071315,,,-97,-11.3,79.906439,6.988758,525,-103.5,-16.8,,,,,8.5,4.7
131,20417,448,01:30.0,,6896515,5223554,5780098,-104,-14.5,81.856811,7.229179,41090,-106,-16.5,-108,-17.5,-109,-17.5,4,15
21,20297,66,01:36.0,21,6433026,5410059,,-89,-12.2,79.885764,7.172563,1725,-93.7,-17.2,-95.3,-18.7,,,,
82,20070,147,00:45.0,82,4294967295,5134418,6348370,-94,-14,79.84349,6.938039,525,-97,-17,-98,-16,-103,-20,,
1,23430,289,00:07.0,1,5213718,5545728,,-108,-13.5,80.40524,9.391651,1725,-108,-15.5,-111,-17.8,,,6,3
2,25644,321,01:39.0,2,6190593,,,-95.8,-13.1,80.026276,9.657024,1725,-98.3,-14.8,,,,,12.5,5.8
1,21955,418,01:07.0,1,5620482,5604630,,-110,-15,80.364685,8.37346,1725,-117,-20,-118,-20,,,,
80,27309,378,00:56.0,80,6939217,,,-109.8,-14.5,81.171705,8.471484,525,-114,-18.9,,,,,5.8,11.3
1,21611,149,01:13.0,1,5770497,6770177,,-108.5,-17,79.980217,7.13122,1725,-108,-14.8,-114.5,-20,,,8,21
1,20507,62,01:44.0,1,7053312,5884418,,-86,-10,79.867558,6.920256,1725,-92,-15,-95,-17,,,,1
2,24235,120,01:05.0,2,6380574,6204161,,-106,-16,79.846747,8.031853,1725,-106,-17,-109,-18.5,,,,8
11,24235,19,00:58.0,11,6046467,5564172,,-107,-16,79.830672,8.027671,1725,-106,-16,-108,-15.5,,,6,108
0,26018,124,00:56.0,0,5213717,5319681,6475265,-112,-17.5,80.423777,9.388819,1725,-116,-18.5,-118,-18.5,-118,-19.5,6,16
0,26018,124,01:17.0,0,6019074,6019075,6475265,-108,-15,80.422309,9.388093,1725,-113,-16.5,-115,-18.5,-116,-20,9,16
3,23519,414,00:38.0,3,6930432,6020866,,-108.8,-14.5,80.418689,7.913484,1725,-110.3,-13.6,-112,-16.8,,,7,15
1,20810,247,00:15.0,1,5548288,5327362,4294967295,-108,-18.5,80.346324,7.501442,1725,-108,-18.5,-111,-18.5,-112,-20,6,7
3,23519,414,01:28.0,3,6607616,6930432,6524160,-113,-16.5,80.411371,7.910424,1725,-115,-18,-117,-20,-120,-20,6,25
0,25688,376,01:06.0,0,5527328,5527299,,-95,-11.8,80.128197,7.246727,1725,-98.5,-16,-99.5,-16.8,,,6,3
2,20427,395,01:01.0,2,5493760,,,-102.5,-13,81.523044,7.9087,1725,-108.3,-18.4,,,,,5.7,5.7
2,25810,149,01:18.0,2,6607381,6395138,,-109,-14,81.037478,7.92598,1725,-112,-16,-115,-19,,,,
2,24183,41,00:58.0,2,6190849,6564610,,-85.4,-15.5,80.014033,9.665602,1725,-86.4,-15.9,-88,-18.5,,,,
1,21667,381,01:32.0,1,5282048,,,-107.2,-12.7,79.972434,7.304283,1725,-115,-19.6,,,,,,22.5
0,23878,297,00:31.0,0,6581763,,,-108,-13,81.198061,8.596124,1725,-113.5,-16,,,,,8,11.5
30,20350,264,01:19.0,30,6224384,,,-104,-17.5,79.921978,7.053322,1725,-104,-18,,,,,,19
23,24046,83,00:18.0,23,6155776,5331968,,-98,-12,79.848512,7.345911,1725,-101,-15,-105,-19.5,,,,
1,21667,381,01:10.0,1,5812737,5825538,5825707,-112,-19,79.96269,7.316012,1725,-112,-19,-112,-19.5,-113,-16.5,,
2,24027,443,00:34.0,2,5820427,6114816,5231105,-108,-18,81.684305,7.73505,1725,-112,-18,-112,-18.5,-112,-18.5,5,8
2,20064,194,00:46.0,2,5189389,5136384,4294967295,-86,-13,79.849708,6.922749,1725,-91,-17,-92,-17,-94,-20,8,4
1,20117,382,00:58.0,1,6206978,5496320,5914881,-93,-12.5,79.858792,6.921309,1725,-94,-13,-99,-18.5,-100,-18.5,,2
71,20136,196,01:59.0,71,5325639,,,-87.5,-11,80.367589,7.490361,400,-93.3,-15.9,,,,,9,11.5
0,20499,196,01:43.0,0,5519618,5247765,,-64,-12,79.851882,6.938056,1725,-68,-17,-71,-19.5,,,,0
3,20600,297,00:21.0,3,5273602,5259008,,-106.7,-14.7,79.92862,6.895732,1725,-107.3,-15.2,-109.7,-17.5,,,,3
1,24027,442,01:15.0,1,6150912,,,-101.4,-15.9,81.687827,7.729303,1725,-104.5,-18.8,,,,,8.5,4.3
1,20117,382,01:52.0,1,6206978,5496320,,-96,-12.5,79.859566,6.920633,1725,-95,-10.5,-99,-15,,,7,2
1,25649,20,01:02.0,1,6566146,,,-92.5,-15.5,80.016585,7.054573,1725,-98.5,-19.3,,,,,11.5,2
1,20737,324,01:44.0,1,5533698,5768450,6485248,-109,-13,79.878093,7.217758,1725,-112,-18,-114,-19,-115,-19,8,16
0,20004,315,01:38.0,0,5580032,,,-94,-13,79.859869,6.910648,1725,-96,-14.5,,,,,7,16
1,21756,262,00:51.0,1,6934272,6043138,5563661,-112,-18,79.883954,7.35561,1725,-111,-16,-111,-17.5,-114,-19,3,21
2,22585,320,01:19.0,2,6662913,,,-113,-15.5,79.827424,7.584163,1725,-114,-18,,,,,8,13
20,24034,113,00:47.0,20,6152704,5121795,5121281,-90,-13.5,79.857446,6.895795,1725,-92,-14,-96,-17.5,-96,-18.5,6,2
2,23902,62,00:53.0,2,5782273,,,-109,-15,81.195532,8.496107,1725,-116,-19.5,,,,,8,20.5
22,20767,409,01:24.0,22,5154324,,,-105,-11.5,80.038097,9.682167,1725,-110,-15.5,,,,,,8
1,20153,79,00:38.0,1,6046977,,,-98.6,-11.4,80.001451,9.714182,1725,-107.1,-18.1,,,,,7,29
1,20153,79,00:59.0,1,6046976,,,-97.3,-12.2,79.998424,9.717995,1725,-103.7,-16.5,,,,,7.5,6
1,22587,202,00:44.0,1,5782274,,,-91,-13,81.178373,8.503201,1725,-93,-12,,,,,11,2.5
3,20779,252,00:10.0,3,6018817,4294967295,5319168,-112,-15,80.399472,7.321244,1725,-118,-20,-118,-20,-119,-20,7,56
11,20648,144,00:17.0,11,5411614,,,-105.3,-14.3,79.950752,7.166419,1725,-109.3,-18.7,,,,,6,22
1,24027,442,00:01.0,1,5229570,,,-90.3,-17,81.684901,7.728338,1725,-93,-17,,,,,7,2.5
92,27281,349,01:10.0,92,6984540,,,-105.3,-11.1,81.604601,7.780328,525,-114.5,-19.7,,,,,8.5,8.4
3,22705,33,01:13.0,3,5812482,6700288,,-114,-17,80.021611,7.411822,1725,-114,-16.5,-116,-18,,,6,20
2,20427,395,01:16.0,2,5493760,5493762,,-103,-15,81.522629,7.909492,1725,-106,-16.5,-110,-20,,,,9
11,23580,46,00:50.0,11,5285908,,,-106,-13.3,79.965233,7.184956,1725,-111,-18.3,,,,,,
11,23580,46,01:02.0,11,5285908,,,-104.6,-13.2,79.966183,7.185326,1725,-109.6,-18.2,,,,,7,13
1,20648,154,01:14.0,1,6770178,5533462,,-108,-15,79.96085,7.162665,1725,-110,-17.5,-112,-19,,,,18
1,21667,381,01:08.0,1,5282048,6915840,,-112.5,-15.8,79.975744,7.30051,1725,-111,-15.8,-113,-18.5,,,,26.5
1,20792,277,01:34.0,1,5322762,,,-103.3,-13.2,80.453914,7.440489,1725,-106.3,-15.6,,,,,8,15
80,27461,337,01:40.0,80,6171986,,,-102.7,-12.7,80.446218,7.432328,525,-103.3,-14,,,,,8,3
11,23580,46,00:42.0,11,5533440,6036501,6242562,-105,-16.5,79.970411,7.182993,1725,-107,-17,-107,-17.5,-110,-19.5,,14
2,21703,24,01:23.0,2,5555971,,,-113.7,-16.9,80.593096,7.72656,1725,-115.3,-17.6,,,,,7.2,28.4
21,21686,349,00:46.0,21,6930689,,,-97.4,-13.9,80.213211,7.426831,1725,-101.8,-17,,,,,8,7
1,23157,109,00:47.0,1,6373379,6648833,5559552,-107,-15,80.947843,8.049747,1725,-112,-20,-115,-20,-116,-20,,
80,27329,15,01:07.0,80,6281552,,,-113,-13,80.934461,8.006136,525,-116.7,-16.7,,,,,7,19
0,20114,396,00:16.0,0,6154753,5142785,,-89,-15,79.855156,6.901088,1725,-90,-16.5,-91,-17.5,,,,2
30,20648,153,00:42.0,30,5285898,5285899,,-105,-16,79.958748,7.171974,1725,-105,-15,-113,-20,,,,4
2,22741,348,00:07.0,2,5141506,,,-86,-17,79.857553,6.94058,1725,-90,-20,,,,,2,32
3,23009,333,00:42.0,3,5890336,,,-99.5,-13.5,80.367947,7.662455,1725,-106,-19,,,,,9.5,8.5
0,20499,196,00:56.0,0,5247745,,,-81.8,-12.5,79.852261,6.937586,1725,-88,-18,,,,,7.5,3.8
2,25649,18,00:10.0,2,5288469,6918145,6510593,-106,-12.5,80.017909,7.058077,1725,-110,-15.5,-115,-20,-115,-20,10,7
1,25649,20,00:10.0,1,6566146,,,-91.8,-13.4,80.012211,7.05741,1725,-97,-17.6,,,,,11.5,1
0,23861,45,00:25.0,0,5774595,,,-103.7,-14.3,80.428098,7.524835,1725,-108.2,-17.8,,,,,10,10.3
1,23098,416,01:31.0,1,5216788,5216778,,-91,-15,80.656896,7.890821,1725,-96,-20,-97,-20,,,10,24
0,22612,421,00:22.0,0,5623554,,,-110.6,-14.2,80.556454,7.900442,1725,-113.5,-16.5,,,,,5.5,50.3
82,27379,83,00:57.0,82,5894767,,,-108,-12.5,80.271503,7.821056,525,-114.3,-17,,,,,10,13
0,22612,421,00:35.0,0,5788673,,,-113,-14,80.53185,7.882142,1725,-116.5,-17,,,,,6,36.5
2,25203,261,00:57.0,2,5814039,5814029,5548554,-113,-17.5,80.217953,7.383557,1725,-114,-15.5,-116,-18,-127,-20,,37
0,26991,285,00:55.0,0,7127810,,,-90.3,-11.7,79.899545,6.941521,1725,-95.3,-16.7,,,,,6,1.3
83,27355,368,01:24.0,83,5313616,6430545,,-110.5,-12.8,80.033531,9.724819,525,-116,-17,-117.5,-17.8,,,8,17.5
22,20673,367,01:38.0,22,5984771,6024449,5292289,-110,-15,80.117823,6.973654,1725,-112,-13.5,-116,-18.5,-117,-19,9,9
2,23065,158,00:53.0,2,5791232,,,-114.8,-16.3,80.240645,8.237157,1725,-116.8,-18.3,,,,,6,34
0,20661,441,00:00.0,0,5302548,5175326,6744833,-118,-17,79.909638,7.005408,1725,-118,-16.5,-119,-17.5,-120,-18.5,7,13
0,20536,60,01:25.0,0,5257218,5257217,5257238,-84,-12.5,79.845424,6.935631,1725,-89,-16,-89,-15.5,-91,-20,9,0
22,20536,340,00:54.0,22,5509633,5138688,,-83,-12.5,79.84462,6.934941,1725,-84,-10.5,-88,-16.5,,,,
2,24329,337,00:15.0,2,5120769,5122819,6224129,-100,-14,79.854658,6.903716,1725,-106,-18,-106,-20,-107,-20,11,4
0,20559,114,01:02.0,0,5263136,,,-107.6,-13,79.874166,6.977205,1725,-112.6,-17.2,,,,,7,1.5
2,24235,120,01:00.0,2,6380555,,,-104.8,-14.4,79.846233,8.032016,1725,-107.8,-18.3,,,,,12.5,14.3
0,21460,133,01:18.0,0,5493762,5229314,,-108,-15.8,81.522119,7.905363,1725,-110,-17.3,-112.5,-18.3,,,6.5,8
20,21460,134,00:33.0,20,6903554,,,-98.3,-11.7,81.522642,7.902247,1725,-102,-15.3,,,,,6.3,7
82,21700,446,00:00.0,82,5555281,5327954,,-90,-12,79.913227,8.983017,525,-96.5,-17.8,-99.5,-20,,,7,3.5
0,24461,51,01:52.0,0,5523713,,,-82.7,-10.2,80.094399,7.140337,1725,-91.3,-18.7,,,,,11,2
1,25709,439,00:39.0,1,7177728,5224961,,-108.5,-15.1,81.838701,7.408652,1725,-110.5,-17,-114.8,-19.3,,,6.5,7
2,20212,440,00:41.0,2,4294967295,,,-107,-13.5,79.873072,6.877988,1725,-114,-18.5,,,,,8,3
2,20212,440,01:17.0,2,4294967295,,,-105,-14,79.873072,6.877988,1725,-108,-14.5,,,,,11,3
2,26650,296,01:11.0,2,5284884,5330433,6822401,-96,-19.5,79.872008,7.268584,1725,-94,-14.5,-97,-18,-99,-19.5,6,3
80,27107,89,00:05.0,80,5334894,,,-104,-12.3,81.274972,8.446621,525,-109.2,-16,,,,,8.5,14
2,24045,146,00:49.0,2,6600960,,,-97,-14.2,81.490071,7.943172,1725,-103.2,-19.2,,,,,10.8,17.4
0,20623,345,01:47.0,0,5234944,,,-88,-8.5,79.861702,6.947833,1725,-94,-14.5,,,,,13,1
1,21193,169,01:54.0,1,6152704,,,-72.7,-10.3,79.856368,6.895805,1725,-81.7,-17.2,,,,,7.3,0.3
0,20180,309,01:48.0,0,5886742,5136150,5200130,-102,-18,79.866286,6.856012,1725,-101,-15,-103,-17.5,-103,-18,,5
1,23900,337,01:50.0,1,5335307,5335062,,-95,-17,81.207777,8.585649,1725,-96,-20,-98,-20,,,4,4
20,20193,328,00:23.0,20,5538818,,,-101.5,-12.6,79.889003,7.071367,1725,-106.8,-18.4,,,,,9,8.3
0,22689,309,00:34.0,0,5323777,,,-104,-12,80.365321,7.475112,1725,-111,-17.5,,,,,7,13
2,21456,189,01:25.0,2,5904897,5904898,6565378,-115,-18,81.674036,7.586824,1725,-111,-15.5,-111,-16,-114,-18.5,,51
2,21456,189,01:03.0,2,5492736,,,-110,-14.5,81.688993,7.6099,1725,-115.3,-19.7,,,,,5,35.3
0,25766,114,01:38.0,0,5545474,5545473,,-111,-15.5,80.569276,9.357403,1725,-115,-18.5,-118,-20,,,,28
10,20425,341,00:16.0,10,5228800,,,-83,-11.5,81.60981,7.78247,1725,-106,-20,,,,,10,8
0,20126,193,01:45.0,0,5257216,5134338,5143297,-88,-16.5,79.844419,6.935985,1725,-85,-14,-91,-16,-92,-20,,1
10,23079,269,00:02.0,10,5623552,5901579,,-114,-14.5,80.523555,7.962415,1725,-119,-15.5,-124,-20,,,6,48
1,24604,65,00:02.0,1,5996034,,,-116,-15.4,80.671776,8.274358,1725,-119.5,-17.9,,,,,7,42
80,26618,6,00:11.0,80,5194322,,,-115,-17.5,80.022202,9.749449,525,-115,-17,,,,,,
22,21115,127,00:56.0,22,5197076,,,-91.6,-12.3,80.409498,8.334968,1725,-96.6,-17.8,,,,,9,3.7
2,23694,223,00:58.0,2,5301762,6065686,,-110,-18.5,79.963578,6.999251,1725,-110,-18.5,-111,-19,,,12,11
2,23694,223,01:20.0,2,6065686,5882114,,-96.5,-13.8,79.963609,6.999309,1725,-99.5,-14,-102.5,-14.8,,,5,11
91,27394,230,00:39.0,91,6050128,,,-108.8,-12.8,79.736347,8.041545,525,-113.8,-16.9,,,,,7,19
1,24604,65,00:57.0,1,5996034,6298624,,-112,-15.5,80.665195,8.281466,1725,-115,-19,-117,-20,,,,
11,20015,123,00:08.0,11,5123871,5277974,,-67,-14.5,79.851895,6.909755,1725,-68,-14,-75,-16,,,5,2
2,23113,208,00:15.0,2,5318925,6046988,,-108,-13,79.986117,9.727383,1725,-109,-14.5,-114,-19,,,,22
3,21700,449,01:58.0,3,5327894,5555201,5215232,-89,-14,79.912474,8.978819,1725,-91,-16,-94,-16.5,-94,-19,7,8
0,25629,116,01:04.0,0,5901825,5794049,,-111,-14,80.336899,8.174581,1725,-116,-19.5,-116,-19.5,,,5,38
0,25629,116,01:27.0,0,6561025,,,-98.9,-13.3,80.314815,8.169593,1725,-100,-14,,,,,8.1,3.7
220,20056,73,01:37.0,,5242569,,,-98.5,-11.2,79.844214,6.930788,39146,-106.8,-17.7,,,,,11.8,3.3
1,20056,15,00:03.0,1,5821698,4294967295,,-109,-20,79.842221,6.935254,1725,-111,-20,-112,-20,,,4,13
0,24227,98,00:38.0,0,5124096,,,-73,-10,79.8592,6.915576,1725,-81,-15.5,,,,,,
2,20003,184,01:28.0,2,6154753,,,-81,-14.5,79.85346,6.901871,1725,-88,-17.5,,,,,8,3
0,21705,313,00:01.0,0,6180096,,,-92,-10.3,80.652066,7.873331,1725,-95.5,-12.8,,,,,8,3
1,21193,169,00:10.0,1,6152724,5122050,5121795,-97,-14,79.856848,6.896038,1725,-99,-16,-100,-15.5,-102,-19,,1
2,24227,96,01:07.0,2,5124097,,,-81.3,-9,79.858269,6.913603,1725,-87.5,-14.8,,,,,7.5,1.3
0,20253,280,01:08.0,0,5139713,5139728,,-105,-13,79.863029,6.872408,1725,-109,-15.5,-109,-17.5,,,4,6
0,23882,408,00:01.0,0,5820426,,,-106,-12.6,81.700402,7.729096,1725,-111.1,-17.2,,,,,8.2,5.7
12,20419,290,01:52.0,12,5227267,,,-105.9,-14.1,80.295677,8.155942,1725,-109.4,-16.5,,,,,7.5,8.8
0,21653,426,00:10.0,0,5541633,,,-83,-16,80.009237,9.672521,1725,-87,-19,,,,,9,2
21,21115,400,01:33.0,21,6898945,,,-108,-13,80.40319,8.334028,1725,-112,-17.5,,,,,,11
1,24604,65,01:46.0,1,4294967295,5996034,,-95,-14,80.646428,8.27364,1725,-108,-19.5,-111,-20,,,,
1,23105,293,01:53.0,1,5132565,,,-87.9,-12.9,79.854231,6.921881,1725,-91.6,-14.4,,,,,10.3,1.7
11,20424,126,00:55.0,11,6130689,,,-108.8,-13.3,81.5539,7.904265,1725,-114,-17.9,,,,,6,17
2,24586,446,01:16.0,2,6127104,6127106,5766914,-119,-20,81.538333,7.925306,1725,-113,-17,-114,-18,-114,-18.5,3,46
2,20424,128,00:39.0,2,5228547,,,-102.5,-12.1,81.557407,7.9232,1725,-106.3,-15.8,,,,,9.7,14.6
3,25629,346,00:05.0,3,5227264,,,-108,-13,80.308388,8.174353,1725,-114,-19,,,,,6,103
3,25629,346,00:27.0,3,5809686,5227264,,-109,-12,80.308391,8.174175,1725,-115,-18,-115,-19.5,,,8,103
1,25629,115,00:19.0,1,5227265,,,-112.7,-13.9,80.315009,8.156483,1725,-116.1,-16.9,,,,,5,24.4
0,25629,116,01:55.0,0,5901825,,,-109.7,-13.7,80.325898,8.177423,1725,-113.3,-16,,,,,7,23
0,21657,93,00:49.0,0,5318145,5317889,5318144,-113,-19,80.049291,9.665401,1725,-113,-19,-114,-19.5,-117,-20,,12
1,20212,439,01:45.0,1,5505794,5164045,,-89,-14.3,79.877232,6.877522,1725,-95.5,-19,-96,-18.8,,,10,3.5
12,20300,259,01:10.0,12,5222914,,,-110,-13,81.822139,7.420477,1725,-118,-18,,,,,8,9
3,24157,57,01:02.0,3,7170326,6184214,5295380,-86,-17,79.847859,7.210646,1725,-93,-20,-93,-20,-93,-20,,
0,20530,27,00:49.0,0,5255681,5178624,,-112,-12,79.86662,6.882285,1725,-116,-18,-117,-18.5,,,,3
10,20303,212,00:32.0,10,5232396,6124032,5231892,-108,-17,81.730777,7.68668,1725,-109,-15.5,-113,-19.5,-114,-18.5,5,11
12,20649,131,01:23.0,12,5410836,5286166,,-109.3,-16,80.126103,7.272822,1725,-110.7,-17.2,-112,-18.3,,,4,29
91,27394,230,00:15.0,91,6050128,,,-110.7,-13,79.738053,8.045783,525,-114,-15.8,,,,,7.7,18
2,27115,276,01:47.0,2,5493781,5228309,,-111,-15,81.520116,7.894607,1725,-114,-17.5,-116,-20,,,,14
1,23925,386,01:30.0,1,6124802,,,-99.8,-13.1,81.337783,7.551243,1725,-104.7,-17.7,,,,,8.3,11.3
12,20687,269,01:39.0,12,6253333,5207553,5295894,-112,-19,79.956614,6.989736,1725,-110,-15.5,-113,-16.5,-114,-16.5,4,16
2,20858,177,00:53.0,2,5339649,,,-92.7,-12.7,80.499403,8.761508,1725,-97.4,-16,,,,,11.3,1.6
2,22585,320,00:16.0,2,5561857,6120715,6120704,-114,-16.5,79.822656,7.581595,1725,-118,-19,-118,-19,-120,-20,7,22
10,20386,294,00:16.0,10,6204171,5562902,,-100.5,-11.8,79.841948,8.025482,1725,-107,-16,-109,-19.3,,,7,13.5
0,21654,15,01:52.0,0,5309186,,,-107,-15,80.165297,9.665929,1725,-110.8,-17.3,,,,,7.8,11
0,23550,52,01:51.0,0,6028803,,,-104,-12.5,80.554557,7.75354,1725,-108,-17,,,,,,18.5
2,25075,58,01:39.0,2,6044160,,,-114,-13.3,79.858372,7.670759,1725,-119,-17,,,,,4,30
0,23225,115,00:18.0,0,6002433,6114817,5231106,-103,-18,81.631864,7.715263,1725,-101,-17.5,-101,-18,-102,-19,6,11
0,23550,52,01:50.0,0,6765825,,,-101.5,-14.5,80.559387,7.757017,1725,-107.5,-18.3,,,,,5,29
0,21893,256,01:38.0,0,5490945,4294967295,,-113,-16.3,80.392605,8.336227,1725,-117,-19.8,-120.5,-20,,,9,27
0,21657,93,01:57.0,0,5316353,,,-112,-20,80.057767,9.689321,1725,-117,-20,,,,,5,33
11,20015,123,01:37.0,11,5123871,5123842,,-81,-12.5,79.85152,6.911443,1725,-85.2,-17.1,-87.4,-18.5,,,7.3,0.5
2,23113,208,00:06.0,2,5318925,5318914,,-108,-14,79.981574,9.735909,1725,-110,-18,-114,-20,,,9,12
32,20104,200,01:26.0,32,5144843,5586435,5504513,-112,-15.5,79.877507,6.899804,1725,-114,-16.5,-115,-16.5,-117,-18,,8
32,20104,200,01:42.0,32,5146625,,,-92,-13,79.880986,6.900181,1725,-99,-15.5,,,,,,
0,21705,313,00:10.0,0,5216769,5556501,,-94,-12.5,80.650312,7.873056,1725,-96,-15,-99,-17,,,6,4
2,20125,29,00:17.0,2,5592577,5592576,5592597,-92,-18,79.851222,6.918683,1725,-88,-15,-91,-18,-92,-17.5,,1
30,24045,144,01:48.0,30,6127104,,,-102.6,-14.2,81.522889,7.943606,1725,-106.8,-18.1,,,,,6,39.7
2,23002,259,01:52.0,2,5888523,,,-100,-14,80.138857,7.018,1725,-101.5,-13.5,,,,,,20.5
1,21193,169,00:43.0,1,6152724,6152704,,-70,-12.5,79.858297,6.896151,1725,-72,-13.5,-75,-14.5,,,7,1
1,21193,169,00:10.0,1,6152724,7046144,5122050,-86,-14,79.857936,6.896889,1725,-85,-13,-90,-15.5,-91,-17.5,4,3
30,20193,354,00:25.0,30,5538818,5169418,,-92,-11.5,79.891055,7.072355,1725,-94,-12,-102,-20,,,12,6
0,25766,114,01:38.0,0,6596355,5545472,,-122,-20,80.554079,9.407119,1725,-116,-17,-119,-20,,,5,111
20,20438,337,00:55.0,20,5155861,,,-97,-11.5,81.69706,7.714443,1725,-107,-20,,,,,8,6
0,23520,180,00:28.0,0,5305866,,,-97,-15.5,79.91364,7.143562,1725,-102,-18.5,,,,,,
10,23079,269,00:24.0,10,6782722,5788674,5908225,-117,-16.5,80.522866,7.962991,1725,-123,-19.5,-124,-20,-124,-19.5,7,47
2,20069,215,01:27.0,2,6143232,5137685,,-91,-13,79.888617,6.91006,1725,-89,-12.5,-94,-19.5,,,5,3
20,20193,328,01:47.0,20,5538818,5169418,5289502,-109,-15,79.890076,7.074272,1725,-112,-18.5,-113,-19.5,-114,-16.5,5,9
1,21129,112,01:26.0,1,6244864,5539328,,-110,-15,79.94735,6.988815,1725,-110,-15.5,-113,-18.5,,,6,8
0,24641,274,01:52.0,0,6049813,,,-95.9,-14.1,80.092906,7.137876,1725,-100.9,-15.7,,,,,10.7,4.9
0,26618,297,01:37.0,0,6430466,,,-103.8,-13.7,80.021624,9.738905,1725,-109.4,-19.3,,,,,8,12.2
22,21115,127,01:48.0,22,5197076,,,-92,-14.5,80.409684,8.333988,1725,-97,-17.5,,,,,,
91,27394,230,00:28.0,91,6025296,4294967295,6050129,-118,-14.5,79.736927,8.046379,525,-119,-15.5,-120,-16.5,-123,-19,6,16
91,27394,230,01:24.0,91,6050128,,,-110.5,-12.5,79.736915,8.0419,525,-116,-18.8,,,,,9.5,22.5
0,20731,375,01:43.0,0,7170326,7170306,,-93.5,-15,79.840087,7.219384,1725,-96.5,-18,-97,-18.5,,,6.5,4.5
2,24586,446,01:52.0,2,6130690,5766913,6127105,-112,-19,81.53644,7.918709,1725,-111,-18,-115,-20,-115,-20,,9
11,20424,126,00:14.0,11,6294016,,,-103,-12,81.551698,7.89337,1725,-117,-20,,,,,6,11
1,21574,375,01:59.0,1,5289473,5411841,,-114,-17,79.862214,7.070308,1725,-114,-17.5,-120,-20,,,6,11
22,21115,127,00:54.0,22,5197076,5405472,5405954,-109,-16,80.409745,8.335678,1725,-110,-15.5,-114,-19.5,-114,-18.5,7,5
2,25923,161,01:52.0,2,6625024,6636288,6003968,-105,-13.5,79.957023,7.005719,1725,-108,-17,-108,-17.5,-108,-18,8,2
20,20301,222,00:54.0,20,5197057,5405462,5405954,-94,-12,80.411338,8.33705,1725,-98,-12,-99,-16.5,-100,-17.5,5,5
0,20180,309,01:56.0,0,5166113,,,-100.3,-15.3,79.865253,6.852868,1725,-102.3,-17.5,,,,,8,1
2,24273,387,01:16.0,2,5252362,6883852,,-113,-16,79.922416,6.84751,1725,-118,-17.5,-119,-18,,,13,8
0,23882,408,00:21.0,0,5820426,6344706,,-107.5,-13.9,81.700214,7.730237,1725,-110.3,-15.4,-112.5,-18.6,,,6,6
30,20193,354,00:00.0,30,5538818,,,-103.7,-12.7,79.891906,7.073802,1725,-106.7,-16.5,,,,,6,8.3
1,25629,115,01:36.0,1,6561026,,,-103,-12.5,80.311133,8.161068,1725,-111,-20,,,,,,
0,26967,366,01:54.0,0,5228290,5493780,,-103.5,-11.5,81.523132,7.904696,1725,-109.5,-17.3,-110,-17.5,,,9,5
0,24641,274,01:50.0,0,5207830,6049813,,-102,-13.5,80.092765,7.135974,1725,-109,-20,-109,-20,,,7,2
22,21115,127,01:17.0,22,5197076,,,-100,-13,80.409539,8.334194,1725,-106.7,-15.8,,,,,8,2.5
30,20303,327,00:17.0,30,5197569,6124034,,-97.8,-14.4,81.726363,7.68564,1725,-100,-15.7,-102,-18.3,,,7.2,5.3
1,24604,65,00:18.0,1,6298624,,,-112.8,-15.5,80.664639,8.28237,1725,-113.5,-16.5,,,,,12,29
22,21115,127,00:28.0,22,5405472,5197076,5197057,-111,-17,80.410052,8.335402,1725,-110,-16,-110,-16,-114,-20,7,5
0,20195,330,01:18.0,0,6288643,,,-94,-11.5,79.890386,7.086151,1725,-101,-15,,,,,10,4
12,23002,153,01:54.0,12,5284610,6891776,5888544,-103,-15.5,80.125874,7.045069,1725,-109,-15,-112,-20,-113,-20,6,46
0,27040,84,00:51.0,0,5533952,5770262,5770240,-115,-16.5,80.003873,7.237349,1725,-115,-16.5,-115,-17.5,-117,-19,4,28
1,21193,169,00:11.0,1,6152724,6152704,7046144,-76,-11,79.856944,6.896111,1725,-81,-17,-81,-17,-83,-18,7,2
3,21585,112,01:05.0,3,4294967295,,,-109,-16.9,80.139012,7.131873,1725,-110.7,-18.7,,,,,6.3,15.3
22,20300,258,00:36.0,22,5196832,5196812,,-94,-10,81.825612,7.415699,1725,-102,-20,-103,-20,,,6,2
30,20303,327,01:14.0,30,5197569,,,-85.5,-13.1,81.724856,7.686808,1725,-89.1,-16.2,,,,,8.7,4.3
0,20126,193,01:42.0,0,5143297,5134338,,-85,-12.5,79.844393,6.936234,1725,-89,-16,-93,-18,,,7,1
41,20649,370,00:57.0,41,5286186,,,-96.5,-11.5,,,3650,-104,-17.4,,,,,6.5,31.3
22,21115,127,00:19.0,22,5405472,,,-97.2,-14,80.409079,8.334888,1725,-101.3,-17.1,,,,,8.8,3.4
2,24273,387,00:02.0,2,6883862,6213889,5260033,-101,-14.5,79.922097,6.843947,1725,-105,-18,-107,-19.5,-108,-20,12,6
12,20393,259,01:54.0,12,5220640,5337366,,-89.5,-14.5,80.496943,8.752781,1725,-89.5,-14.3,-95.5,-17.3,,,6.5,1.5
2,23694,223,01:10.0,2,6065686,5295904,,-109,-16.5,79.964373,6.999459,1725,-109,-17.5,-116,-20,,,6,11
30,20303,327,00:37.0,30,5197569,6124034,,-91,-13.2,81.726336,7.685702,1725,-94.6,-17.1,-96.6,-18.3,,,8,6.1
91,27394,230,01:05.0,91,6050138,,,-106.1,-12.3,79.733914,8.04338,525,-112.2,-17.2,,,,,7.4,17.4
91,27394,230,00:03.0,91,6050138,6050128,,-106,-12,79.736589,8.040431,525,-116,-19,-118,-20,,,9,21
91,27394,230,00:42.0,91,7012945,6050128,,-97,-14.5,79.735706,8.048377,525,-97,-15.5,-102,-13.5,,,6,10
0,20254,198,00:47.0,0,5305347,,,-86,-13.5,79.893598,6.992523,1725,-91,-17.5,,,,,14,5
12,20254,386,01:43.0,12,5185056,5185046,,-80,-12.5,79.89347,6.99041,1725,-85,-18,-88,-18.5,,,6,1
91,27394,230,01:19.0,91,6050128,,,-111.3,-12.8,79.734147,8.044643,525,-114,-15.3,,,,,7.3,17.7
81,27394,229,01:19.0,81,6025296,6050158,6025297,-118,-14.5,79.74144,8.040609,525,-122,-18,-122,-18,-123,-18.5,4,28
21,23113,431,00:14.0,21,5318935,,,-107.7,-13.2,79.989259,9.732329,1725,-111.3,-16.3,,,,,10,13.5
11,20424,126,00:55.0,11,6130689,6294016,,-105,-14.5,81.546504,7.908495,1725,-106,-15,-116,-20,,,7,25
3,25629,346,01:53.0,3,5901826,,,-109.3,-13.9,80.310332,8.180564,1725,-111.4,-16.1,,,,,5.8,24.2
0,25629,116,00:57.0,0,5901825,,,-110.3,-14,80.32728,8.184744,1725,-111.3,-13.7,,,,,7,31
0,23882,408,01:51.0,0,5820426,,,-104.6,-12.9,81.701911,7.727956,1725,-110.3,-18,,,,,7,6.8
20,20301,222,01:32.0,20,5197058,5197088,,-83,-15.5,80.413406,8.340812,1725,-82,-14.5,-83,-15.5,,,6,0
220,20056,73,00:34.0,,262145,,,-112,-17,79.847556,6.928494,39146,-100,-9,,,,,3.5,7
0,20180,309,00:19.0,0,5166113,,,-92.8,-14.9,79.865037,6.853358,1725,-95.8,-17.4,,,,,,3
3,24157,57,00:23.0,3,6184214,,,-85.8,-16,79.847823,7.211024,1725,-91.3,-18.4,,,,,8.7,4
1,21193,169,01:18.0,1,6152724,5122050,7046144,-79,-12.5,79.856811,6.895588,1725,-79,-14.5,-82,-16.5,-83,-18.5,8,1
1,21193,169,01:18.0,1,6152724,,,-81,-10.8,79.85662,6.895967,1725,-89,-17,,,,,9.5,1.5
1,21193,169,01:00.0,1,6152704,5128193,,-77,-11.5,79.856997,6.895925,1725,-81,-15,-83,-17.5,,,6,2
1,21193,169,00:44.0,1,5150977,5425408,6152706,-87,-12.5,79.855511,6.89588,1725,-89,-15.5,-92,-17.5,-92,-19,6,2
12,20300,259,01:34.0,12,5222933,5222914,,-96,-15.5,81.823978,7.418692,1725,-96,-17.5,-100,-20,,,5,9
2,21456,189,01:42.0,2,6109698,,,-113,-14,81.70291,7.603841,1725,-120,-20,,,,,6,118
1,23156,89,01:56.0,1,6230530,5267743,,-82,-14.5,79.954315,6.917267,1725,-84,-16.5,-85,-17.5,,,,10
1,23068,91,00:33.0,1,5905408,,,-94.7,-12.7,79.876197,6.862184,1725,-102,-16.8,,,,,10,3
1,24604,65,00:31.0,1,5996034,5968672,,-114,-16.5,80.671835,8.298608,1725,-114,-17,-115,-18,,,,49
22,21115,127,00:34.0,22,5197076,,,-93,-14,80.409593,8.334633,1725,-97.9,-18.8,,,,,7,3
11,21115,401,01:22.0,11,5604608,5609217,,-111,-16.5,80.395739,8.336551,1725,-112,-17,-114,-18,,,5,24
1,24604,65,00:32.0,1,5619456,,,-91,-15,80.653841,8.276664,1725,-101,-20,,,,,,
21,23113,431,01:20.0,21,5315072,5318914,,-110,-12,79.990438,9.733101,1725,-114,-19,-115,-18,,,7,9
3,21118,57,01:34.0,3,5406208,5406228,,-107,-15.5,80.826032,8.556807,1725,-106,-15,-110,-19,,,6,16
11,20424,126,01:36.0,11,6130689,,,-106.8,-12.4,81.557065,7.900398,1725,-112.5,-17.5,,,,,6,19.7
2,20424,128,01:33.0,2,5228547,6294016,,-105,-11.5,81.551683,7.920512,1725,-111,-18.5,-111,-19,,,9,21
1,20339,370,00:11.0,1,5308427,5206814,,-107.5,-15,79.889385,6.999405,1725,-110.5,-16.5,-112.5,-18.8,,,8,7.5
3,25084,117,00:41.0,3,6421504,,,-81,-12.8,79.87981,6.850681,1725,-84,-16.2,,,,,14,1.5
21,21610,199,00:58.0,21,6235660,,,-102.5,-12.5,79.974243,7.032481,1725,-106.5,-16,,,,,7,11
20,20650,401,00:28.0,20,5286400,,,-91.5,-12.5,80.071127,7.126216,1725,-97.5,-17.1,,,,,9.8,1.8
1,21627,427,01:00.0,1,5525761,,,-109,-15.5,80.135376,7.17338,1725,-118,-20,,,,,9,73
2,26389,33,00:58.0,2,5774603,,,-112,-16.5,80.437333,7.478104,1725,-113.5,-18.3,,,,,,40.5
21,23649,128,00:33.0,21,6040833,4294967295,,-114,-14.8,80.519974,7.463058,1725,-119,-18.5,-122.5,-20,,,6.5,113.5
83,20774,12,00:38.0,83,5154385,,,-108.8,-14.6,80.039863,9.67606,525,-112,-16,,,,,10,8.5
1,20610,5,01:28.0,1,5200148,5181440,5276162,-109,-13,79.864821,6.859985,1725,-114,-16,-114,-17.5,-115,-18,,
2,25644,321,00:15.0,2,5211394,,,-97.9,-15,80.028375,9.655387,1725,-99.7,-15.2,,,,,12,4.8
0,24461,51,01:23.0,0,6049793,,,-98.5,-13.3,80.09448,7.140435,1725,-101.5,-16.5,,,,,6,2
0,26917,420,00:48.0,0,5309699,,,-110.5,-14.3,80.223125,9.792769,1725,-114.5,-19,,,,,9.5,13.5
1,23156,89,00:34.0,1,6618627,5145088,6618626,-104,-14.5,79.959798,6.919416,1725,-106,-16.5,-107,-18,-107,-18.5,,10
20,21460,134,00:07.0,20,6903554,5493770,,-89,-13.5,81.52287,7.90198,1725,-87,-10.5,-94,-17.5,,,4,7
2,24323,250,00:02.0,2,6226688,,,-102.7,-14,79.895796,7.006012,1725,-108,-18,,,,,8,4.5
10,20425,341,00:13.0,10,5228820,,,-89.8,-13,81.611348,7.784776,1725,-93.5,-16.1,,,,,9,7
2,24323,250,01:03.0,2,5210390,6377217,5308417,-108,-14,79.893716,7.008439,1725,-111,-16.5,-112,-18.5,-115,-20,7,5
0,20126,193,00:02.0,0,5134338,5152258,6348290,-97,-13,79.844376,6.936118,1725,-100,-16.5,-103,-19.5,-104,-20,9,0
0,20126,193,00:07.0,0,5134338,6348290,5257216,-97,-13,79.844467,6.936059,1725,-101,-17,-104,-20,-105,-20,4,0
0,20126,193,01:33.0,0,5152258,,,-100.8,-12.2,79.844098,6.936403,1725,-106,-16.7,,,,,10,0.7
81,27252,413,01:28.0,81,6976602,5764946,5764955,-99,-12,81.808197,7.364237,525,-103,-17,-106,-20,-106,-19.5,7,6
12,24860,405,01:12.0,12,6371841,,,-100,-12,79.859563,7.242964,1725,-107,-18,,,,,5,9
0,23457,324,00:45.0,0,6368001,6247682,,-119,-17.5,81.029844,8.197084,1725,-120,-19,-122,-18.5,,,,58
10,23079,269,00:24.0,10,6524417,5623582,6452992,-113,-15,80.563614,8.025057,1725,-117,-19,-117,-18,-117,-19.5,6,148
91,27394,230,00:23.0,91,6050128,,,-111.2,-13.3,79.736601,8.041453,525,-114.7,-16.7,,,,,6,20.3
1,21148,194,01:03.0,1,6323970,,,-96.2,-16.7,80.352032,7.452837,1725,-97.8,-15.6,,,,,8.7,13.3
1,21148,194,00:17.0,1,6675712,,,-111,-15.5,80.343876,7.450016,1725,-111,-17,,,,,12,23
0,22627,246,01:21.0,0,5906945,5928449,5792514,-113,-14.5,81.171493,7.942614,1725,-119,-20,-119,-19,-120,-20,7,32
90,21136,379,01:39.0,90,6576210,,,-103.4,-12.9,80.125089,7.248349,525,-105.4,-14.6,,,,,5.7,13.5
91,27394,230,00:15.0,91,7012945,,,-107.3,-12,79.734649,8.040365,525,-115,-19.5,,,,,6,24
2,20736,110,00:04.0,2,5207062,5206817,5208832,-111,-16.5,79.879275,6.998826,1725,-113,-16.5,-115,-18,-116,-20,5,8
1,23948,322,00:13.0,1,5228318,5228555,5228565,-115,-14,81.55073,7.908951,1725,-118,-18,-119,-18,-119,-18.5,6,19
20,21136,8,01:24.0,20,5410817,6576131,5527318,-108,-14.5,80.125114,7.243234,1725,-108,-14,-108,-14.5,-111,-17,4,10
21,20834,300,00:06.0,21,5333506,,,-101.4,-13.6,79.833504,7.39435,1725,-105.6,-17.5,,,,,7.6,10.3
21,22508,270,00:31.0,21,5935873,,,-118,-19.5,80.502551,8.68422,1725,-122,-20,,,,,2,38
1,24183,40,01:02.0,1,6564610,6190848,,-78,-15.5,80.01386,9.664543,1725,-78,-15,-79,-16.5,,,5,0
1,24183,40,01:04.0,1,6564610,,,-93,-11.5,80.013707,9.665576,1725,-100,-16,,,,,9,0
3,20737,124,00:40.0,3,5308672,,,-89.9,-12.8,79.881508,7.207199,1725,-92.3,-15.1,,,,,11.8,4
2,25709,440,00:58.0,2,5224962,6765057,,-110,-15.5,81.830604,7.408243,1725,-112,-13.5,-117,-19,,,,
0,20499,196,00:46.0,0,5247745,,,-84.5,-13.4,79.852354,6.937415,1725,-88.9,-17,,,,,7.5,0
1,20792,277,00:22.0,1,5322782,6171904,,-92.8,-12,80.446575,7.440662,1725,-96,-14.3,-99.8,-18.4,,,8,12.5
0,20189,171,00:16.0,0,5178625,,,-91.3,-12.8,79.866187,6.87483,1725,-95,-15.3,,,,,,
0,22705,273,00:03.0,0,6293270,5812481,,-121,-17,80.028037,7.444118,1725,-122,-16.5,-124,-18.5,,,8,27
1,20756,233,01:04.0,1,5313556,5313536,,-94,-15,80.044947,9.715884,1725,-94,-15,-102,-20,,,,3
2,20427,395,01:12.0,2,5229343,,,-103.7,-14.2,81.523532,7.912422,1725,-106.7,-16.2,,,,,10,4
92,27281,349,01:58.0,92,6984018,,,-109,-12,81.604626,7.779315,525,-112,-16,,,,,,
0,27073,178,00:21.0,0,5551618,6930689,,-116,-14.5,80.213484,7.438091,1725,-115,-15.5,-118,-18.5,,,6,11
21,21686,349,00:24.0,21,6930689,,,-96,-12.8,80.214278,7.428911,1725,-106,-19,,,,,9,5
3,22705,33,01:26.0,3,5812480,5812481,,-113,-14.5,80.02342,7.431105,1725,-115,-15.5,-122,-20,,,,
0,22722,372,00:36.0,0,6059542,,,-107,-15.5,79.898056,7.450525,1725,-108,-16,,,,,,23
92,27281,349,00:20.0,92,6984540,6900560,4294967295,-107,-14.5,81.59938,7.781275,525,-108,-16,-111,-19,-121,-20,5,14
2,26426,399,01:08.0,2,6765077,,,-93.2,-13.8,81.831538,7.405101,1725,-99.5,-18.6,,,,,10.3,1.3
81,27362,15,00:53.0,81,5315419,,,-102,-12.5,80.001042,9.697956,525,-110,-20,,,,,,13
3,24549,382,01:23.0,3,6284546,6143744,,-103,-14,79.843465,7.232965,1725,-103,-14.5,-110,-17,,,6,4
21,21705,178,01:18.0,21,6180118,5556480,,-89,-12.5,80.648628,7.873721,1725,-92,-16.5,-93,-18,,,,
2,24586,446,01:24.0,2,5766932,,,-99,-15.3,81.535277,7.923775,1725,-106,-19,,,,,11.5,6
21,23649,128,01:25.0,21,6547713,,,-108,-12,80.516076,7.486463,1725,-114,-17.5,,,,,,21
20,23879,205,00:37.0,20,6113025,5220372,,-106,-13.5,81.185595,8.503636,1725,-109.7,-16.2,-110.3,-17.7,,,6,4.7
2,23065,158,00:43.0,2,5601024,,,-115.3,-16.3,80.250953,8.236127,1725,-119,-18,,,,,9,18
2,23457,326,01:24.0,2,5897483,,,-97,-15,80.985083,8.15357,1725,-97,-15,,,,,3,49
0,25486,367,01:18.0,0,5886208,,,-105,-10.5,80.532945,8.049153,1725,-114,-18.5,,,,,,17
1,27095,205,00:11.0,1,5564182,6936322,,-106,-12,79.825764,8.037609,1725,-111,-17.5,-112,-18.5,,,5,6
0,25119,118,00:26.0,0,5541407,6430465,6430467,-102,-14.5,80.031853,9.738442,1725,-103,-14.5,-105,-20,-108,-19,11,9
0,25119,118,01:16.0,0,5889556,,,-103,-14,80.043488,9.744581,1725,-107,-18,,,,,7,26
0,20559,114,00:52.0,0,5263136,,,-90,-12.3,79.874819,6.977053,1725,-96.7,-17.3,,,,,4.3,1
0,26018,124,01:06.0,0,6660610,5545729,,-110,-14.5,80.418671,9.388884,1725,-112,-16.5,-116,-20,,,,18
2,24235,120,00:57.0,2,5567754,,,-108.3,-15.8,79.847376,8.041029,1725,-111.3,-18.2,,,,,7.7,23.3
1,20229,290,01:15.0,1,5255937,,,-90,-15.5,79.870466,6.877032,1725,-91,-14.5,,,,,9,4
82,21700,446,00:47.0,82,5215314,,,-104,-15.5,79.898805,8.978662,525,-107,-15.5,,,,,9,6
22,20673,367,00:00.0,22,5984771,6024449,,-110,-14.5,80.115855,6.970667,1725,-112,-13,-114,-15,,,9,9
10,20431,173,00:22.0,10,5229067,,,-107,-13,81.80575,7.500002,1725,-114,-20,,,,,,16
1,20339,370,00:50.0,1,5308437,6248961,6248962,-102,-18,79.885229,7.001492,1725,-100,-16.5,-102,-16.5,-103,-17.5,5,9
3,25084,117,01:07.0,3,6421504,,,-97,-13.5,79.879716,6.851722,1725,-98,-11.5,,,,,12,2
0,24461,51,00:20.0,0,5207840,,,-84.3,-14.3,80.09518,7.142785,1725,-88.3,-17.7,,,,,8,1.5
1,21627,427,01:30.0,1,6925825,,,-105.7,-15.3,80.141289,7.175696,1725,-108.1,-17.1,,,,,8,12.8
1,20774,435,00:56.0,1,5318146,5996801,5544192,-115,-16,80.042619,9.672244,1725,-115,-14,-115,-16,-122,-20,7,10
0,24461,51,00:11.0,0,5207840,6308096,,-101,-13,80.095515,7.141184,1725,-107,-18,-108,-18,,,4,2
2,21621,309,01:46.0,2,5408513,5409280,,-104,-15.5,79.97129,6.951554,1725,-110,-17,-112,-19.5,,,8,9
2,23155,270,01:12.0,2,5994772,4294967295,5803274,-104,-14,80.189971,9.802344,1725,-109,-18.5,-117,-20,-118,-20,2,12
2,24323,250,00:29.0,2,5210370,6226689,,-96.7,-10,79.894627,7.007392,1725,-102.7,-19.3,-104,-19.8,,,9,3
2,24323,250,01:00.0,2,5210370,5297921,,-101.3,-11.8,79.893957,7.007271,1725,-104.3,-16.3,-108.7,-20,,,11,3
1,23879,206,01:31.0,1,5220362,5782273,,-107.7,-15.7,81.184569,8.501007,1725,-109,-16.8,-111.7,-17.7,,,7,7.5
0,20126,193,00:41.0,0,5152258,5573120,,-70,-8.5,79.843794,6.936282,1725,-78,-11,-80,-15.5,,,11,0
20,23879,205,01:23.0,20,5220372,,,-97,-12,81.184846,8.502812,1725,-103,-17,,,,,7,6
91,27394,230,00:34.0,91,6050128,,,-109.3,-12.5,79.73629,8.040685,525,-113.8,-15.6,,,,,8.3,20.3
11,24055,262,00:29.0,11,6224386,5302784,,-102,-15.5,79.924368,7.030594,1725,-102,-17,-104,-19.5,,,,16
20,21136,8,01:06.0,20,5527308,5286156,5286176,-102,-15,80.117537,7.246887,1725,-105,-14.5,-106,-15.5,-107,-17,3,13
1,25419,115,01:35.0,1,5493762,,,-84,-11.5,81.51652,7.91934,1725,-96,-20,,,,,9,5
1,25419,115,00:06.0,1,6127105,,,-98,-13.1,81.519781,7.917023,1725,-101.5,-13.1,,,,,6,12.5
1,26942,14,00:57.0,1,5225503,,,-102.7,-13.5,81.842554,7.389355,1725,-106,-17,,,,,12.3,2.3
0,22689,309,00:27.0,0,5808386,5413920,5154836,-107,-12,80.363719,7.470416,1725,-111,-17,-112,-18,-112,-16,7,9
21,20834,300,01:39.0,21,4294967295,5333506,,-107,-15.5,79.8303,7.40028,1725,-113,-20,-115,-18,,,,
1,20792,277,00:06.0,1,4294967295,5322762,6755585,-111,-15,80.448978,7.441789,1725,-117,-18.5,-117,-18.5,-118,-19.5,4,17
0,20345,90,00:39.0,0,5208322,,,-101.8,-13.5,79.925793,7.029322,1725,-105,-16.9,,,,,10,4.5
23,24046,83,01:54.0,23,5334294,5219073,6155776,-93,-12,79.845565,7.33901,1725,-99,-18,-101,-19.5,-101,-20,,
0,20427,108,01:22.0,0,5229344,5229314,5229324,-109,-18.5,81.523608,7.91364,1725,-107,-16.5,-109,-18.5,-114,-20,5,2
81,27073,248,01:16.0,81,5551698,5321296,,-106,-14.5,80.210889,7.43698,525,-103,-14.5,-115,-20,,,9,7
32,20427,398,00:54.0,32,6507266,6294018,,-91,-14,81.527928,7.908576,1725,-96,-19.5,-98,-19.5,,,6,15
20,20737,343,00:32.0,20,5306388,5303574,5308675,-103,-13,79.884317,7.216028,1725,-106,-16.5,-108,-17,-108,-18,,
3,25810,216,00:01.0,3,5329182,5329173,6607362,-96,-12.5,81.042294,7.936039,1725,-100,-17,-101,-19,-106,-20,,
1,20737,324,00:34.0,1,6918656,,,-106,-16,79.891804,7.205831,1725,-107,-19.5,,,,,,16
2,20117,381,01:46.0,2,5132545,,,-96.8,-10.5,79.858463,6.922148,1725,-105,-16.5,,,,,6,2
1,20153,79,00:55.0,1,5318913,5318914,,-104,-16,80.000393,9.71749,1725,-105,-16.5,-106,-17.5,,,5,7
2,20773,85,00:47.0,2,5544214,,,-103.3,-12.7,80.036036,9.652735,1725,-110,-18.5,,,,,10,7
92,27281,349,00:57.0,92,6984540,,,-107.3,-12,81.603676,7.782785,525,-113.4,-18.1,,,,,8.2,8.5
2,20064,194,00:37.0,2,7105027,4294967295,,-91,-14.5,79.847672,6.922476,1725,-94,-20,-95,-18.5,,,8,3
21,26426,236,01:08.0,21,7177731,5222668,,-106,-16.5,81.833668,7.405615,1725,-108,-18.5,-110,-20,,,6,6
2,26426,399,00:20.0,2,6581506,,,-86.5,-14.5,81.830466,7.405778,1725,-94.5,-20,,,,,,
0,20147,168,01:14.0,0,5138690,,,-83.8,-9.5,79.843683,6.933078,1725,-90.5,-14,,,,,11,1.2
0,20180,309,00:03.0,0,5166081,,,-91.8,-14.4,79.866398,6.853511,1725,-97,-16.5,,,,,10.5,1.4
0,20180,309,00:43.0,0,6210304,5136150,5886722,-111,-16,79.865554,6.853831,1725,-114,-19.5,-115,-20,-115,-20,9,3
1,24586,445,01:33.0,1,6294018,,,-99,-14,81.53694,7.92266,1725,-104.5,-19.1,,,,,9,4.7
11,23649,303,01:26.0,11,6040832,6040862,6040842,-114,-16,80.525455,7.466753,1725,-114,-16.5,-116,-18.5,-118,-20,,56
0,21955,417,01:52.0,0,5607171,,,-104,-15.5,80.390346,8.363334,1725,-111,-20,,,,,10,19
0,20418,222,01:49.0,0,5227028,6269184,5227038,-104,-14,80.609929,8.065023,1725,-106,-16.5,-108,-18.5,-109,-19.5,,1
2,26389,33,01:32.0,2,6721536,,,-110.2,-17.7,80.438179,7.467376,1725,-109.5,-15.9,,,,,7,23.5
0,24461,51,00:28.0,0,6049793,6308096,6049813,-87,-14.5,80.094389,7.141509,1725,-87,-15.5,-90,-17.5,-90,-18.5,6,2
0,23045,351,00:15.0,0,6059776,6231296,5488897,-108,-18,81.758059,7.413543,1725,-111,-20,-112,-20,-112,-20,8,23
1,27095,205,01:39.0,1,6940674,,,-108,-11.5,79.827885,8.039088,1725,-114,-19,,,,,5,5
0,23905,252,01:12.0,0,5231392,,,-99.8,-15.8,81.71019,7.713836,1725,-102.2,-16.4,,,,,8.7,5.5
1,24829,238,01:19.0,1,6205440,7175168,6356224,-110,-14.5,81.049025,7.630843,1725,-117,-19,-117,-19,-118,-18.5,8,55
12,20440,32,00:50.0,12,6114048,5232642,,-86,-17,81.609648,7.772265,1725,-86,-16.5,-88,-18,,,11,1
32,20440,249,01:33.0,32,5232652,,,-87.5,-14.3,81.609503,7.772043,1725,-94,-18.8,,,,,10.5,3
1,21758,398,01:27.0,1,5570048,,,-90.8,-13.6,81.007925,8.357714,1725,-96.6,-17.1,,,,,8.8,0.8
2,20726,309,01:41.0,2,5769484,,,-105,-16.3,79.891971,7.146639,1725,-110.5,-19.5,,,,,7.5,12
2,20855,156,00:13.0,2,5338883,5337857,,-103,-16,80.475715,8.782138,1725,-105,-17.5,-107,-20,,,7,12
2,26389,33,01:13.0,2,5774603,,,-111,-15,80.439769,7.481065,1725,-112,-16.5,,,,,,41
2,26389,33,00:48.0,2,6439176,5322755,5774603,-118,-20,80.432213,7.473417,1725,-110,-15,-116,-20,-116,-20,,
2,26389,33,01:47.0,2,6755584,,,-100,-16,80.449995,7.462321,1725,-104,-17.4,,,,,11,6.7
1,20610,5,01:14.0,1,5276162,5181440,5200148,-108,-14,79.864853,6.860137,1725,-111,-17.5,-112,-19,-113,-19.5,,
1,20610,5,01:45.0,1,5166358,5276162,,-112,-14.5,79.864864,6.862911,1725,-113,-14.5,-117,-18.5,,,,3
0,26991,285,00:12.0,0,7127810,6909697,,-98,-12,79.899574,6.941212,1725,-104,-19,-105,-20,,,5,1
21,20086,291,00:13.0,21,5123330,5123350,6382080,-93,-13,79.850337,6.908613,1725,-98,-16.5,-98,-15,-100,-17,4,0
2,23155,270,00:01.0,2,5994772,5994753,5882881,-105,-15,80.190362,9.804038,1725,-112,-20,-114,-20,-117,-20,3,12
91,27252,201,00:38.0,91,6063952,5489746,6128976,-120,-16,81.805705,7.361072,525,-122,-19,-123,-19,-124,-19.5,,75
21,1715,115,00:09.0,21,566272,316948,,-105,-15,81.855306,7.224123,38750,-103,-13,-106,-15.5,,,5,16
1,20786,412,00:53.0,1,6734851,6930689,,-109,-15.5,80.211087,7.422069,1725,-112,-18.5,-113,-19.5,,,,19
0,23073,441,01:30.0,0,5906689,,,-95,-15,80.463148,8.613573,1725,-100,-19,,,,,12,1
12,22754,283,00:05.0,12,6659842,,,-106,-11.5,80.066436,6.94421,1725,-112,-15,,,,,,6
12,22754,283,00:31.0,12,6479618,4294967295,5825024,-109,-15.5,80.065883,6.944083,1725,-107,-13.5,-111,-17.5,-112,-16.5,8,10
1,21148,194,00:31.0,1,5883412,,,-102,-13,80.344906,7.449956,1725,-111,-20,,,,,11,22
41,20649,370,01:52.0,41,5527338,,,-106,-12,80.113739,7.253371,3650,-114,-17,,,,,8,29
0,20435,63,00:55.0,0,6120193,5231636,6120194,-98,-12.5,81.714864,7.718163,1725,-102.5,-17.8,-103,-18,-104.5,-19.3,9.5,7
0,21657,93,00:17.0,0,5317909,,,-111,-17.5,80.051954,9.661009,1725,-114.8,-19.6,,,,,7.5,9.8
1,25419,115,01:10.0,1,6127105,,,-87,-13.7,81.519109,7.916981,1725,-94,-17.3,,,,,4.5,13.5
1,25419,115,00:27.0,1,6507266,5229324,5493760,-90,-11.5,81.517945,7.910565,1725,-98,-19.5,-102,-20,-102,-20,8,15
20,21136,8,00:37.0,20,6479874,6576128,5286156,-110,-15,80.136758,7.268473,1725,-113,-18.5,-113,-18,-113,-18.5,,
1,26942,14,00:00.0,1,5895456,,,-109,-13,81.839158,7.385725,1725,-108,-13.5,,,,,11,6
0,20685,312,01:07.0,0,6290434,,,-78,-9.5,79.839213,7.21244,1725,-80,-13.5,,,,,,
0,23861,45,00:04.0,0,6045953,,,-116,-13,80.426808,7.527062,1725,-127,-20,,,,,9,13
71,20136,196,00:32.0,71,5325630,5325729,5325639,-94,-13,80.370714,7.491853,400,-95,-15,-97,-17,-99,-17.5,5,12
0,22561,129,00:20.0,0,5775363,,,-110,-16.1,79.961532,7.353214,1725,-113,-17.3,,,,,7,28
2,20427,395,01:15.0,2,5493760,5229334,,-108,-15.4,81.522232,7.909706,1725,-108,-15.2,-111,-18.4,,,8,5.7
11,20648,144,01:21.0,11,5532418,5298433,,-111.3,-14.7,79.954134,7.154791,1725,-115.3,-17.5,-119.3,-20,,,8,28.5
20,20737,343,00:27.0,20,5308675,5195029,,-107,-14,79.881598,7.212345,1725,-110,-17,-113,-19,,,6,17
1,20153,79,01:12.0,1,5318913,5318914,,-101,-14,79.99283,9.715876,1725,-103,-16,-105,-17,,,9,7
0,26983,24,00:41.0,0,5274133,5162753,5501206,-102,-16.5,79.867549,6.93588,1725,-101,-14,-106,-17.5,-107,-19.5,,
11,23580,46,00:10.0,11,5285908,6036501,,-111.7,-14.7,79.965723,7.185062,1725,-118.7,-19.3,-121,-20,,,,13
21,22597,150,00:05.0,21,5783563,6296832,4294967295,-106,-16.5,80.074216,7.055317,1725,-112,-20,-113,-20,-117,-20,6,8
30,20350,264,01:25.0,30,6123266,5209600,5209632,-108,-14.5,79.911166,7.050065,1725,-110,-13.5,-112,-17,-112,-16.5,6,1
2,20427,395,00:54.0,2,5493780,6903552,5493760,-106,-13,81.522342,7.909331,1725,-111,-16,-113,-19.5,-113,-18,,8
2,24027,443,01:03.0,2,6150912,,,-95,-14.9,81.684974,7.731751,1725,-98.5,-17.4,,,,,9.7,2.7
91,22967,192,00:54.0,91,5525103,5294939,5879674,-117,-14.5,80.052493,6.943791,525,-117,-15,-120,-18,-121,-19.5,,10
3,20737,124,00:09.0,3,5194526,5303564,,-116,-19,79.919716,7.208955,1725,-116,-19,-118,-16.5,,,,
41,22508,199,00:01.0,41,5893673,,,-110.7,-14.2,80.532162,8.686435,3650,-114.7,-18,,,,,5.8,35.4
2,20290,137,00:51.0,2,5541398,6430467,6430464,-100,-12.5,80.023363,9.745398,1725,-104,-15.5,-106,-18,-108,-19.5,,10
3,25810,216,00:18.0,3,5329173,5329162,5329182,-110,-17,81.03827,7.935508,1725,-110,-19,-110,-18,-110,-18.5,6,6
81,27362,15,00:06.0,81,5998684,,,-109.1,-12.6,79.999785,9.698997,525,-114.6,-18.2,,,,,7.8,11
1,20527,52,00:38.0,1,5512707,6909697,5274892,-108,-15.5,79.904646,6.940894,1725,-110,-16.5,-113,-18.5,-114,-19.5,6,6
2,21575,89,01:04.0,2,5523200,,,-95.1,-15.4,79.997528,7.16294,1725,-99.1,-16.1,,,,,13,4.5
2,20313,47,01:11.0,2,5200128,,,-63,-13,79.863931,6.859007,1725,-71,-17.5,,,,,,
0,20180,309,00:08.0,0,5166081,,,-76.3,-14.2,79.865778,6.853657,1725,-81.3,-18.2,,,,,12.3,1.7
2,22977,416,00:25.0,2,5882143,,,-93,-12.8,79.969471,6.997571,1725,-95.6,-13.7,,,,,6,3
0,21955,417,00:01.0,0,5492172,5604608,,-119,-18.5,80.391125,8.363429,1725,-122,-20,-124,-20,,,3,17
2,23694,223,00:58.0,2,6065686,5295872,,-109,-13.5,79.964862,7.000974,1725,-110,-15,-116,-20,,,,8
0,27095,204,01:30.0,0,6936321,,,-95,-12,79.826169,8.042107,1725,-103,-18.5,,,,,12,2
0,20697,339,00:23.0,0,5298453,,,-94.4,-14.3,79.950896,7.172911,1725,-98.3,-16.3,,,,,9.3,4.5
21,20697,341,01:41.0,21,5298432,,,-91.4,-14.3,79.952013,7.172175,1725,-94.3,-16,,,,,8.1,6.6
0,23905,252,00:54.0,0,6119682,,,-76,-14,81.706785,7.718218,1725,-81,-18.5,,,,,,11
0,21955,417,00:59.0,0,5492172,,,-109.3,-14.9,80.387213,8.365031,1725,-114.3,-19.8,,,,,7.5,17
0,23130,334,00:06.0,0,7095810,5921281,5217292,-97,-15,80.653889,7.902886,1725,-103,-20,-103,-20,-104,-20,12,24
2,23065,158,01:00.0,2,5601024,,,-113,-15,80.231884,8.235621,1725,-120,-20,,,,,14,36
21,20789,278,01:29.0,21,6187776,,,-108,-13.7,80.306659,7.342158,1725,-112.7,-18,,,,,8,22
0,21595,147,01:31.0,0,5568514,6017792,6781953,-110,-16,79.888913,7.278385,1725,-117,-20,-117,-20,-118,-20,,12
21,20501,213,01:13.0,21,5128960,7080448,,-110,-13.5,79.865851,6.916913,1725,-114,-16,-116,-18.5,,,9,3
0,27095,204,00:25.0,0,5564160,,,-102,-14,79.832664,8.048321,1725,-108,-20,,,,,8,16
21,20049,178,00:39.0,21,5132545,,,-81.5,-10.4,79.855312,6.9226,1725,-89.8,-18.5,,,,,8.5,0.2
0,26431,3,00:44.0,0,5309699,5312023,5542934,-110,-14.5,80.196876,9.814506,1725,-112,-17,-113,-16,-117,-20,5,13
1,21661,257,00:35.0,1,5545237,,,-100,-13.5,80.524706,9.408652,1725,-101,-14.5,,,,,,4
21,20626,410,01:04.0,21,7106304,,,-97.3,-15.3,79.855264,6.933446,1725,-100.3,-16.7,,,,,8.3,1
21,20626,410,01:29.0,21,7106304,,,-95.5,-14.7,79.855592,6.933407,1725,-99.3,-16.4,,,,,9.3,2
21,20789,278,00:01.0,21,5413120,,,-107.1,-14.6,80.306066,7.338161,1725,-109.3,-16.2,,,,,6,23
0,24675,54,00:02.0,0,5918229,,,-108.4,-13.6,80.752857,8.244527,1725,-111.7,-15.3,,,,,11,26
2,20132,306,01:06.0,2,5308162,5308181,5296640,-108,-15.5,79.994894,7.088886,1725,-109,-14.5,-110,-16,-113,-20,,
0,20122,127,00:16.0,0,5151252,,,-76.8,-10,79.854085,6.898351,1725,-81.8,-13.6,,,,,11,0.5
0,20122,127,00:47.0,0,5151252,,,-79.6,-10.3,79.854003,6.898268,1725,-84.2,-13.7,,,,,10,0.8
20,20122,144,01:08.0,20,5151233,,,-85.5,-11.6,79.853739,6.897739,1725,-91.8,-16.4,,,,,7.7,1
0,20122,127,01:46.0,0,5151233,5151263,5151253,-96,-13.5,79.853712,6.897895,1725,-97,-15,-102,-17,-103,-19.5,6,0
1,24401,389,01:17.0,1,5218591,,,-97.5,-14,79.79019,7.583364,1725,-102.1,-18,,,,,9.8,3.1
82,21700,446,00:55.0,82,5327954,5328209,6390865,-107,-16,79.905562,8.978932,525,-109,-17.5,-111,-20,-112,-20,3,8
3,25084,117,00:32.0,3,7170069,7170059,,-100,-14.5,79.879147,6.85051,1725,-99,-15,-101,-17,,,,2
0,23223,249,01:05.0,0,5564682,,,-113,-17.5,79.876817,7.577944,1725,-120,-18.5,,,,,5,34
0,26456,235,00:23.0,0,6772737,5775638,,-104,-16.5,79.920531,7.342496,1725,-110,-20,-111,-20,,,9,22
1,21627,427,00:20.0,1,6925825,,,-106.3,-14.9,80.140642,7.177841,1725,-109.8,-17.6,,,,,8.3,12.2
1,21627,427,00:00.0,1,5536514,,,-97.5,-15.8,80.131182,7.167529,1725,-101,-15.8,,,,,10,20.5
2,26448,294,01:47.0,2,5889556,5194251,,-107,-15.5,80.042003,9.749873,1725,-113,-16,-114,-17,,,9,8
1,20774,435,00:11.0,1,5318144,,,-104.8,-14.6,80.045209,9.668641,1725,-109.2,-16.8,,,,,8.8,8.4
1,20610,5,01:20.0,1,5276162,5181440,,-85.9,-12.6,79.863478,6.863228,1725,-89.1,-15,-92.4,-18.7,,,9,2
40,21955,436,01:23.0,40,5492011,,,-114.2,-15.3,80.392111,8.365092,3650,-116.5,-17.3,,,,,9,26
3,25084,117,01:52.0,3,7170069,7170079,,-107,-16.5,79.877246,6.852545,1725,-109,-16,-109,-16.5,,,10,5
2,23155,270,00:26.0,2,5994772,5994753,4294967295,-103,-14,80.191406,9.803723,1725,-109,-20,-112,-20,-115,-20,,
2,24323,250,00:31.0,2,5297940,6377217,,-113,-17,79.894228,7.010193,1725,-117,-19.5,-117,-20,,,8,8
81,27252,413,01:02.0,81,6976602,,,-97.3,-12.4,81.807818,7.36487,525,-102.8,-16.9,,,,,9.7,6
12,24860,405,00:00.0,12,6243328,6371841,,-106,-13,79.858342,7.241827,1725,-113,-17.5,-113,-18.5,,,7,9
0,22627,246,01:36.0,0,5792513,,,-101,-14,81.182059,7.922673,1725,-102,-15.5,,,,,5,2
0,22627,246,00:43.0,0,6430723,,,-104.5,-11.8,81.208803,7.945405,1725,-110,-16.8,,,,,,69
2,21700,421,00:48.0,2,6390784,,,-99,-14,79.905219,8.982,1725,-99,-14.5,,,,,6,9
2,21700,421,01:14.0,2,6390784,,,-97,-12.5,79.905219,8.981999,1725,-101,-16.5,,,,,8,9
91,27252,201,00:58.0,91,5223288,,,-101,-11.3,81.806679,7.362243,525,-113,-20,,,,,12,5
22,24653,411,00:20.0,22,5231903,6311168,,-95,-14.5,81.73292,7.680876,1725,-96,-16,-100,-19.5,,,,8
2,23687,231,01:14.0,2,6231296,5899522,5488927,-109,-15,81.696565,7.362768,1725,-112,-19,-113,-19.5,-115,-20,4,86
0,20685,312,00:38.0,0,5295380,5305089,5295382,-93,-12,79.839631,7.210808,1725,-96,-14.5,-100,-18,-105,-20,7,1
2,23687,231,00:21.0,2,7108098,,,-101,-11,81.738841,7.343953,1725,-108,-19,,,,,6,16
2,22998,117,00:47.0,2,5994243,5294081,,-116,-17,80.101948,7.11409,1725,-113,-14,-116,-16,,,,14
21,20834,300,01:45.0,21,5333506,,,-107.3,-13.1,79.833704,7.395113,1725,-112.5,-17.7,,,,,7.3,10.4
21,20834,300,00:56.0,21,6182144,5333506,,-113,-14.5,79.833407,7.394495,1725,-115,-16,-116,-16.5,,,,
2,24183,41,00:19.0,2,6190849,,,-80.7,-14.3,80.013535,9.665622,1725,-85.1,-18.3,,,,,8.8,0.9
0,23861,45,00:09.0,0,4294967295,6381826,6381825,-108,-20,80.430591,7.529185,1725,-104,-16.5,-104,-16,-106,-17.5,,
0,21494,426,00:51.0,0,5236225,,,-95,-12.5,79.862789,6.932319,1725,-100.5,-17.5,,,,,7.5,1.5
3,20815,100,01:02.0,3,5328640,,,-111,-17,80.67158,7.855128,1725,-109.7,-15.7,,,,,,17
2,20773,85,00:58.0,2,5544194,5211393,,-103,-14,80.039396,9.652054,1725,-106,-16.5,-110,-20,,,8,12
21,20333,401,01:16.0,21,5205250,,,-95.5,-13.9,79.862396,6.86837,1725,-100.5,-17,,,,,10.5,1.7
21,20333,401,00:14.0,21,5205250,,,-90.3,-13.6,79.862545,6.868408,1725,-96.3,-17.1,,,,,10.5,2.8
1,21667,381,00:20.0,1,5825538,,,-111.3,-16.8,79.969021,7.310559,1725,-114,-18.3,,,,,7,17.5
90,27269,73,01:17.0,90,5224529,5222994,5196912,-100,-15.5,81.824095,7.419815,525,-103,-17,-103,-16.5,-105,-20,,10
0,23861,45,00:03.0,0,6756354,,,-96,-17,80.428907,7.52939,1725,-109,-20,,,,,8,13
0,26983,24,00:56.0,0,5274133,5162754,,-100,-15.5,79.867165,6.935828,1725,-102,-14.5,-102,-16,,,3,5
81,23878,394,01:54.0,81,4294967295,6940241,6361425,-118,-18,,,525,-115,-15,-115,-15,-118,-16.5,7,50
2,20427,395,01:01.0,2,5229343,,,-98.8,-13,81.522379,7.912936,1725,-104,-17,,,,,8.5,3
81,27073,248,01:10.0,81,5551698,5321296,,-107,-13.8,80.210242,7.434881,525,-108,-15,-111.5,-17.3,,,8.5,8.5
1,24183,40,01:59.0,1,6564610,6564609,6190848,-92,-13.3,80.013763,9.665041,1725,-96,-16.8,-97.5,-16.3,-99.5,-18.8,5,1
1,25070,292,01:00.0,1,6417920,,,-101,-12,79.854946,7.429137,1725,-105,-15.8,,,,,9,7
20,20737,343,01:03.0,20,5306388,,,-102,-11,79.875354,7.213061,1725,-108,-16,,,,,7,13
2,23315,398,00:28.0,2,5968662,5602560,,-111,-13.5,80.708024,8.301712,1725,-116,-17.5,-121,-20,,,3,22
2,20422,175,01:09.0,2,5227796,5611520,,-105,-15,80.403269,8.322573,1725,-106,-13.5,-117,-20,,,5,2
3,22705,33,00:45.0,3,6721793,6721794,5812480,-110,-17.5,80.015149,7.422482,1725,-115,-18,-116,-20,-117,-20,7,20
91,22967,192,01:37.0,91,5769808,,,-112.4,-12.5,80.048655,6.943255,525,-117.2,-18.5,,,,,,11
2,26426,399,00:32.0,2,6581506,6765077,,-77,-11,81.830675,7.406169,1725,-83,-14,-91,-20,,,,
21,26426,236,00:44.0,21,6765058,,,-85.5,-16,81.831805,7.406078,1725,-88,-13.5,,,,,8,4
1,20527,52,01:40.0,1,5274892,,,-98,-14.8,79.905744,6.939601,1725,-103,-18.8,,,,,6,7.5
3,24549,382,00:01.0,3,6143744,6284546,,-109,-13,79.843511,7.232965,1725,-112,-13.5,-112,-14,,,8,4
3,21700,449,01:44.0,3,5215252,5215233,,-102,-14.5,79.911153,8.978356,1725,-105,-18,-105,-19,,,,9
12,23596,335,00:26.0,12,4294967295,6040576,,-113,-17,80.467091,7.511153,1725,-119,-20,-120,-20,,,,20
0,26917,420,01:06.0,0,6890755,6890754,,-92,-16,80.217406,9.789477,1725,-105,-20,-105,-20,,,12,1
0,20723,127,01:22.0,0,6290433,,,-90,-12.5,79.84385,7.213705,1725,-95,-18.5,,,,,,
0,20559,114,00:14.0,0,5236480,6212118,,-104.5,-12.5,79.875886,6.97768,1725,-109.5,-17.5,-114,-20,,,7.5,2.5
1,24586,445,01:22.0,1,6294018,6294016,,-86,-15.5,81.53822,7.925139,1725,-90,-20,-92,-20,,,11,0
2,22977,416,00:40.0,2,5882143,,,-88.5,-12,79.969217,6.997881,1725,-91.5,-15.9,,,,,8,3
1,26890,175,01:30.0,1,6203395,5248534,6213888,-103,-12.5,79.943428,6.850307,1725,-107,-15.5,-109,-18.5,-110,-19.5,9,4
0,20697,339,00:43.0,0,5298453,5298433,,-89.7,-14.5,79.951229,7.173304,1725,-94.7,-16,-96.3,-18.2,,,7,5
0,21150,320,01:08.0,0,6193152,5329155,5944598,-110,-15,81.015278,7.946374,1725,-110,-13.5,-113,-18,-118,-20,,
32,20440,249,00:13.0,32,6114048,,,-98,-14.3,81.608964,7.773338,1725,-101.8,-17,,,,,8.3,4.3
12,20440,32,01:35.0,12,5767199,5232662,,-93,-14.5,81.606879,7.775493,1725,-100,-18,-101,-19.5,,,10,9
21,20501,213,00:58.0,21,6906880,5248257,,-85,-14,79.864762,6.918708,1725,-83,-10.5,-85,-13,,,,1
0,23457,324,01:17.0,0,6004994,,,-103,-14.5,81.015607,8.159829,1725,-106,-17.5,,,,,12,2
1,23457,325,01:15.0,1,6032386,,,-112.2,-16.4,81.021011,8.147617,1725,-115.9,-18.2,,,,,7.6,18
30,22528,153,01:29.0,30,5228801,,,-103.4,-15.7,81.605951,7.781184,1725,-103.8,-15.5,,,,,6,6
1,27073,179,01:28.0,1,5551618,,,-103,-12,80.21306,7.432168,1725,-108,-17,,,,,,
2,24027,443,00:28.0,2,6002432,6114816,,-105,-17,81.677998,7.731966,1725,-107,-16.5,-108,-19,,,6,11
2,20290,137,01:46.0,2,28956160,6430467,,-100,-12.5,80.023495,9.745638,1725,-105,-17.5,-107,-17.5,,,7,10
0,20782,282,01:11.0,0,5320193,,,-89.5,-11,80.407811,9.365959,1725,-100,-20,,,,,4,4.5
1,21973,386,00:20.0,1,6543104,,,-112.5,-14.6,80.370069,8.302266,1725,-115.5,-18,,,,,9,13.7
82,27306,308,01:28.0,82,6024272,,,-114,-13.5,81.076021,8.055526,525,-125,-20,,,,,7,33
80,27309,378,01:19.0,80,6975314,5874553,,-119,-13.5,81.167315,8.476284,525,-121,-17.5,-127,-20,,,8,5
0,25119,118,01:54.0,0,5541407,,,-110,-16,80.028461,9.743188,1725,-115,-20,,,,,8,13
82,27379,83,01:01.0,82,5894738,5894737,,-103,-13,80.271023,7.817785,525,-105,-15,-108,-18,,,,13
1,25070,292,01:07.0,1,5330691,6417920,,-110,-12.5,79.862873,7.425124,1725,-113,-14.5,-117,-18.5,,,9,19
2,20011,415,00:24.0,2,5122817,5122819,5122849,-87,-12,79.857661,6.90257,1725,-89,-13,-92,-15.5,-93,-16.5,,
0,23878,297,00:39.0,0,6112800,5570817,5335810,-93.7,-15.2,81.193432,8.595368,1725,-96,-16.5,-101,-19.3,-102.3,-20,7,9.5
1,24832,118,01:24.0,1,6108161,,,-97.7,-15.5,81.596083,7.79103,1725,-102.5,-18.1,,,,,9,8.3
0,20004,315,01:34.0,0,5121026,,,-75,-9.5,79.859372,6.910547,1725,-81,-15.5,,,,,5,0
0,26983,24,00:28.0,0,5274112,5501196,,-110,-13,79.864025,6.939324,1725,-113,-16.5,-116,-18,,,,
21,20768,198,01:49.0,21,5316610,5542923,,-111,-17.5,80.241138,9.807925,1725,-117,-20,-118,-20,,,,
0,27073,178,00:37.0,0,5917184,5554709,5554690,-114,-15,80.213628,7.45423,1725,-116,-16,-116,-14.5,-120,-20,7,22
81,24928,241,00:05.0,81,6165330,5323856,6391890,-102,-17.5,80.356622,7.479506,525,-101,-14.5,-106,-19.5,-106,-20,,
0,20475,369,00:08.0,0,5504769,,,-100,-12.5,79.865406,6.951428,1725,-104,-14.5,,,,,,
1,20117,382,01:08.0,1,4294967295,,,-77,-9,79.860029,6.921657,1725,-98,-20,,,,,,3
0,21692,54,01:47.0,0,5413151,,,-99,-14.5,80.293364,7.319776,1725,-105,-20,,,,,,39
2,20648,145,00:45.0,2,5298432,,,-96.4,-12.6,79.952542,7.17573,1725,-102,-16.3,,,,,7,6.5
2,20815,99,00:39.0,2,5328671,,,-96.7,-11.4,80.655812,7.856462,1725,-102.5,-17.3,,,,,6.7,4.2
1,20153,79,01:48.0,1,6046976,6046977,,-104,-13.3,79.998524,9.717951,1725,-107.3,-16,-111,-18.5,,,5,4.5
1,25649,20,01:29.0,1,5529345,5288459,,-111,-16,80.012486,7.047344,1725,-110,-15.5,-112,-17.5,,,,
2,24183,41,00:12.0,2,5543189,6167297,6190849,-107,-19,80.012946,9.665825,1725,-108,-20,-108,-18,-110,-20,,2
0,20004,315,00:03.0,0,5392128,6214656,5121026,-93,-15.5,79.858725,6.910235,1725,-94,-17,-94,-16,-94,-17.5,,3
0,20004,315,01:09.0,0,5121026,6202114,,-85,-12,79.858069,6.91181,1725,-87,-13.5,-93,-19,,,6,3
32,20648,313,01:19.0,32,5298434,5530142,,-106.5,-12.3,79.94879,7.176926,1725,-110.5,-15.5,-112.5,-17.8,,,7,13
1,20756,233,00:37.0,1,5313556,5316096,,-104,-15.5,80.047342,9.716846,1725,-106,-13,-111,-18,,,,6
0,22722,372,00:28.0,0,6059522,6935298,,-108,-15.5,79.89705,7.448355,1725,-109,-13,-111,-16,,,,20
1,24027,442,00:38.0,1,5820417,,,-107,-16,81.686805,7.727849,1725,-106,-14,,,,,,
0,23878,297,01:27.0,0,6581763,,,-94,-15,81.199694,8.595727,1725,-98,-19,,,,,6,19
2,21703,24,00:12.0,2,5556736,,,-109,-16.5,80.590089,7.712304,1725,-122,-20,,,,,5,15
0,20661,441,01:30.0,0,5302786,5944064,5302787,-95,-14.5,79.915663,7.007781,1725,-94,-15,-99,-19.5,-100,-17,6,14
53,23009,12,01:01.0,53,6927410,,,-111.7,-12.8,80.384499,7.68585,2530,-115.3,-17,,,,,9,39
0,20499,196,01:15.0,0,5247765,,,-54,-12,79.851818,6.937882,1725,-62,-20,,,,,9,0
0,21710,372,00:37.0,0,5557762,6476546,5556995,-110,-17,80.759241,9.221779,1725,-112,-17.5,-113,-19,-114,-20,5,19
0,20114,396,00:29.0,0,5122818,5149185,,-104,-14.5,79.856051,6.899286,1725,-108,-16,-109,-18,,,7,1
1,22980,278,01:24.0,1,5312021,5312011,,-105,-12.5,80.185999,9.812797,1725,-109,-18.5,-111,-20,,,10,10
1,23017,55,01:35.0,1,6019328,,,-107,-13,80.302893,7.479533,1725,-113,-20,,,,,5,43
3,20779,252,00:43.0,3,6787073,,,-114,-15.5,80.433407,7.32728,1725,-117,-18,,,,,6,98
1,20441,265,01:55.0,1,5232896,,,-93.8,-12.9,81.739916,7.668192,1725,-99.8,-18.1,,,,,11,2
0,22612,421,01:08.0,0,5623554,5788674,,-113,-12.5,80.540128,7.915799,1725,-118,-17,-119,-18,,,7,27
0,22612,421,00:23.0,0,5788673,,,-106.3,-13.3,80.539219,7.895942,1725,-110,-17,,,,,5,22
0,22612,421,00:39.0,0,5623554,,,-111.6,-14,80.551556,7.895691,1725,-115.4,-17.5,,,,,5.6,42.2
1,20507,62,00:51.0,1,7053312,5245442,,-85,-10,79.867517,6.920218,1725,-90,-15,-92,-17.5,,,,1
82,27379,83,00:49.0,82,5892689,6525777,,-111,-11,80.262779,7.800198,525,-117,-16.5,-123,-20,,,7,37
0,26990,423,01:54.0,0,6909460,,,-94.3,-12.3,,,1725,-97.8,-14.6,,,,,7,3
1,20810,247,00:10.0,1,5327362,5892097,5550850,-106,-17,80.339595,7.491778,1725,-106,-17.5,-107,-18.5,-108,-19,4,25
1,26991,286,01:39.0,1,5274902,5512736,5199360,-94,-14.5,79.903756,6.939389,1725,-98,-17.5,-99,-18.5,-100,-19.5,5,6
1,26991,286,00:56.0,1,5274902,5254913,7127808,-103,-13,79.902491,6.938692,1725,-107,-17,-108,-17,-108,-17.5,5,6
0,25688,376,00:35.0,0,5286156,,,-102.3,-12.5,80.130866,7.250582,1725,-108,-17.7,,,,,6,4
0,20536,60,00:18.0,0,5257217,6243840,5134338,-85,-12,79.845534,6.935364,1725,-90,-18,-92,-19,-93,-18.5,8,0
0,25708,159,00:41.0,0,5455888,,,-111,-15,80.325406,7.340872,1725,-115,-17.5,,,,,6,33
0,25708,159,00:48.0,0,5455888,5413121,,-109,-14.5,80.323019,7.338403,1725,-115,-20,-116,-19.5,,,6,33
0,25708,159,00:11.0,0,6581249,5413141,,-111,-15.2,80.311268,7.32467,1725,-112,-17,-114.7,-19.7,,,1,8
1,22587,202,00:48.0,1,5220384,6113026,,-118,-15,81.180285,8.500508,1725,-122,-19,-123,-20,,,9,7
1,20772,229,00:01.0,1,6190594,,,-103.3,-14,80.025414,9.660527,1725,-105.3,-15.3,,,,,9,3.5
92,20824,106,01:06.0,92,5561936,,,-114,-13.3,79.80899,7.632249,525,-118,-16.8,,,,,7.5,30.5
21,23649,128,01:00.0,21,6040833,,,-117,-14.5,80.520599,7.449321,1725,-124.5,-19.8,,,,,5.5,91
1,20774,435,00:23.0,1,5318146,5318144,,-105,-14.5,80.040509,9.668228,1725,-112,-17.5,-113,-20,,,7,6
20,20650,401,00:41.0,20,6246166,5286400,,-83,-12,80.070791,7.125115,1725,-96,-20,-96,-20,,,10,1
0,24461,51,01:26.0,0,5523713,6049813,6308096,-83,-11.5,80.094762,7.141308,1725,-87,-19,-88,-14.5,-88,-17.5,9,4
1,20610,5,00:53.0,1,5276162,,,-82.3,-12.8,79.863748,6.862985,1725,-85.6,-14.7,,,,,11,1.3
1,20723,168,00:21.0,1,6429184,5307137,,-95,-11.5,79.841797,7.210522,1725,-101,-16,-103,-20,,,8,2
2,27658,32,01:54.0,2,5234688,6206976,,-69,-10,79.860951,6.919362,1725,-70,-12.5,-77,-17.5,,,,
2,20212,440,00:08.0,2,5164055,5266709,,-92,-13.8,79.873383,6.877736,1725,-103.5,-19.8,-105,-20,,,10,3
220,20056,73,01:42.0,,5242569,,,-100,-11.5,79.845576,6.932118,39146,-106.3,-17.2,,,,,12.8,3
0,24227,98,01:31.0,0,5128962,7080450,,-90,-13,79.859034,6.923027,1725,-95,-18,-96,-14,,,,
0,20623,345,01:46.0,0,5234944,,,-89,-8.5,79.861702,6.947833,1725,-94,-11.5,,,,,13,1
2,23002,259,01:37.0,2,5771265,5888523,5810708,-105,-16.5,80.131639,7.014432,1725,-108,-18,-108,-18,-113,-20,5,30
1,21193,169,01:32.0,1,5128193,5425408,,-110,-10.5,79.856406,6.896291,1725,-113,-11,-116,-16.5,,,10,2
30,20303,327,00:29.0,30,5197569,5197578,,-101,-16.5,81.724809,7.687048,1725,-102,-20,-103,-20,,,6,3
2,20771,346,01:32.0,2,5916930,,,-105,-14.3,79.98765,9.738275,1725,-109.5,-18.3,,,,,,24
21,21610,199,01:19.0,21,5283606,6601217,,-109,-16.5,79.984515,7.033143,1725,-108,-15.5,-110,-17.5,,,5,21
2,26650,296,00:05.0,2,5284884,,,-99.6,-13.7,79.869968,7.269122,1725,-104.8,-17.7,,,,,11.3,6.2
2,26650,296,00:36.0,2,5284884,,,-92.8,-13.2,79.870212,7.269282,1725,-96.3,-17.1,,,,,9,6.2
41,20649,370,00:52.0,41,5286186,,,-107,-11,,,3650,-112,-16,,,,,7,26
22,21115,127,01:33.0,22,5197076,,,-88.5,-13.4,80.409379,8.334673,1725,-93,-15.5,,,,,7.5,3.3
22,21115,127,01:18.0,22,5405472,,,-95.6,-12.7,80.40885,8.334626,1725,-99.4,-16,,,,,9,3.9
21,21115,400,01:20.0,21,5405472,5405451,,-98,-19,80.409911,8.332811,1725,-99,-17,-100,-18.5,,,11,0
2,20858,177,01:47.0,2,5339649,,,-86.7,-14.5,80.499003,8.76177,1725,-91.4,-17.7,,,,,11.5,1.2
11,20424,126,01:51.0,11,5228575,,,-105,-12.5,81.561058,7.915372,1725,-107,-15.5,,,,,,6
0,25629,116,00:49.0,0,5901825,5794049,,-113,-17,80.33267,8.181213,1725,-114,-18,-118,-20,,,5,38
2,20212,440,00:29.0,2,5266709,,,-96,-14,79.873747,6.877761,1725,-102.5,-19.3,,,,,10,2.5
2,20212,440,00:39.0,2,5266709,5164055,,-102,-14,79.873193,6.878176,1725,-106,-15.5,-108,-16.5,,,10,3
0,25629,116,00:44.0,0,5901826,,,-102.5,-13,80.318343,8.172106,1725,-107.5,-17,,,,,6.2,13.3
0,24227,98,00:51.0,0,5128962,7080450,,-95,-13.8,79.860353,6.919512,1725,-97.5,-14.8,-100,-14.8,,,6.5,8.5
10,24045,95,01:12.0,10,6155521,6155550,,-97,-9,81.502759,7.94361,1725,-108,-18,-108,-18,,,7,5
3,20646,274,00:36.0,3,5302048,,,-109,-12.5,79.934314,6.988155,1725,-114,-16.5,,,,,7,9
22,20771,347,01:48.0,22,5879809,,,-109.6,-13.9,79.981027,9.74576,1725,-112.7,-15.6,,,,,5.7,12.8
2,20086,71,00:24.0,2,6126613,6126593,6154755,-107.3,-14.7,79.850915,6.904057,1725,-106,-15,-106.3,-14.7,-108.3,-15.5,6,6.5
0,23882,408,00:18.0,0,6344706,5820426,,-104,-13,81.699922,7.730379,1725,-108,-15,-109,-16.5,,,6,6
1,21193,169,00:23.0,1,6152704,,,-82.7,-11.6,79.856832,6.896138,1725,-88.4,-17.1,,,,,8,2.3
0,25766,114,00:09.0,0,5545236,5545472,,-121,-20,80.584874,9.426518,1725,-117,-16.5,-121,-19,,,1,111
12,20300,259,00:22.0,12,5196832,5196800,5222913,-114,-17.5,81.824956,7.417051,1725,-115,-19.5,-116,-20,-118,-20,,4
22,20300,258,00:33.0,22,5196832,5196802,,-106,-14,81.825817,7.414438,1725,-105,-12.5,-112,-19,,,6,1
22,20300,258,00:46.0,22,5196832,5196812,,-92,-11,81.825639,7.415573,1725,-101,-20,-102,-20,,,7,1
2,21456,189,00:11.0,2,5904897,,,-101,-16.5,81.676932,7.591221,1725,-100,-14.5,,,,,5,51
0,23520,180,01:07.0,0,5305866,,,-104.2,-16.2,79.909625,7.142487,1725,-108.8,-19.5,,,,,,10
1,23156,89,01:58.0,1,5267723,,,-101,-12.5,79.958606,6.915946,1725,-108,-15.5,,,,,11,6
3,20007,38,00:34.0,3,5121812,5121792,,-82,-12,79.860678,6.895106,1725,-86,-15,-86,-15.5,,,6,1
30,20425,409,01:09.0,30,6114048,,,-100.3,-15.3,81.614148,7.782054,1725,-103.3,-16.5,,,,,4.5,12.5
0,20253,280,01:39.0,0,6259203,6914818,,-97,-13.5,79.861865,6.87124,1725,-101,-17,-102,-17.5,,,6,0
2,26650,296,00:51.0,2,5284884,,,-97.5,-13.4,79.870561,7.268953,1725,-104.3,-18.4,,,,,10.8,5
1,21457,314,01:29.0,1,5155841,5155861,,-122,-15,81.699219,7.713114,1725,-123,-16,-124,-16.5,,,,4
12,24860,405,01:45.0,12,5410325,6371850,,-102.3,-15.9,79.854186,7.242844,1725,-100.5,-14.4,-103.8,-17.9,,,6,13.3
12,20649,131,00:58.0,12,5410836,6576128,,-112,-15,80.136094,7.269717,1725,-114.3,-17,-114.3,-17.7,,,7,28.5
11,21115,401,00:41.0,11,5604608,,,-112,-17,80.395406,8.333463,1725,-112,-17,,,,,4,23
21,21115,400,01:36.0,21,5405472,5405451,,-97,-18,80.409804,8.332874,1725,-99,-17,-100,-17,,,10,0
12,20393,259,01:51.0,12,5337366,5337347,,-96.3,-14.7,80.496381,8.753355,1725,-98.3,-15,-99.7,-16.3,,,9,3.5
12,20254,386,00:30.0,12,6350081,,,-87,-12,79.890031,6.985259,1725,-90,-15,,,,,5,9
1,24586,445,01:40.0,1,6130688,,,-101,-13.3,81.538984,7.922406,1725,-104.5,-17,,,,,9.5,6
2,20424,128,01:03.0,2,5228547,,,-104.1,-11.8,81.552665,7.921402,1725,-108.9,-16,,,,,9.7,14.6
11,20424,126,01:05.0,11,5228575,,,-106,-12.5,81.560848,7.915818,1725,-110,-17,,,,,,6
1,21574,375,01:44.0,1,5289473,5411841,,-115,-19.5,79.862214,7.070308,1725,-113,-18,-117,-20,,,6,11
21,20309,300,00:31.0,21,5199105,5272066,5308930,-112,-17,79.890024,6.932359,1725,-111,-17,-115,-19.5,-116,-20,3,4
22,20160,169,01:59.0,22,5152002,5144577,5592576,-104,-16,79.850419,6.916806,1725,-107,-18.5,-107,-18,-108,-18.5,3,5
3,21585,112,01:08.0,3,4294967295,,,-106.5,-15.4,80.144454,7.131101,1725,-108.7,-18.1,,,,,8,14
2,20855,156,01:39.0,2,5339052,,,-104,-16.5,80.481689,8.775369,1725,-106,-17.5,,,,,,8
0,24227,98,00:08.0,0,5124096,5124097,,-73,-10.5,79.859028,6.914902,1725,-82,-19,-82,-19,,,,
30,24045,144,01:40.0,30,6127104,,,-108.2,-13.3,81.527553,7.946423,1725,-112.9,-18.1,,,,,8,41
0,21657,93,01:22.0,0,5544193,,,-106.3,-14.8,80.054009,9.656642,1725,-110.4,-17.8,,,,,11.3,9
0,22928,366,01:45.0,0,5603586,,,-117,-18.5,80.492719,8.313964,1725,-117,-18,,,,,,50
0,23882,408,00:33.0,0,6344706,,,-103,-12,81.699565,7.729118,1725,-112.5,-19.3,,,,,11.5,3
2,21456,189,00:36.0,2,5766145,6107925,,-106,-14.5,81.698915,7.585672,1725,-107,-15.5,-113,-20,,,5,40
0,25766,114,00:04.0,0,6563586,,,-110.3,-14.2,80.596286,9.361861,1725,-115.2,-18.5,,,,,8.5,14
81,27394,229,01:36.0,81,6050129,6050168,,-102,-12,79.734634,8.050115,525,-107.5,-15.8,-112.5,-20,,,9.5,8.5
10,20303,212,00:06.0,10,5232396,,,-97,-12.8,81.728513,7.687082,1725,-104.8,-19,,,,,7.5,7.5
2,21456,189,00:18.0,2,5492736,,,-82.5,-13,81.711977,7.608686,1725,-86.5,-15.5,,,,,11.5,0.5
10,20425,341,01:26.0,10,6339605,,,-109.7,-12.3,81.614018,7.776794,1725,-113.3,-18,,,,,8,12
0,23882,408,01:09.0,0,6113793,5155860,,-88,-13,81.697985,7.728688,1725,-89,-12.5,-95,-20,,,8,2
2,26650,296,00:20.0,2,5284884,,,-101.5,-13.9,79.87012,7.268921,1725,-105.9,-17.3,,,,,9.8,6.2
12,20649,131,00:32.0,12,5410836,,,-109,-13.5,80.12521,7.271145,1725,-114,-18,,,,,6,29
1,24586,445,01:24.0,1,5228288,6903838,6130690,-113,-17,81.537959,7.9147,1725,-111,-13.5,-115,-17.5,-115,-18,5,15
12,20393,259,01:55.0,12,5337366,,,-100.4,-12.5,80.496482,8.752536,1725,-105.6,-16.4,,,,,9.3,2.5
1,20402,161,01:55.0,1,5196810,5196830,6581526,-99,-15.5,81.828771,7.417421,1725,-97.5,-15.5,-99.5,-17.3,-102,-19.5,6,9
1,23113,430,01:59.0,1,5799445,,,-106.8,-11.4,80.006481,9.730304,1725,-114,-17.6,,,,,9.5,27.7
11,20424,126,01:56.0,11,5228575,,,-104,-12.5,81.560835,7.915845,1725,-107,-15,,,,,,6
32,20104,200,00:30.0,32,5133056,5146636,,-100,-10.5,79.879987,6.899707,1725,-106,-16.5,-108,-19.5,,,11,4
20,23417,229,01:51.0,20,5927682,5310997,,-108,-15.5,80.184471,9.803728,1725,-115,-20,-118,-20,,,,18
1,20125,28,00:34.0,1,7051521,,,-89,-10.5,79.853231,6.918429,1725,-98,-19,,,,,,3
3,20646,274,01:46.0,3,5207583,,,-92.3,-11.8,79.940114,6.993659,1725,-99.7,-17.8,,,,,7.5,9
1,21193,169,00:20.0,1,5121281,,,-77,-12.5,79.856119,6.895893,1725,-78,-10,,,,,8,1
32,20104,200,00:09.0,32,5146625,,,-92,-13,79.880609,6.899557,1725,-98,-17,,,,,8,4
22,20193,90,00:30.0,22,5169410,,,-94,-14.5,79.893264,7.063083,1725,-98,-16.5,,,,,9,6
0,23520,180,01:59.0,0,5779202,,,-104,-18,79.912556,7.147163,1725,-104,-17.5,,,,,2,16
0,20126,193,01:34.0,0,5134338,4294967295,4294967295,-93,-13,79.84482,6.93617,1725,-95,-16.5,-102,-20,-102,-20,10,0
0,20697,339,00:06.0,0,5285890,,,-91.5,-14.3,79.950156,7.175253,1725,-93.6,-15.9,,,,,10,5.1
2,24586,446,01:40.0,2,6127104,6155521,,-100,-19,81.512804,7.930921,1725,-97,-17.5,-99,-19.3,,,,43
11,21115,401,01:50.0,11,5197077,5405471,,-98,-13,80.404558,8.329732,1725,-103,-14.5,-103,-18.5,,,,12
2,23694,223,01:41.0,2,6065686,5882132,5882112,-92,-14,79.969197,7.003697,1725,-93,-13.5,-98,-17,-98,-17,6,3
2,24586,446,01:57.0,2,5766932,6130690,5766913,-110,-17.5,81.53548,7.919718,1725,-114,-19.5,-115,-20,-116,-20,,9
2,23113,208,01:44.0,2,5317378,,,-111.5,-17,79.978468,9.730321,1725,-114.5,-17,,,,,6,21.5
11,20424,126,00:50.0,11,6130689,,,-108.7,-13.3,81.553166,7.902458,1725,-112.2,-16.4,,,,,6.5,20
21,21686,349,00:46.0,21,5321216,,,-103,-12.8,80.213757,7.421848,1725,-106.3,-16.8,,,,,9,6
2,20212,440,01:51.0,2,5164055,5171200,,-103,-11.5,79.873308,6.875344,1725,-104,-13.5,-110,-20,,,9,3
2,20212,440,01:40.0,2,5164055,5171200,,-105,-14.5,79.872774,6.877479,1725,-110,-20,-111,-20,,,9,3
1,20056,15,00:19.0,1,5509378,5257238,5257218,-102,-15.5,79.843465,6.933028,1725,-104,-14.5,-105,-16.5,-107,-19,10,4
21,21705,178,01:44.0,21,5556480,,,-93.3,-12.2,80.650418,7.873776,1725,-99.4,-17.9,,,,,6.4,3
10,24045,95,01:02.0,10,6155550,6155521,6155540,-99,-11.5,81.502633,7.945238,1725,-105,-16.5,-106,-18,-128,-20,9,5
3,25629,346,01:31.0,3,5227264,5904641,,-110,-13.5,80.31264,8.196147,1725,-111,-15,-114,-18,,,,41
132,24235,282,01:47.0,,5563012,,,-113,-13,,,41090,-115,-14.5,,,,,7,7
1,21193,169,00:39.0,1,5121281,,,-77,-11.5,79.856033,6.896103,1725,-84,-13.5,,,,,8,1
1,25629,115,01:05.0,1,5227294,,,-104,-13.3,80.315772,8.16508,1725,-115,-20,,,,,5,12.5
10,23079,269,00:28.0,10,5623562,6453013,,-111,-16,80.555732,7.954575,1725,-110,-15,-114,-18.5,,,4,85
11,21115,401,00:29.0,11,5405452,,,-78,-15,80.410276,8.332594,1725,-80,-17.5,,,,,6,1
0,20418,222,01:31.0,0,5227028,,,-95.3,-12.4,80.597028,8.040566,1725,-100.5,-16.3,,,,,7.5,2
0,20015,150,00:42.0,0,5233410,7051521,5120788,-88,-13.5,79.851933,6.913892,1725,-89,-14,-91,-15.5,-92,-17,6,1
2,20424,128,01:11.0,2,5228308,6294016,,-110,-11,81.553532,7.919461,1725,-115.5,-16.8,-116.5,-18,,,12,16
3,25629,346,01:33.0,3,5901826,,,-109.9,-13.9,80.312283,8.181228,1725,-112,-16.6,,,,,6,25.6
80,27107,89,01:24.0,80,5334894,,,-103.3,-11.9,81.273848,8.446604,525,-110.2,-17.4,,,,,8,12.8
32,20104,200,00:41.0,32,5147904,5146636,7048468,-97,-11.5,79.879849,6.901312,1725,-99,-13,-102,-16.5,-107,-20,,
2,20819,246,01:32.0,2,5329665,,,-88,-14.5,79.888826,7.297543,1725,-87,-14,,,,,,2
0,23550,52,01:10.0,0,6503444,5328417,,-117,-17,80.560648,7.804866,1725,-119,-19,-120,-16.5,,,3,67
12,20300,259,00:00.0,12,5196832,5196822,6581526,-108,-15.5,81.825319,7.416151,1725,-109,-16.5,-110,-17.5,-111,-18.5,,4
3,20646,274,01:25.0,3,5207583,5302048,,-109,-13,79.93397,6.98844,1725,-116,-18,-116,-17.5,,,,
1,25629,115,01:21.0,1,5227294,,,-109,-13.7,80.316052,8.16654,1725,-113.3,-17.8,,,,,5,18
3,25629,346,00:30.0,3,5227264,5904641,,-109,-14,80.312635,8.196088,1725,-112,-15,-113,-17.5,,,,41
1,20477,281,01:56.0,1,6150669,7051521,5160980,-110,-20,79.859342,6.923931,1725,-106,-18.5,-107,-18.5,-108,-20,4,8
0,23882,408,00:03.0,0,5820426,,,-101,-12.9,81.70127,7.728269,1725,-106.5,-18.1,,,,,9.5,6.4
91,27394,230,00:02.0,91,4294967295,6025296,,-116,-13.5,79.735728,8.046576,525,-120,-17,-121,-18,,,,
1,23113,430,00:27.0,1,5995029,4294967295,,-109.5,-15,80.00071,9.74629,1725,-112,-17.5,-112,-18,,,7,19
2,20424,128,00:11.0,2,5228547,,,-104,-11.8,81.55744,7.921875,1725,-109.2,-15.5,,,,,9.9,12.3
2,20424,128,00:28.0,2,5228547,,,-102.2,-11.8,81.55219,7.921478,1725,-107.5,-16,,,,,9.5,16.6
0,25629,116,00:50.0,0,5901826,,,-101.8,-13.4,80.317836,8.175948,1725,-106.8,-17.9,,,,,4,15.7
1,25629,115,00:07.0,1,6561024,,,-111,-13.4,80.326751,8.165377,1725,-114.1,-16.9,,,,,7,24.5
0,25629,116,00:17.0,0,5901825,,,-109,-11,80.336191,8.174104,1725,-116,-18.5,,,,,6,37
3,21585,112,00:11.0,3,4294967295,4294967295,4294967295,-117,-20,80.122976,7.127294,1725,-114,-18,-118,-20,-120,-20,,22
1,24091,392,01:33.0,1,6167296,6564610,7164949,-96,-17,80.013182,9.665816,1725,-98,-19,-99,-19.5,-99,-20,5,2
3,20634,234,01:50.0,3,5282304,,,-107.2,-13.1,80.019495,7.219297,1725,-110.8,-15.1,,,,,6.2,11.2
83,27352,42,00:36.0,83,5625946,6561106,,-110,-12,80.283247,8.169798,525,-115,-17,-123,-20,,,7,31
1,26939,105,01:05.0,1,5223434,5779978,5226754,-112,-17.5,,,1725,-110,-17.5,-112,-19,-113,-20,,11
12,20254,386,00:55.0,12,5185056,5185046,,-121,-14.5,79.892388,6.990329,1725,-121,-14,-124,-17.5,,,6,1
1,23925,386,01:37.0,1,5912833,,,-106,-16.5,81.344042,7.552344,1725,-103,-13,,,,,,10
2,23694,223,00:05.0,2,6065686,5882114,5882370,-94,-14.5,79.965618,7.001274,1725,-95,-14,-98,-15,-101,-19,5,7
0,23520,180,00:31.0,0,5305876,5779222,,-113,-16.5,79.912063,7.14685,1725,-115,-16.5,-117,-17,,,,
3,21585,112,01:57.0,3,5525770,,,-106,-15.5,80.127048,7.130392,1725,-107,-16.5,,,,,9,17
0,25629,116,01:17.0,0,6561025,,,-97.4,-11.8,80.317119,8.170664,1725,-103.2,-16.8,,,,,8.1,9.9
3,25629,346,00:19.0,3,6561026,,,-103,-10.5,80.313113,8.191481,1725,-109,-16.5,,,,,,31
1,25629,115,01:48.0,1,6561026,,,-95.1,-11.8,80.311708,8.167683,1725,-99.9,-16.9,,,,,5.5,4
1,24091,392,01:45.0,1,6167296,,,-86.4,-14,80.012625,9.667205,1725,-91,-17.8,,,,,10.6,0.6
20,20438,337,01:12.0,20,5232129,,,-118,-14.5,81.693586,7.710313,1725,-117,-13.5,,,,,,1
0,20697,339,00:14.0,0,5298453,,,-90,-14.5,79.951631,7.172689,1725,-92.5,-14.9,,,,,8.8,5.5
81,27252,413,01:57.0,81,6976603,6976602,6976592,-95,-13.5,81.805278,7.363427,525,-98,-15.5,-98,-16.5,-100,-18,,1
1,26939,105,01:33.0,1,5223434,5223701,,-102,-14,81.853138,7.232924,1725,-104,-15,-108,-18.5,,,6,10
11,20769,98,01:09.0,11,6167298,5312770,,-97,-16.5,80.010341,9.668512,1725,-95,-14.5,-96,-16,,,,
12,20254,386,00:40.0,12,5185056,5185046,,-117,-12.5,79.892388,6.990329,1725,-117,-13.5,-126,-19,,,7,1
0,24641,274,01:51.0,0,5207820,5207830,5291787,-104,-14,80.09306,7.136926,1725,-105,-18,-105,-18.5,-105,-18.5,7,3
21,21115,400,00:48.0,21,5405451,,,-102,-11.8,80.404686,8.335978,1725,-107.7,-19,,,,,8,10
3,21118,57,01:27.0,3,6548993,,,-115,-16.5,80.831685,8.547751,1725,-118,-19.5,,,,,,21
2,20424,128,01:20.0,2,6294016,5228575,,-106,-14.3,81.553968,7.917809,1725,-108.5,-15.5,-110.5,-18.5,,,6,13
1,24829,238,01:08.0,1,7175171,,,-106.5,-16.3,81.030362,7.626467,1725,-108.8,-18.8,,,,,11.5,30.3
1,21653,176,01:31.0,1,7164928,,,-91,-9.5,80.010686,9.66942,1725,-97.5,-17.5,,,,,7,2
32,20104,200,01:11.0,32,5586435,5144843,5504513,-111,-16.5,79.877485,6.898912,1725,-114,-16,-114,-16,-114,-16.5,,8
0,25629,116,00:33.0,0,5901826,,,-109.7,-12.7,80.318837,8.170532,1725,-117.7,-19.3,,,,,7,14
0,25629,116,00:16.0,0,5901826,5901825,,-108.7,-12,80.32069,8.178871,1725,-113.7,-17.7,-113.7,-17.3,,,7,18.5
1,21611,149,01:59.0,1,5770497,,,-113.5,-14.5,79.972682,7.137385,1725,-114,-17.5,,,,,7.5,16.5
0,22928,366,01:46.0,0,5603586,,,-118,-19,80.492539,8.313578,1725,-117,-18,,,,,,50
1,21193,169,00:48.0,1,5121795,5425408,,-86,-11.5,79.855993,6.896355,1725,-89,-16,-92,-16.5,,,10,2
22,20193,90,01:57.0,22,5169410,,,-90,-13,79.893445,7.066584,1725,-95.7,-17.7,,,,,8.3,5
22,20193,90,01:17.0,22,5169410,5289728,,-91,-14.5,79.894494,7.064204,1725,-91,-16.5,-95,-18.5,,,5,7
30,20303,327,00:03.0,30,5197569,6124034,,-87,-14.8,81.725472,7.686787,1725,-87,-14.4,-92,-19,,,8.5,4
10,20303,212,00:52.0,10,5232396,5231637,,-89,-13.5,81.725884,7.688902,1725,-95,-18,-97,-19,,,11,3
0,25766,114,01:09.0,0,5545473,,,-111.5,-16.8,80.584697,9.38045,1725,-115,-19.3,,,,,,42.5
0,20253,280,01:48.0,0,5205249,5205278,,-81,-11,79.863311,6.87024,1725,-87.3,-17,-88.3,-18,,,9.5,1.5
10,23079,269,00:49.0,10,5908244,5788674,5878528,-111,-18.5,80.533549,8.010113,1725,-112,-17,-112,-18.5,-113,-18,5,105
2,26650,296,00:15.0,2,5284884,,,-100.2,-13.1,79.870472,7.26899,1725,-105.8,-17,,,,,8,5.7
2,21879,299,01:55.0,2,5791233,,,-118.3,-17.5,80.225184,8.186012,1725,-119,-17.6,,,,,4.5,41.7
12,20649,131,01:14.0,12,6576128,5286176,,-95,-10,80.134294,7.281452,1725,-101,-17,-104,-20,,,7,31
11,21115,401,00:07.0,11,5609217,,,-100,-14,80.398997,8.335295,1725,-106,-18.5,,,,,7,18
11,21115,401,00:58.0,11,5492168,,,-98,-14,80.398922,8.337377,1725,-100,-16,,,,,,
22,21115,127,01:13.0,22,5405472,5197076,,-109,-13.5,80.409115,8.334242,1725,-110,-14.5,-115,-19,,,6,4
2,23694,223,01:20.0,2,5301762,6322433,6065686,-110,-19,79.965097,7.000424,1725,-111,-19.5,-112,-20,-112,-20,6,11
12,20254,386,01:01.0,12,6350081,6925570,6350080,-86,-12.5,79.890373,6.985605,1725,-87,-14,-92,-19,-92,-19,,
1,24604,65,00:36.0,1,6298624,,,-100.7,-16.1,80.666969,8.281859,1725,-105.2,-18.3,,,,,5,47
11,20015,123,01:02.0,11,5123842,,,-81.5,-11.1,79.851534,6.910871,1725,-87.7,-17,,,,,10.8,1
1,23113,430,00:53.0,1,4294967295,,,-107,-15,80.004843,9.74343,1725,-111,-18,,,,,6,19
2,23113,208,01:56.0,2,5317397,,,-90,-12,79.972411,9.731318,1725,-97,-19,,,,,6,24
11,20424,126,01:00.0,11,5228575,5228546,,-105,-13,81.560589,7.916366,1725,-108,-16.5,-111,-16,,,,6
1,24091,392,00:57.0,1,6167296,,,-93.4,-14.7,80.012812,9.667412,1725,-97.6,-17.2,,,,,10.8,0.6
3,21585,112,00:56.0,3,4294967295,4294967295,5525790,-118,-18,80.120578,7.134008,1725,-114,-15.5,-115,-16.5,-118,-18,,23
0,25629,116,00:15.0,0,6561025,,,-95,-13.2,80.32193,8.166946,1725,-97.7,-14.5,,,,,7,22
1,25629,115,00:38.0,1,5227274,,,-105,-12,80.311331,8.162438,1725,-109,-16.5,,,,,7,10
0,25629,116,01:56.0,0,6561025,5227294,,-108,-15,80.322552,8.167106,1725,-110,-17,-115,-20,,,6,17
0,20559,114,00:58.0,0,5207041,,,-104,-13.5,79.875293,6.978696,1725,-106,-18,,,,,5,3
20,20303,211,01:08.0,20,5197568,5232384,6109974,-106,-14.5,81.730308,7.687805,1725,-110,-18.5,-112,-20,-113,-20,,10
30,20303,327,01:15.0,30,5197569,,,-86.8,-13.5,81.724759,7.68701,1725,-90.2,-15.8,,,,,8.2,4.4
2,21456,189,00:23.0,2,6565378,,,-107,-13.5,81.683675,7.592308,1725,-110,-15.5,,,,,6,52
2,21456,189,00:35.0,2,5492736,,,-88,-11,81.712204,7.60868,1725,-95,-17.8,,,,,,0
2,21456,189,01:46.0,2,5231638,6107925,,-108,-14,81.668584,7.609179,1725,-114,-19,-114,-19.5,,,6,52
1,25629,115,00:18.0,1,5227274,,,-106,-11.5,80.320511,8.163046,1725,-112,-16.5,,,,,8,11
0,20559,114,00:27.0,0,5263124,,,-70,-12,79.875445,6.97638,1725,-76,-17.5,,,,,11,0
0,26991,285,00:20.0,0,7127810,,,-87.3,-11.5,79.898824,6.941172,1725,-93,-16.3,,,,,8,2
1,20339,370,00:48.0,1,5206814,5308437,6248962,-99,-16.5,79.886123,7.001352,1725,-98,-15,-99,-16.5,-99,-17.5,5,9
3,25084,117,01:26.0,3,6421504,,,-94,-14,79.879747,6.851541,1725,-101,-14,,,,,13,2
0,23223,249,01:06.0,0,5776385,,,-107.6,-14.7,79.86538,7.569713,1725,-110.7,-18.2,,,,,8.8,16.8
0,23223,249,01:18.0,0,6053890,5776384,,-117,-20,79.875357,7.582935,1725,-114,-18.5,-116,-20,,,,40
1,20382,425,00:01.0,1,5217794,,,-100.9,-13.8,80.817201,9.261918,1725,-106.9,-17.8,,,,,11,16.8
0,26389,34,00:08.0,0,6927872,,,-108.8,-17,80.472186,7.460856,1725,-111,-19.3,,,,,6.3,43
3,20774,54,00:18.0,3,5316354,,,-105.3,-14.8,80.042675,9.676205,1725,-108.1,-16.6,,,,,10.3,7.2
3,20774,54,01:20.0,3,5316354,,,-101.8,-13.4,80.040729,9.676375,1725,-108.2,-18.7,,,,,11,7.3
40,21955,436,00:53.0,40,5492011,5604648,,-115.3,-15.8,80.390129,8.364936,3650,-116,-17.2,-118.3,-18.8,,,,26
12,20649,131,01:52.0,12,6576128,,,-103,-12.9,80.134986,7.269116,1725,-110.3,-17.8,,,,,8,30.3
21,20086,291,00:25.0,21,5123330,5123350,,-86,-12.3,79.850759,6.90852,1725,-91,-15.5,-91.5,-16,,,,2
2,20086,71,00:55.0,2,5142016,,,-89,-9.3,79.849337,6.908266,1725,-95.7,-14.5,,,,,6,0
2,20086,71,00:25.0,2,6382083,,,-93.3,-11.1,79.849661,6.907454,1725,-100,-16.8,,,,,6,1.3
1,23156,89,01:43.0,1,5145088,5158400,,-102,-15.5,79.961649,6.919577,1725,-102,-15,-106.5,-18.5,,,,14
2,24323,250,00:44.0,2,6226688,,,-89.5,-13.5,79.894351,7.00501,1725,-96,-19.5,,,,,11,4
3,20453,13,00:37.0,3,5279233,6737152,,-106,-16.5,79.873837,6.934819,1725,-106,-12.5,-113,-20,,,10,5
0,20126,193,00:11.0,0,5509377,,,-75,-11,79.843876,6.935419,1725,-82,-12.5,,,,,10,1
0,20126,193,00:22.0,0,5134338,6348290,,-99,-13.5,79.845011,6.935678,1725,-102,-15.5,-107,-20,,,6,0
0,20126,193,00:48.0,0,5134338,5152258,,-95,-10.5,79.8442,6.936266,1725,-101,-17.5,-103,-20,,,9,0
0,23457,324,01:01.0,0,6004993,6061568,6032386,-100,-12.5,81.045048,8.164712,1725,-109,-20,-110,-20,-110,-20,6,43
1,21148,194,00:00.0,1,6675712,5883412,,-112,-14.8,80.343883,7.44491,1725,-114,-17,-117,-19,,,,22.5
1,21148,194,00:27.0,1,6675712,5883412,,-110,-16,80.343865,7.449209,1725,-110,-17,-115,-20,,,9,23
0,22627,246,00:50.0,0,5792513,,,-95,-11.3,81.185111,7.923996,1725,-101.7,-16.8,,,,,7,6.3
31,20351,397,00:01.0,31,5209867,,,-75.2,-12.7,79.855366,7.198863,1725,-77.8,-15,,,,,10,5.5
0,23550,52,01:18.0,0,5328405,6249994,,-107,-16,80.570752,7.749917,1725,-107,-16,-110,-18.5,,,6,29
2,21700,421,01:09.0,2,6390784,,,-98,-13,79.905219,8.981999,1725,-100,-15.5,,,,,8,9
90,21136,379,01:28.0,90,6576210,,,-104.6,-12.2,80.122707,7.24861,525,-111,-18.7,,,,,8,15.4
0,24047,192,01:12.0,0,5208578,6156034,5536768,-104,-16.5,80.041557,7.166481,1725,-106,-17,-107,-15.5,-110,-19,10,16
3,22224,313,01:10.0,3,6392321,5689344,,-110.2,-17.3,80.081586,9.764548,1725,-109.4,-16.6,-113.6,-19.4,,,6,20
21,20834,300,00:30.0,21,5333506,5333505,,-111.7,-14.7,79.830158,7.395016,1725,-117.3,-20,-120,-20,,,,
2,20815,99,00:00.0,2,5328671,,,-99.4,-13.4,80.656742,7.856888,1725,-100.8,-14.9,,,,,8,7
82,20070,147,00:26.0,82,5138768,5280592,4294967295,-99,-11,79.845892,6.933128,525,-108,-15,-108,-20,-109,-20,10,9
1,23157,109,00:55.0,1,6648833,5559043,6029058,-111,-17,80.940874,8.051062,1725,-118,-20,-124,-20,-125,-20,9,16
2,20815,99,01:45.0,2,5328671,6180097,,-102.5,-14.3,80.653413,7.855898,1725,-104.2,-15.8,-108.5,-19.3,,,,
1,20153,79,00:24.0,1,6046977,,,-98,-12,79.998416,9.716724,1725,-103,-16.5,,,,,,5
0,23878,297,01:55.0,0,5335810,5570817,6112800,-100,-13,81.190406,8.59747,1725,-100,-15.5,-101,-18,-105,-18,9,14
21,20297,66,00:49.0,21,5196033,5196043,,-74,-13.5,79.890464,7.1758,1725,-79,-13.5,-80,-20,,,9,2
2,24027,443,00:55.0,2,6002432,5820427,,-94,-20,81.680234,7.732297,1725,-99,-20,-109,-20,,,3,8
1,22532,328,01:36.0,1,5768194,5888288,,-89,-13,79.96759,7.118612,1725,-103,-20,-103,-20,,,12,3
2,24183,41,00:56.0,2,6190849,,,-80.2,-13.5,80.013921,9.665671,1725,-85.2,-17.8,,,,,10,1
1,20756,233,01:08.0,1,5313556,4294967295,4294967295,-100,-13.5,80.046264,9.716379,1725,-105,-14,-110,-20,-111,-20,,
0,25983,270,01:39.0,0,5875200,5875201,,-114.5,-14.8,80.591575,8.056062,1725,-117,-16.5,-117,-16.5,,,,12
0,25375,360,01:51.0,0,5289216,,,-110.3,-15.2,79.907798,7.015601,1725,-113,-18.5,,,,,,
2,20773,85,01:12.0,2,5211393,,,-97,-12.8,80.037388,9.653819,1725,-103.6,-18.6,,,,,8.5,6.5
3,24549,382,00:21.0,3,6284546,6143744,,-97,-12.8,79.842838,7.233148,1725,-98,-13.8,-101,-16,,,6,3.5
1,21627,427,00:47.0,1,6925825,,,-105.1,-15.1,80.140952,7.174587,1725,-109.5,-16.9,,,,,7.8,19.6
0,26389,34,01:11.0,0,6927872,5899274,,-109,-15,80.483999,7.460579,1725,-115,-19,-117,-20,,,8,48
0,20180,309,01:21.0,0,5886742,5886732,,-102,-16,79.865969,6.856781,1725,-105,-18,-107,-18,,,12,6
21,23649,128,00:12.0,21,4294967295,6040833,,-119,-13,80.523052,7.422553,1725,-122,-20,-122,-20,,,8,115
2,23694,223,01:21.0,2,6065686,,,-91.2,-12.8,79.965465,7.003122,1725,-92,-13.8,,,,,8.3,5.8
0,22224,65,01:00.0,0,5311233,5317120,5311234,-109,-16,80.092259,9.7676,1725,-114,-20,-114,-20,-115,-20,9,19
0,22224,65,00:05.0,0,5690646,5311234,5311233,-105,-17.5,80.088244,9.753502,1725,-109,-20,-111,-20,-111,-20,10,19
2,20054,329,01:22.0,2,6181397,5174292,6253087,-93,-15,79.876964,6.882956,1725,-94,-16,-97,-18,-98,-19,4,8
1,25220,182,01:15.0,1,5325824,,,-97,-13,80.041594,7.486152,1725,-102,-16.5,,,,,8,15
1,27095,205,01:45.0,1,6940674,5564172,,-102,-10.5,79.826348,8.040405,1725,-110,-17,-111,-19.5,,,11,3
0,23905,252,01:21.0,0,5231372,,,-80,-16,81.711463,7.713696,1725,-79,-15.5,,,,,9,3
2,25644,321,01:48.0,2,5211392,5211394,6190593,-100,-17,80.028236,9.656305,1725,-101,-16.5,-101,-16.5,-105,-17.5,9,6
1,21955,418,00:01.0,1,5604620,,,-112.5,-14.8,80.372975,8.362515,1725,-116.5,-17.9,,,,,8.5,24.7
2,25486,368,01:08.0,2,6524416,,,-95,-13,80.51453,8.050786,1725,-98,-17,,,,,,22
0,20536,60,00:36.0,0,4294967295,5257217,,-71,-11.5,79.845946,6.93548,1725,-74,-18.5,-78,-17,,,11,0
0,26456,235,00:07.0,0,6772737,5563649,5563648,-115,-17.5,79.920273,7.347726,1725,-116,-18,-116,-18,-117,-19.5,4,13
1,21627,427,00:30.0,1,6925825,5536514,,-106.5,-17,80.138108,7.173887,1725,-106.5,-17.8,-111,-19.3,,,8,12
81,27362,15,00:32.0,81,5318738,5998684,,-110,-14.5,80.001616,9.696218,525,-112,-17,-117,-20,,,6,16
2,20855,156,01:10.0,2,6823168,,,-97,-15.5,80.480817,8.777704,1725,-104,-20,,,,,5,7
2,26389,33,01:44.0,2,6755584,,,-108.8,-16.1,80.452082,7.46351,1725,-111.6,-18.4,,,,,6.5,9.8
3,20774,54,01:05.0,3,5316354,,,-102,-13.2,80.040324,9.676289,1725,-109,-19.5,,,,,8,7
83,20774,12,01:13.0,83,5318224,,,-100,-14.3,80.04266,9.673816,525,-106.3,-16,,,,,9,3
3,20774,54,00:33.0,3,5316354,,,-100.5,-15.3,80.041813,9.67664,1725,-105.5,-18.3,,,,,12,8
1,20610,5,00:35.0,1,5276162,5181440,5200148,-97,-12.5,79.863625,6.862633,1725,-101,-15,-102,-17,-103,-17,9,3
0,24461,51,00:36.0,0,5207840,6308096,,-101,-13.8,80.094804,7.140813,1725,-104.5,-16,-107.5,-19,,,4,1.5
0,24461,51,01:07.0,0,6262017,5207840,6262018,-92.7,-13.8,80.09461,7.14106,1725,-94.3,-16.3,-95.7,-16,-96.7,-17.7,8,0.5
1,20608,289,00:22.0,1,6469889,6469888,5139478,-85,-13.5,79.869098,6.83483,1725,-85,-14,-89,-16,-92,-20,,6
2,20086,71,00:21.0,2,6126592,6382083,,-88,-10.5,79.849691,6.907649,1725,-96,-16.5,-97,-19.5,,,,1
2,20086,71,00:01.0,2,6126592,6382083,,-89,-11,79.849691,6.907649,1725,-96,-17,-98,-20,,,,0
1,20574,376,00:22.0,1,6883872,,,-88.6,-12.8,79.921925,6.849666,1725,-94.1,-16.3,,,,,8.3,5.8
3,20453,13,00:41.0,3,6294292,5249025,5250050,-107,-18,79.875003,6.933896,1725,-108,-16,-108,-16.5,-109,-15,6,6
0,20126,193,00:42.0,0,5509632,5509377,5152258,-108,-12.5,79.843955,6.93609,1725,-114,-17,-114,-16,-114,-18,8,0
2,21664,413,01:04.0,2,6035971,,,-108.7,-14.8,79.922468,7.593302,1725,-113,-17.9,,,,,8.3,23
2,21664,413,00:59.0,2,5564675,,,-109,-13,79.917075,7.595838,1725,-121,-20,,,,,6,25
31,20351,397,00:21.0,31,5209867,,,-81.6,-13.7,79.855483,7.199111,1725,-84.7,-15.2,,,,,8.6,5.6
3,24549,382,01:29.0,3,6143744,,,-98,-12,79.84348,7.232983,1725,-106,-17.3,,,,,,3
20,21136,8,01:13.0,20,6576128,,,-96,-13.5,80.132789,7.249358,1725,-101,-17,,,,,,24
0,20065,241,00:31.0,0,5136641,5202178,,-82,-10.5,79.860916,6.883594,1725,-87,-16.5,-88,-16.5,,,12,4
0,20685,312,00:31.0,0,6290434,,,-77,-8.5,79.839148,7.21242,1725,-81,-13,,,,,,
1,24183,40,01:56.0,1,6564609,6564610,6190848,-90,-13.5,80.014122,9.665357,1725,-94,-17,-94,-15.5,-98,-20,6,0
2,24183,41,01:25.0,2,6564610,6190849,,-90,-14.7,80.013378,9.665602,1725,-93.7,-18.7,-94.3,-19.5,,,6,2
0,22722,372,01:13.0,0,6594305,6059522,5911296,-115,-17.5,79.885196,7.447119,1725,-116,-20,-117,-20,-117,-20,8,26
0,20345,90,00:11.0,0,5411328,5411351,,-104,-15,79.927777,7.029722,1725,-107,-17.5,-108,-18,,,6,10
1,25649,20,00:51.0,1,5288459,,,-109,-16.5,80.014164,7.041173,1725,-112,-19.5,,,,,14,22
3,20815,100,00:20.0,3,5328640,,,-107.4,-15.6,80.666725,7.85329,1725,-110.6,-18.3,,,,,8.2,15.9
2,22741,348,01:29.0,2,5270784,5521182,,-104,-16,79.860785,6.939006,1725,-105,-15.5,-109,-18.5,,,6,7
1,20117,382,00:07.0,1,5496320,,,-80,-8.5,79.859085,6.921091,1725,-91.7,-18,,,,,9,0
1,20744,68,01:36.0,1,5310467,,,-91.2,-13.6,80.022059,9.709795,1725,-95.2,-16.8,,,,,13,3.7
1,20607,364,00:04.0,1,5235220,5170966,,-94,-13.5,79.875159,6.866305,1725,-97,-15,-100,-18,,,5,5
30,20350,264,01:12.0,30,5209601,6158083,,-105.3,-18.2,79.919434,7.049946,1725,-102.7,-16,-105.3,-18.3,,,,5
21,20297,66,01:00.0,21,5196033,5196043,,-81.5,-13,79.890226,7.175555,1725,-86,-14.3,-87.5,-18,,,14,2
0,20427,108,01:36.0,0,5228300,,,-81,-13,81.525148,7.915813,1725,-88,-18,,,,,1,3
0,27658,30,01:55.0,0,5146882,5146880,5123585,-104,-14,79.866447,6.917891,1725,-103,-12.5,-110,-19,-114,-20,,
92,27281,349,00:21.0,92,6984540,,,-106.6,-11.5,81.602767,7.784561,525,-113.6,-18.3,,,,,7.4,11.1
2,24183,41,00:09.0,2,6190849,,,-74.5,-15.5,80.013965,9.6657,1725,-78.8,-16.8,,,,,10.5,1
2,20290,137,01:46.0,2,5541408,,,-86,-11.3,80.02615,9.748162,1725,-91.3,-17.5,,,,,7,5
0,22722,372,01:11.0,0,6059522,,,-110.5,-15.2,79.897142,7.446693,1725,-112.3,-17.6,,,,,8,23.6
91,22967,192,00:14.0,91,5879664,5879632,5879674,-101,-13,80.051722,6.947111,525,-106,-16.5,-108,-19,-108,-19.5,,7
0,20439,165,01:28.0,0,5197588,5197568,,-107,-15,81.735025,7.692634,1725,-110,-16.5,-113,-18.5,,,,
2,20064,194,01:39.0,2,5136384,,,-92,-11,79.852617,6.922998,1725,-101,-18,,,,,,1
11,23580,46,00:03.0,11,6036511,5285888,,-106,-13,79.965432,7.180765,1725,-112,-17.5,-113,-14,,,6,17
2,22949,363,01:28.0,2,6283294,5556235,,-117,-15,80.514567,7.786486,1725,-118,-17.5,-119,-18,,,,25
2,22949,363,01:02.0,2,5555970,5874944,,-114,-16,80.52875,7.789028,1725,-128,-20,-129,-20,,,,19
2,26426,399,00:15.0,2,6581506,,,-92,-14.5,81.830256,7.405905,1725,-103.5,-20,,,,,11.5,1.5
0,20147,168,00:05.0,0,5167360,5138178,,-92,-10.5,79.843991,6.932086,1725,-97,-12,-100,-17.5,,,10,2
2,21700,421,01:44.0,2,5328129,5215253,5327884,-89,-16,79.890382,8.98472,1725,-91,-16.5,-93,-15,-93,-20,4,30
83,20774,12,00:38.0,83,5316444,,,-106,-15.8,80.039593,9.680574,525,-107,-16.3,,,,,7,16
2,20313,47,00:30.0,2,5200128,5200150,5200140,-67,-13.5,79.863924,6.85907,1725,-70,-15.5,-74,-17,-75,-18.5,,
0,20180,309,00:21.0,0,6210304,5886742,,-116,-12.5,79.865765,6.853133,1725,-124,-20,-125,-20,,,7,3
1,24586,445,00:07.0,1,6294018,6130690,,-105,-15,81.535639,7.922107,1725,-107,-15.5,-112,-20,,,8,7
1,24586,445,00:50.0,1,6294018,6294016,,-78,-16,81.538322,7.925232,1725,-84,-20,-86,-20,,,10,0
80,20015,273,00:20.0,80,5123951,5123961,,-87.5,-11,79.852028,6.911317,525,-87.5,-12.5,-94,-18.3,,,4.5,1
40,21955,436,01:44.0,40,5197098,5492010,,-111,-15,80.394459,8.355226,3650,-113,-17.5,-113,-17.5,,,,32
11,20015,123,00:27.0,11,5123842,,,-93,-11.9,79.851559,6.910811,1725,-95.8,-13.9,,,,,11,1
2,23694,223,01:59.0,2,6065686,5882370,5289985,-113,-14.5,79.964959,7.001012,1725,-113,-15.5,-115,-17,-116,-18.5,,7
0,24461,51,01:28.0,0,5523713,6049813,6049793,-94,-15,80.094341,7.139142,1725,-95,-16,-97,-17.5,-98,-18.5,6,4
0,23045,351,01:42.0,0,6010379,,,-117,-18,81.74841,7.460812,1725,-115,-16.5,,,,,,90
21,20697,341,00:34.0,21,5298432,5285890,,-97.3,-12.8,79.953802,7.172489,1725,-101,-16.2,-105.7,-20,,,6.3,9
80,20723,16,01:06.0,80,6429264,,,-100.5,-12,79.844166,7.210718,525,-106,-16.8,,,,,6.5,4.5
80,20723,16,00:46.0,80,6429264,,,-91,-11,79.843307,7.211932,525,-97,-15.5,,,,,8,1.5
0,21955,417,00:04.0,0,5405442,,,-108,-14,80.395412,8.35819,1725,-121,-20,,,,,9,30
1,23879,206,01:11.0,1,6113044,,,-101.5,-13.9,81.18542,8.503373,1725,-107.5,-17.8,,,,,8.3,4.2
1,23156,89,01:20.0,1,5267723,,,-99.3,-12.2,79.957946,6.915124,1725,-106.3,-18,,,,,,
1,23156,89,01:40.0,1,6618627,,,-103,-12.5,79.95691,6.913739,1725,-110,-17.5,,,,,11,2
0,23457,324,01:24.0,0,6004994,,,-101,-14,81.015671,8.161421,1725,-111,-20,,,,,9.7,9.3
1,25708,160,01:13.0,1,6581250,,,-92,-15.5,80.306314,7.3239,1725,-93.7,-17.7,,,,,10,2.5
0,27095,204,00:30.0,0,6936323,6936322,,-105,-12,79.825114,8.041627,1725,-110,-17.5,-113,-20,,,7,1
1,27095,205,00:00.0,1,6936322,,,-95.1,-11.6,79.826034,8.038731,1725,-99.1,-16,,,,,9.4,4.7
21,20049,178,01:07.0,21,5914881,,,-86.4,-11.1,79.854843,6.922451,1725,-92.6,-17.1,,,,,9.8,0.5
21,20049,178,01:43.0,21,5914881,6752001,,-89.5,-11.8,79.854883,6.922518,1725,-94,-15.5,-98.5,-19.8,,,8,0
12,20393,259,01:35.0,12,5220630,,,-89.4,-12.2,80.49694,8.752407,1725,-95.8,-18.2,,,,,8.7,0
11,24235,19,01:05.0,11,5218836,6380564,,-105,-16,79.837942,8.015829,1725,-107,-14.5,-110,-18,,,10,25
20,21460,134,00:29.0,20,6903552,5493762,5229314,-110,-20,81.522853,7.908414,1725,-105,-15,-112,-20,-113,-20,5,12
1,20229,290,01:01.0,1,5168385,5178626,,-100,-13.5,79.867668,6.876322,1725,-99,-13,-103,-15.5,,,9,3
1,20229,290,00:09.0,1,5171222,5181952,7170068,-106,-17.5,79.869169,6.875335,1725,-107,-15.5,-107,-16,-110,-19,5,4
1,20772,229,00:00.0,1,6190592,,,-101,-10.5,80.027146,9.660682,1725,-106,-15,,,,,14,4
0,25119,118,01:09.0,0,5889546,6770689,,-113,-17.5,80.047544,9.750899,1725,-111,-14.5,-115,-20,,,6,36
3,25084,117,01:18.0,3,6421504,7170059,,-95,-12.5,79.87972,6.851685,1725,-97,-12,-102,-16.5,,,12,2
0,24461,51,00:10.0,0,5207840,,,-98.3,-12.2,80.094383,7.140735,1725,-106,-19.2,,,,,5,1
2,25643,245,01:49.0,2,6190850,,,-99.7,-13.6,80.013845,9.66624,1725,-104.8,-18.6,,,,,6.5,1.4
0,20536,60,01:28.0,0,5257217,5257237,,-73,-13,79.845935,6.935549,1725,-73,-12.5,-77,-17,,,9,0
1,20382,425,00:07.0,1,5217794,5761538,,-109,-14.5,80.810761,9.256724,1725,-110,-15,-114,-18.5,,,10,11
1,22587,202,01:20.0,1,5220352,6113026,,-89,-14.5,81.179647,8.502981,1725,-91,-14.5,-94,-16,,,9,3
2,20855,156,00:35.0,2,6823168,,,-106,-15.5,80.481105,8.778908,1725,-110,-19,,,,,8,6
21,20293,137,01:45.0,21,5308675,,,-106,-15,79.863224,7.204355,1725,-110,-19,,,,,,16
1,26890,175,01:46.0,1,5176065,6886422,6213888,-103,-16,79.928815,6.838241,1725,-105,-16.5,-105,-16.5,-110,-19.5,5,5
83,20774,12,01:53.0,83,5318266,,,-106,-13.5,80.037574,9.67489,525,-110,-15.5,,,,,,
3,20774,54,00:39.0,3,5316354,5316353,4294967295,-108,-17.5,80.044384,9.680633,1725,-107,-15.5,-107,-16,-115,-20,7,12
0,24461,51,01:13.0,0,6262017,6262018,5207840,-87,-12.5,80.095193,7.140385,1725,-92,-17.5,-96,-18,-97,-20,8,0
12,20649,131,01:44.0,12,6576128,,,-107.5,-13.6,80.140027,7.272108,1725,-110.8,-17.3,,,,,6,30.7
2,20086,71,00:40.0,2,6382083,,,-85,-9.3,79.849737,6.906971,1725,-90.5,-14.3,,,,,,1.5
2,24323,250,00:59.0,2,6226688,,,-105.5,-15,79.895521,7.005589,1725,-108,-16.8,,,,,9,5.5
2,24323,250,00:25.0,2,6226689,5210370,5175296,-100,-15,79.893273,7.00709,1725,-102,-17,-104,-19,-106,-20,6,3
0,20126,193,00:42.0,0,5143297,,,-87.3,-11,79.844192,6.936274,1725,-93.3,-17,,,,,11,1
12,24860,405,00:55.0,12,5299970,5410325,5194528,-112,-16,79.853295,7.241503,1725,-111,-16,-112,-16.5,-113,-16.5,5,15
0,23073,441,00:52.0,0,5906689,6326272,5935874,-116,-16.5,80.473727,8.609449,1725,-118,-19,-121,-20,-123,-20,11,12
1,21148,194,00:01.0,1,6323970,,,-95.4,-15.2,80.350039,7.450334,1725,-99,-17.3,,,,,10.3,9.7
0,22627,246,00:10.0,0,5792513,,,-111,-12.9,81.188654,7.922381,1725,-115.8,-16.8,,,,,7,12
82,21700,446,00:52.0,82,5215354,5555281,5215312,-96,-14.5,79.912163,8.981551,525,-98,-16,-99,-17.5,-100,-18.5,,4
2,20339,371,01:40.0,2,5206787,,,-94.5,-14,79.883282,6.993226,1725,-101,-16.8,,,,,11,4.5
1,23948,322,01:45.0,1,6294016,,,-90,-12,81.542839,7.91364,1725,-97,-19.5,,,,,,
1,23948,322,00:59.0,1,5228318,,,-107.5,-12.5,81.547542,7.907951,1725,-112.5,-16.8,,,,,7,17
1,20441,265,00:48.0,1,6311169,,,-98.3,-15.6,81.7345,7.670857,1725,-100.4,-16.6,,,,,8.4,7
0,20685,312,00:12.0,0,5307137,5295382,,-106,-14.5,79.839423,7.211095,1725,-107,-15.5,-108,-16,,,,
0,22689,309,01:39.0,0,6392065,5323777,5323778,-91,-16,80.366582,7.478511,1725,-90,-14.5,-94,-15,-96,-20,5,22
21,20834,300,01:35.0,21,5333506,,,-106.4,-13.5,79.833455,7.394418,1725,-111.2,-17.5,,,,,6.7,10.8
91,22967,192,00:22.0,91,7119696,5294959,5769808,-99,-12,80.05162,6.942038,525,-106,-17,-106,-18.5,-110,-20,,
0,20439,165,00:50.0,0,6311188,,,-101.5,-13.8,81.735315,7.689314,1725,-109.5,-19.3,,,,,10,5
2,21703,24,00:55.0,2,6249986,,,-110.5,-14.5,80.586621,7.712901,1725,-114,-18,,,,,10.5,13
2,20773,85,01:00.0,2,5211393,6564864,5544214,-103,-15,80.03513,9.651572,1725,-107,-18.5,-107,-20,-110,-20,9,9
82,20070,147,00:14.0,82,4294967295,,,-87,-12,79.848857,6.933383,525,-95,-16,,,,,9,5
41,22508,199,00:02.0,41,6430249,6731305,5762088,-120,-14,80.530948,8.709311,3650,-123,-16.3,-125,-19,-125,-18.5,3,25
1,20737,324,01:27.0,1,6918656,5308674,5196032,-106,-15.5,79.891926,7.203916,1725,-106,-15.5,-111,-20,-111,-20,,16
1,20737,324,00:38.0,1,5308674,6918656,,-102,-14,79.891883,7.205683,1725,-105,-16.5,-107,-15,,,,17
1,24183,40,00:27.0,1,6564609,6564610,,-62,-10.5,80.014022,9.665598,1725,-69,-17.5,-71,-19,,,,
1,21763,250,01:24.0,1,5571330,,,-89.8,-12,81.226174,8.582329,1725,-93.4,-14.9,,,,,10.3,2.8
21,20297,66,01:38.0,21,6433026,,,-99,-16,79.888302,7.170788,1725,-107,-20,,,,,8,11
2,21703,24,01:57.0,2,6506498,6249986,,-113,-14,80.584423,7.718936,1725,-113,-16,-115,-16.5,,,,
0,24027,441,00:45.0,0,6150913,,,-96.9,-14.9,81.688416,7.729312,1725,-101.1,-17.8,,,,,10,3
131,20470,79,01:26.0,,7127939,5240450,7127940,-100,-14.5,79.897461,6.938511,41090,-103,-17,-103,-15.5,-104,-15.5,4,3
3,20815,100,01:44.0,3,6180097,,,-99.5,-13.9,80.653365,7.865703,1725,-103.5,-18.4,,,,,7,11
0,22561,129,00:47.0,0,5825536,5546782,5812737,-113,-16,79.975794,7.32712,1725,-114,-14.5,-115,-16.5,-116,-19,,
81,24928,241,00:56.0,81,6381650,,,-82,-13.5,80.357607,7.477544,525,-87,-15,,,,,6,3
2,20427,395,01:23.0,2,5229334,5493760,,-104,-14.5,81.521944,7.908961,1725,-106,-16.8,-107,-17.5,,,6,7
2,20427,395,01:21.0,2,5493760,,,-102.4,-13.6,81.522591,7.909225,1725,-106.6,-15.9,,,,,6.5,5.7
1,24928,136,01:08.0,1,6391808,5323779,,-96,-15,80.358582,7.480692,1725,-97.5,-15.5,-100,-16,,,,
2,20815,99,00:52.0,2,5328671,5871618,5328641,-108,-16.5,80.64747,7.855102,1725,-110,-17,-111,-19,-112,-19.5,3,10
1,24027,442,01:03.0,1,6002432,,,-92,-14.9,81.685997,7.728244,1725,-96.3,-18.5,,,,,11,3
1,25070,292,01:10.0,1,6417920,,,-96,-12.3,79.855813,7.430165,1725,-100.5,-15.8,,,,,8.5,10
92,27281,349,00:28.0,92,6984018,6984540,,-104.3,-14,81.603703,7.782952,525,-105.7,-16,-110.7,-19.3,,,6,5
0,20129,153,01:31.0,0,6383617,6383874,,-82,-12,79.848969,6.925058,1725,-89,-19,-90,-19,,,,
20,20737,343,00:53.0,20,5306388,5303574,,-102,-12.5,79.874804,7.212266,1725,-108,-18,-109,-19.5,,,6,13
3,20737,124,01:16.0,3,5194526,,,-113,-17.5,79.888151,7.211262,1725,-116,-20,,,,,,17
3,22705,33,00:02.0,3,5812481,5812482,,-104,-15.5,80.028893,7.425,1725,-106,-16.5,-106,-17,,,,
1,26394,337,01:50.0,1,6756864,,,-101,-12,80.929769,8.033294,1725,-103,-14,,,,,,
1,24928,136,00:49.0,1,6165250,6381570,,-90,-15,80.357694,7.47981,1725,-89,-13.5,-93,-17,,,,
81,24928,241,00:51.0,81,6391888,,,-89.3,-14.8,80.358849,7.479984,525,-95,-19.5,,,,,,
1,21703,63,00:54.0,1,5555970,,,-110,-12.2,80.585813,7.704948,1725,-117,-17.8,,,,,8.3,8.3
2,25643,245,01:59.0,2,5309954,5309955,,-119,-18,80.01527,9.665792,1725,-117,-15.5,-123,-20,,,,0
21,26426,236,01:15.0,21,6765058,,,-72,-13,81.831165,7.406487,1725,-73,-15.5,,,,,10,2
1,22587,202,00:01.0,1,6113026,5220354,,-87,-14,81.179616,8.499377,1725,-91,-18,-93,-19,,,6,8
2,26389,33,00:14.0,2,6755584,5907970,,-101,-16.5,80.451234,7.461683,1725,-101,-17,-105,-20,,,,7
83,20774,12,00:43.0,83,5316444,5316434,,-105,-15,80.041578,9.680244,525,-107,-17,-109,-20,,,8,12
83,20774,12,00:58.0,83,5316444,5316434,,-107,-17.5,80.039983,9.679808,525,-105,-15,-106,-17,,,7,12
0,24461,51,01:40.0,0,6049793,5207840,6049813,-87.3,-12.5,80.095538,7.140477,1725,-91.5,-16.3,-92.8,-17.4,-95.3,-19.8,5.5,2
21,21705,178,01:34.0,21,6180118,5556480,,-91.7,-13.2,80.648832,7.872801,1725,-96,-17.7,-96.7,-18.3,,,5,2.5
0,20180,309,00:28.0,0,5886732,,,-105,-15,79.865988,6.856282,1725,-110,-16.5,,,,,,
2,27115,276,00:27.0,2,5493771,5493791,,-104,-12,81.51521,7.894655,1725,-109,-17.5,-111,-19,,,,12
2,22977,416,00:32.0,2,5295872,,,-103,-13.5,79.966499,6.999878,1725,-106.8,-16.6,,,,,7.3,8.8
130,21139,226,01:41.0,,5298564,,,-103.9,-11.3,79.943764,7.170994,41090,-109,-16.4,,,,,9.7,16.2
40,21955,436,01:49.0,40,5492010,,,-112.5,-15.5,80.392735,8.354502,3650,-116,-18.8,,,,,,32
0,20782,282,01:51.0,0,5319710,,,-92.5,-11.5,80.406412,9.365771,1725,-95.5,-16.5,,,,,7.5,6
2,26389,33,01:25.0,2,6721536,6755584,,-111,-16.5,80.454282,7.471382,1725,-117,-20,-118,-20,,,,22
1,23095,71,00:06.0,1,6897153,4294967295,5225474,-101,-16,81.838686,7.388968,1725,-100,-15.5,-101,-17,-106,-20,3,8
0,23045,351,00:35.0,0,5488897,6231296,6059776,-109,-18.5,81.758059,7.413543,1725,-110,-19.5,-112,-20,-112,-20,8,23
80,20723,16,01:01.0,80,6429264,,,-99.5,-10.8,79.843501,7.211727,525,-104.5,-15.5,,,,,7,1
2,25644,321,01:22.0,2,5211394,5211392,,-99,-17,80.024644,9.655615,1725,-100,-16.5,-102,-18,,,6,6
1,21955,418,01:41.0,1,5604620,5492171,,-112.5,-16.8,80.369283,8.363141,1725,-112,-15.8,-115,-19.3,,,,24
1,23879,206,00:34.0,1,6113044,5220362,5336085,-111,-15,81.187627,8.504088,1725,-116,-18,-116,-17.5,-117,-19,7,7
1,20608,289,00:40.0,1,5276675,5276674,,-109,-16,79.870261,6.830947,1725,-112,-18,-115,-18.5,,,4,7
132,24235,282,01:34.0,,5218946,5218948,,-99,-13.5,79.845806,8.032966,41090,-100,-13.5,-106,-19.5,,,5,20
2,27115,276,00:43.0,2,6507266,5903872,,-94,-15.5,81.511501,7.918068,1725,-96,-18.5,-98,-20,,,5,54
0,26389,34,01:39.0,0,5907979,,,-110.6,-15.4,80.461563,7.459175,1725,-113.5,-18.4,,,,,9.5,20
0,26389,34,00:28.0,0,6927872,,,-110,-15.5,80.48341,7.465382,1725,-113,-19.5,,,,,8,49
83,20774,12,01:05.0,83,5316444,,,-108.5,-15.1,80.036761,9.680052,525,-112.8,-17,,,,,10,14
3,20774,54,01:46.0,3,5316354,5316353,4294967295,-109,-15.5,80.044304,9.680695,1725,-109,-18.5,-110,-18.5,-115,-20,8,12
1,20610,5,00:06.0,1,5276162,5181440,,-95.5,-14.8,79.864183,6.862006,1725,-98,-15,-101.5,-18.5,,,10,2
40,21955,436,00:36.0,40,5604648,,,-110.7,-15.3,80.393927,8.368925,3650,-113.3,-18.3,,,,,5,32
20,21460,134,01:18.0,20,6903552,5228290,5229314,-111,-18.5,81.523971,7.905812,1725,-110,-14.5,-113,-19,-114,-18.5,5,10
2,24323,250,00:42.0,2,6377217,5185302,5297940,-112,-16.5,79.894685,7.009854,1725,-115,-17,-116,-18,-119,-20,10,8
30,20425,409,00:05.0,30,5228810,,,-102,-13.5,81.613159,7.781618,1725,-108,-20,,,,,7,11
1,23879,206,00:31.0,1,5220372,,,-94.7,-14.7,81.183343,8.501262,1725,-98.7,-16.8,,,,,10,3.3
12,21135,105,00:15.0,12,5535754,5904130,,-103,-15,80.005097,6.980372,1725,-104,-16,-105,-17.5,,,,10
1,20786,412,00:43.0,1,6734851,,,-110,-16.5,80.210807,7.42186,1725,-110,-17,,,,,,20
0,20122,127,00:05.0,0,5150976,5151263,5151252,-111,-15.5,79.855494,6.89536,1725,-111,-16,-112,-16,-113,-17.5,4,4
0,20122,127,00:05.0,0,5151263,5150976,5151252,-111,-15,79.855503,6.895314,1725,-111,-16,-112,-16.5,-113,-17,4,4
81,27394,229,01:24.0,81,6025297,6025296,,-110,-12,79.746271,8.055781,525,-114,-16,-117,-18.5,,,6,23
1,21148,194,01:04.0,1,6453504,6323970,,-99,-14.5,80.345728,7.449065,1725,-102,-18.5,-104,-19,,,10,18
0,20435,63,00:08.0,0,6120193,,,-95.3,-14,81.714379,7.720558,1725,-95.3,-14.4,,,,,6.3,8
3,24549,382,00:14.0,3,6143744,5194527,,-107,-13.5,79.84467,7.233642,1725,-109,-15,-111,-17,,,,6
23,20339,238,01:38.0,23,5206786,,,-97.8,-13,79.882904,6.99574,1725,-102.2,-17.2,,,,,8,4.6
0,22627,246,01:17.0,0,5792513,,,-98.5,-11.3,81.194694,7.930171,1725,-106.5,-17.5,,,,,8,23
12,22754,283,00:11.0,12,6572801,,,-108.5,-12,80.067774,6.94518,1725,-115,-15.8,,,,,9.5,25
1,25419,115,01:06.0,1,6127105,5229332,5766914,-100,-14.5,81.521655,7.920131,1725,-105,-17.5,-107,-20,-109,-20,7,15
1,23948,322,01:14.0,1,5228565,5228555,5228318,-111,-14,81.550362,7.908157,1725,-115,-16.5,-115,-17,-117,-18.5,5,19
1,23948,322,01:25.0,1,5228555,5228318,5228565,-114,-15,81.549886,7.907628,1725,-117,-17.5,-117,-18,-117,-18,,
0,20121,408,01:14.0,0,5151243,5151263,,-109,-10,79.854053,6.896819,1725,-115,-14,-120,-20,,,,3
0,20685,312,01:01.0,0,6290434,5295382,,-78,-9.5,79.839248,7.212434,1725,-81,-13,-87,-19.5,,,,
0,24047,192,01:22.0,0,6156034,5208578,,-101.5,-14.5,80.042862,7.164636,1725,-104.5,-16.4,-106.8,-19.6,,,6.5,11.7
21,20834,300,00:19.0,21,5333506,,,-102.5,-14,79.831305,7.395632,1725,-107.5,-17.7,,,,,8.5,8.6
71,20136,196,01:12.0,71,5325629,,,-92.3,-12.5,80.369451,7.487723,400,-95.8,-16.3,,,,,8,10.3
1,21763,250,01:04.0,1,5571330,,,-89,-11.8,81.226402,8.582123,1725,-96.7,-18.1,,,,,9.2,2.7
1,20737,324,01:08.0,1,5308674,,,-97.6,-12.8,79.888707,7.204596,1725,-102.4,-18,,,,,,
1,20648,154,00:46.0,1,6036501,5285918,,-98,-17,79.958923,7.16805,1725,-97,-15,-99,-16.5,,,,10
0,24027,441,01:54.0,0,6150913,,,-90.1,-13.4,81.686258,7.729436,1725,-95.1,-17.6,,,,,8.7,0.8
1,21763,250,01:19.0,1,5571330,,,-91.8,-12.3,81.22651,8.582268,1725,-96.3,-16.3,,,,,8.3,4
1,24183,40,00:01.0,1,6564610,6190850,,-76,-14,80.014169,9.66565,1725,-77,-13,-82,-18.5,,,9,0
2,24027,443,00:45.0,2,6150912,6002432,,-87,-14.5,81.684581,7.730862,1725,-90,-18,-95,-20,,,7,3
3,20737,124,00:11.0,3,5195029,5308692,5306388,-111,-20,79.883381,7.215971,1725,-107,-15.5,-107,-12.5,-108,-16.5,,17
2,22585,320,00:37.0,2,5785600,6120725,5561857,-109,-17.5,79.825015,7.581575,1725,-111,-20,-113,-20,-114,-20,6,16
0,26456,235,01:40.0,0,6772737,,,-110,-15.8,79.919231,7.342776,1725,-112,-18.5,,,,,5,24.5
1,26889,430,00:43.0,1,6883584,,,-99.5,-11,81.843008,7.223047,1725,-108,-19.3,,,,,9,4
1,20153,79,00:45.0,1,5318913,5318914,,-105,-15.5,80.000393,9.71749,1725,-104,-14.5,-107,-17.5,,,8,7
1,20527,52,00:09.0,1,5274892,5274902,,-97,-14.5,79.905704,6.939954,1725,-100,-18,-103,-20,,,6,7
2,21575,89,00:16.0,2,6018050,,,-101,-15,80.000964,7.160464,1725,-111,-20,,,,,7,6
3,20774,54,01:48.0,3,5316374,5316354,5316353,-103,-20,80.038529,9.68001,1725,-96,-15,-99,-17,-99,-18.5,6,13
2,25780,183,01:49.0,2,5324288,5892352,,-104,-11,80.318102,7.525192,1725,-112,-17.5,-113,-19.5,,,7,13
0,26917,420,00:44.0,0,6890754,,,-102,-11.8,80.219714,9.792495,1725,-107.2,-17.7,,,,,8.8,6
1,26991,286,00:47.0,1,5240330,,,-90,-9.5,79.899138,6.94034,1725,-98,-3,,,,,,1
0,20180,309,00:06.0,0,6210304,5886742,,-113,-13.5,79.865321,6.85324,1725,-120,-19.5,-121,-20,,,1,3
2,23867,76,00:42.0,2,6311188,5232386,,-120,-20,81.733336,7.682919,1725,-117,-19,-118,-18.5,,,,8
2,23867,76,00:53.0,2,5232416,5232386,5231882,-102,-17.5,81.734873,7.687377,1725,-102,-17,-104,-18,-106,-20,9,7
132,20358,203,00:41.0,,5312644,5542786,5317764,-103,-13.5,80.021706,9.670845,41090,-107,-16,-111,-20,-111,-20,,
0,24461,51,00:31.0,0,6308096,,,-103,-12.8,80.094282,7.140012,1725,-108.3,-18.2,,,,,5,2
80,24461,53,01:43.0,80,5207930,,,-90,-12,80.094679,7.141565,525,-95,-17,,,,,8,2
0,23045,351,00:20.0,0,5899542,,,-109.4,-16.5,81.758786,7.413388,1725,-110.2,-17.8,,,,,6,28
0,23045,351,00:40.0,0,5899542,,,-111.2,-15.7,81.753191,7.412581,1725,-113.6,-17.9,,,,,6,26.3
0,23045,351,00:49.0,0,5488896,,,-109.9,-16.9,81.757306,7.450482,1725,-112.6,-19.5,,,,,7,73.8
0,23045,351,01:28.0,0,4294967295,,,-110,-18.5,81.775084,7.494869,1725,-110,-19.5,,,,,7,126
20,23879,205,01:39.0,20,6113024,,,-96.5,-11.8,81.185351,8.504603,1725,-101,-16.3,,,,,7,4
3,22962,408,01:13.0,3,5878304,,,-103.5,-11.8,80.107109,8.197275,1725,-106.8,-15.3,,,,,9,8.3
1,22938,217,00:16.0,1,5814018,,,-117,-14.5,80.185881,7.30462,1725,-121,-19,,,,,,
1,27095,205,01:09.0,1,6936322,,,-85.9,-12,79.825882,8.039504,1725,-90.6,-16.4,,,,,8.9,3.7
0,25119,118,00:07.0,0,6430465,,,-95.8,-13.7,80.031605,9.73837,1725,-101.5,-18.1,,,,,8,9.8
2,21903,125,00:21.0,2,5491202,,,-100.7,-14.7,80.480323,8.3852,1725,-105,-19.3,,,,,6,52.5
20,20429,299,00:25.0,20,5229834,,,-92,-12.8,81.556904,7.822677,1725,-97.5,-14.8,,,,,6.5,9
2,22949,363,01:41.0,2,5987073,,,-115,-15,80.521841,7.765204,1725,-120,-19,,,,,6,48
1,23156,89,00:33.0,1,6618627,,,-100,-13.5,79.956973,6.914363,1725,-106.5,-16.8,,,,,9,6
2,23457,326,01:59.0,2,6368002,5794306,,-113,-16,80.992752,8.164049,1725,-114,-17.5,-121,-20,,,3,35
1,22938,217,00:53.0,1,6661122,6661120,5814018,-108,-16,80.192469,7.293673,1725,-113,-14,-113,-14.5,-115,-17,7,28
30,22528,153,00:42.0,30,5767178,5228801,6114048,-104.5,-16,81.606726,7.780433,1725,-107,-16.5,-108,-17,-110,-19.5,5,5
0,21657,93,01:02.0,0,5318144,,,-104,-15,80.049368,9.659328,1725,-112,-17,,,,,10,8
1,20752,119,00:20.0,1,5318166,5317632,5211392,-114,-17,80.029969,9.66593,1725,-115,-16,-117,-17,-117,-17,,
0,25119,118,01:11.0,0,5889556,,,-105,-15,80.043487,9.744581,1725,-106,-16,,,,,6,26
21,20626,410,01:02.0,21,7106304,,,-90,-13.7,79.85501,6.933658,1725,-94.3,-14.5,,,,,4,1
21,1715,115,00:41.0,21,316950,566796,,-100.5,-11.8,81.84884,7.227413,38750,-104,-14.8,-106,-17.3,,,7.5,8
21,1715,115,01:50.0,21,439072,,,-90,-8.5,81.846207,7.22784,38750,-103,-17.5,,,,,13,7
0,26244,399,01:07.0,0,4294967295,,,-110.6,-14.7,80.394382,9.351285,1725,-116.3,-17.9,,,,,7,20.7
20,20122,144,00:01.0,20,5128194,5151233,,-85,-10,79.853709,6.898186,1725,-86,-12,-88,-13,,,9,1
0,23934,141,00:03.0,0,6127105,,,-92.8,-13.6,81.515163,7.929326,1725,-96.6,-17.1,,,,,9.3,5.6
0,22993,91,01:29.0,0,6524418,5908224,5902347,-116,-15.5,80.484349,8.030192,1725,-119,-18.5,-121,-18,-122,-18.5,5,11
0,21657,93,01:29.0,0,5317889,,,-105,-15.5,80.044681,9.659592,1725,-106,-16.5,,,,,,
2,21664,413,01:39.0,2,6035971,,,-104.5,-14.8,79.922285,7.592059,1725,-107,-17,,,,,8.9,20.8
1,21717,53,01:27.0,1,6047234,6047232,,-104,-12,80.915591,8.037357,1725,-107,-16,-110,-20,,,7,17
83,27355,368,00:26.0,83,7002961,,,-102,-13,80.026023,9.714457,525,-103,-14.5,,,,,9,8
83,20774,12,00:02.0,83,5154414,5316434,5316444,-104,-15.5,80.038604,9.679995,525,-104,-17,-105,-17,-105,-17,6,13
3,21118,57,01:49.0,3,5406238,5406218,,-98,-16.5,80.831195,8.549809,1725,-100,-18,-100,-18.5,,,6,3
82,23092,167,01:07.0,82,5911633,5303632,5194606,-112,-16,79.875532,7.229723,525,-111,-15.5,-114,-18,-116,-20,7,9
0,23883,202,01:21.0,0,5228830,4294967295,6705410,-104,-16,81.610992,7.777215,1725,-110,-20,-117,-20,-117,-20,11,10
1,21455,64,00:47.0,1,6902804,,,-90.3,-12.8,81.540133,7.861436,1725,-95.8,-16.9,,,,,8,4
0,24641,274,00:36.0,0,5207840,,,-94,-11.5,80.09561,7.141747,1725,-99,-20,,,,,4,12
1,23948,322,00:38.0,1,5228555,,,-90,-12,81.548777,7.900242,1725,-99,-19,,,,,6,20
1,23948,322,01:45.0,1,5228565,5228318,,-114,-18,81.550939,7.903715,1725,-110,-14,-117,-20,,,2,31
20,20650,401,01:03.0,20,5408770,,,-102.5,-14.6,80.071802,7.127985,1725,-105.3,-16.8,,,,,7.8,6.5
1,25419,115,01:14.0,1,5229312,5228300,,-108,-15,81.521735,7.917091,1725,-111,-16.5,-115,-20,,,5,16
30,20667,381,00:17.0,30,5290753,,,-97,-12.7,79.884852,7.059915,1725,-103.3,-17.4,,,,,7.8,6.9
23,20339,238,01:52.0,23,5206786,5308418,,-107.7,-16.7,79.881577,6.992104,1725,-108,-16,-112,-18,,,5.3,7.7
0,25119,118,00:13.0,0,6430465,5541407,,-107,-16,80.034415,9.734862,1725,-112,-20,-114,-18,,,7,12
1,22527,416,00:15.0,1,6294018,,,-107.7,-15.2,81.530886,7.920182,1725,-112.7,-18.7,,,,,12,3.6
0,26431,3,00:26.0,0,6766338,5312023,,-101,-14,80.20009,9.819472,1725,-104,-16.5,-107,-19.5,,,,8
0,26431,3,00:55.0,0,6766338,5312023,,-103,-16,,,1725,-104,-16,-107,-19.5,,,,8
1,21911,14,00:02.0,1,5405440,,,-102,-14.5,80.414668,8.329917,1725,-109,-20,,,,,,5
1,22957,85,00:07.0,1,5876994,,,-98.8,-13.5,79.873344,7.003239,1725,-104.8,-18.4,,,,,11,5.7
20,20122,144,00:32.0,20,5150977,5151232,5150976,-101,-14,79.854997,6.898458,1725,-103,-16,-104,-17,-104,-18,4,2
1,20429,324,01:20.0,1,5229845,,,-100.1,-12.8,81.550249,7.837575,1725,-105.8,-16.4,,,,,7.4,22.6
2,23155,270,01:18.0,2,5927711,,,-93.8,-13.8,80.191978,9.79822,1725,-99.3,-17.8,,,,,11.3,4.5
20,20429,299,00:58.0,20,6129409,,,-107,-13,81.56264,7.819292,1725,-114,-19.5,,,,,6.5,14
21,20789,278,00:49.0,21,5920021,6187778,,-115,-18.5,80.300979,7.343191,1725,-111,-14,-118,-20,,,5,14
1,23934,142,00:14.0,1,5229312,6507265,5493760,-107,-16,81.51468,7.916571,1725,-107,-16,-109,-18.5,-111,-19.5,,20
2,22527,247,01:24.0,2,5766913,5229322,5228320,-110,-16,81.528692,7.920357,1725,-110,-15,-111,-16.5,-112,-18,6,4
2,20032,191,01:12.0,2,5151232,5425409,5151252,-105,-9.5,79.855286,6.898397,1725,-111,-13.5,-116,-19,-117,-20,,1
0,25446,70,01:37.0,0,5322251,5322261,,-101,-16,80.124402,7.315002,1725,-101,-15.5,-102,-16.5,,,,14
2,23457,326,00:49.0,2,6032386,5897502,6032385,-110,-14.5,80.975324,8.164261,1725,-114,-18.5,-115,-19,-117,-20,,59
1,22957,85,01:18.0,1,5876994,5208854,5308428,-106,-17.5,79.876942,6.997348,1725,-110,-18,-110,-19,-110,-19.5,8,12
2,26389,33,01:30.0,2,5774593,6721536,,-111,-19,80.438715,7.467992,1725,-110,-18,-115,-20,,,7,24
1,26389,35,01:26.0,1,6755584,,,-107.8,-15.1,80.454988,7.454617,1725,-115,-19,,,,,7,12.3
2,24323,250,00:07.0,2,6377217,,,-104,-14.3,79.893009,7.011955,1725,-108,-18,,,,,8.5,8
1,22993,92,00:41.0,1,5618944,5618976,,-104,-15,80.467462,7.989814,1725,-109,-19,-110,-18,,,,
0,27640,318,01:58.0,0,6575874,,,-106,-13.5,81.839293,6.871293,1725,-108,-15,,,,,5,13
0,24182,81,00:07.0,0,5317633,5211392,5312513,-97,-13.5,80.028182,9.65962,1725,-99,-16.5,-102,-19.5,-103,-20,7,0
30,20667,381,01:23.0,30,5289730,5169430,,-109,-15,79.889705,7.060302,1725,-113,-17,-114,-18,,,,16
2,20484,42,00:31.0,2,5138433,5243904,5243905,-76,-11.5,79.848196,6.916504,1725,-81,-15,-82,-17,-84,-15.5,9,0
0,23550,52,00:11.0,0,5328386,,,-106.3,-13.4,80.557426,7.749122,1725,-110.9,-18,,,,,5,13.3
2,21604,176,00:06.0,2,5282816,,,-99,-12,80.026223,7.076388,1725,-107,-20,,,,,,13
2,21604,176,00:38.0,2,7109120,7109121,,-107,-18,80.023169,7.07585,1725,-109,-17.5,-110,-18,,,6,17
22,25709,423,01:50.0,22,5196830,,,-99,-13.5,81.831224,7.413996,1725,-103.7,-16,,,,,6,6
20,20737,343,01:36.0,20,5308675,,,-99,-14.6,79.883887,7.210815,1725,-103,-17.9,,,,,6.7,11.7
1,24928,136,01:27.0,1,5323779,,,-88,-13,80.358328,7.480608,1725,-94,-18.5,,,,,,1
1,21650,115,01:35.0,1,5542400,,,-83.8,-12.1,80.199811,9.80054,1725,-88.8,-15,,,,,12.5,0
1,25649,20,01:47.0,1,5283585,5811468,5287170,-108,-18,80.00208,7.033056,1725,-108,-18,-109,-19,-110,-19.5,,30
1,26889,430,01:12.0,1,6883584,,,-99.3,-10.9,81.841948,7.223269,1725,-105.5,-17.4,,,,,13,2
2,20117,381,00:27.0,2,5496320,5132545,,-88,-13,79.858686,6.921562,1725,-83,-9,-89,-15,,,,
0,20499,196,00:45.0,0,5521410,,,-84,-13.5,79.851849,6.937911,1725,-91,-20,,,,,6,15
2,20064,194,00:53.0,2,5582592,,,-102.7,-11.7,79.847989,6.921426,1725,-106,-13.7,,,,,12,0
2,20064,194,01:08.0,2,5582592,,,-100,-11.8,79.848005,6.921876,1725,-104.3,-15.1,,,,,12,0
1,25070,292,00:06.0,1,6417922,5330720,5330691,-93,-13,79.85333,7.421565,1725,-93,-13,-97,-16,-99,-17.5,6,8
81,23878,394,01:02.0,81,5335122,,,-110,-12.5,81.202989,8.588011,525,-116,-17,,,,,,17
0,27073,178,00:05.0,0,5917184,,,-110.3,-12.8,80.216512,7.452849,1725,-118.3,-19.3,,,,,8.3,25.3
1,20756,233,00:43.0,1,6926338,5889538,,-111,-17,80.050642,9.714758,1725,-114,-20,-117,-20,,,,
1,20756,233,00:16.0,1,6926338,5309443,,-108,-14,80.050895,9.714615,1725,-115,-20,-116,-20,,,9,13
21,21686,349,01:27.0,21,5321216,,,-97,-14,80.213711,7.419981,1725,-103.5,-19.3,,,,,6,3
1,20117,382,00:11.0,1,6206977,,,-90,-10.5,79.859139,6.920597,1725,-96,-11,,,,,,
1,20744,68,00:08.0,1,6110722,5310467,,-107.6,-14.9,80.022158,9.707504,1725,-110.6,-17.3,-112.6,-18.5,,,,
2,21879,299,00:56.0,2,5791233,,,-109.3,-14.3,80.223691,8.195062,1725,-113.6,-18.3,,,,,5,49.2
0,20782,282,01:15.0,0,6155274,6192642,,-98,-10.5,80.405446,9.370147,1725,-101,-13,-107,-19.5,,,10,11
0,20004,315,01:02.0,0,5406722,5392128,5141270,-105,-13,79.86218,6.911721,1725,-111,-17.5,-112,-17.5,-112,-19.5,,
0,20345,90,01:03.0,0,5411348,,,-103.5,-14.5,79.926567,7.032109,1725,-107.5,-16.5,,,,,8,8
1,20756,233,01:49.0,1,5316116,6470912,5313538,-102,-16,80.043508,9.708335,1725,-105,-16,-106,-19.5,-107,-20,6,10
0,20114,396,01:09.0,0,5142785,5122051,5122818,-96,-13.5,79.856179,6.900894,1725,-100,-18,-101,-13.5,-101,-19,,
1,24183,40,01:15.0,1,6190848,6564609,,-77.3,-12.7,80.013826,9.664792,1725,-84,-18.3,-84,-18.5,,,7,1
2,24183,41,00:19.0,2,6564610,6564609,6190849,-102,-15.3,80.013109,9.665908,1725,-106.7,-19.2,-108,-19.7,-108,-19.3,6,0
1,26890,175,00:41.0,1,5248534,,,-88.9,-13.6,79.932058,6.845234,1725,-91.6,-15.6,,,,,7,5.4
1,20810,247,01:28.0,1,5550850,6226186,,-115,-16.5,80.349705,7.49719,1725,-115,-15.5,-120,-20,,,,
1,23098,416,00:29.0,1,5921280,5913090,,-118,-18.7,80.683033,7.903727,1725,-117.3,-17.5,-118.7,-18.3,,,4.7,28.3
2,27658,32,01:18.0,2,5586688,,,-86,-8.5,79.861038,6.917578,1725,-93,-14.5,,,,,,1
0,27658,30,01:25.0,0,7080449,,,-73.3,-10.5,79.865664,6.916615,1725,-77.8,-14.9,,,,,8,1.3
0,27658,30,01:21.0,0,5248277,,,-93,-12.5,79.864556,6.918311,1725,-50,-20,,,,,6,4
0,25119,118,01:59.0,0,5541407,5194242,6430467,-102,-15.5,80.02981,9.742825,1725,-105,-18,-109,-20,-110,-20,8,9
1,20132,308,01:50.0,1,5308161,5308190,5308181,-113,-11.5,79.998779,7.091355,1725,-113,-13.5,-114,-14,-119,-18.5,13,6
1,21911,14,00:10.0,1,6474240,6474241,,-102.3,-12.9,80.414855,8.329853,1725,-105.5,-14.4,-108,-16.5,,,8,6.7
2,20484,42,01:16.0,2,5152002,5592576,5245185,-90,-16.5,79.849042,6.914924,1725,-91,-16.5,-97,-19.5,-98,-20,7,6
0,24675,54,00:58.0,0,5602560,,,-111,-16.2,80.743611,8.24804,1725,-117,-19.2,,,,,10,32
0,20678,36,00:57.0,0,5293588,6224417,5293569,-94.5,-14.8,79.929541,7.046441,1725,-96.5,-15.8,-97.5,-17.8,-99.5,-16.3,9,4
12,21135,105,01:14.0,12,5410582,5879298,,-98,-14.5,80.009754,6.979366,1725,-96,-14,-96,-14,,,9,7
21,1715,115,00:56.0,21,439040,,,-91,-9.8,81.850472,7.228887,38750,-101.5,-17.8,,,,,12,4
1,20752,119,00:33.0,1,6190592,5996802,,-105,-16,80.031348,9.661931,1725,-104,-16.5,-108,-20,,,,
2,20752,72,00:01.0,2,5317634,,,-105.7,-15.2,80.023931,9.66822,1725,-109.6,-17.2,,,,,8.8,7
0,26244,399,00:26.0,0,6718466,,,-106.4,-13.8,80.389595,9.348796,1725,-109.3,-16.1,,,,,7,17.3
21,20789,278,00:02.0,21,6187778,6187776,5920021,-94,-15,80.302371,7.340156,1725,-97,-17.5,-100,-19,-102.5,-20,8,16.5
3,25084,117,00:45.0,3,7170079,7170069,,-109,-14,79.877851,6.850763,1725,-109,-13.5,-114,-20,,,10,5
1,23934,142,01:14.0,1,6127104,,,-92,-13.9,81.516878,7.923947,1725,-95.6,-17.2,,,,,8.9,14.6
1,23934,142,00:52.0,1,6127104,6294018,5766914,-103.5,-15.3,81.525003,7.924122,1725,-106.5,-17,-107.5,-16.5,-109,-18.8,7.5,21
20,21460,134,01:13.0,20,6903552,,,-110.4,-16.2,81.526445,7.904199,1725,-109.3,-15.1,,,,,2.8,12.3
0,22224,65,00:14.0,0,5315853,,,-110.5,-17.4,80.09582,9.763669,1725,-111.5,-17.8,,,,,7,19.8
11,23649,303,00:47.0,11,6054175,6054146,6040852,-111,-16,80.514136,7.493071,1725,-113,-16.5,-116,-18,-117,-20,5,16
1,24586,445,00:30.0,1,5228288,,,-98,-14.5,81.540246,7.917181,1725,-101,-18,,,,,,15
3,21700,449,01:38.0,3,5215232,5555201,,-83,-15,79.911655,8.981889,1725,-87,-19,-88,-20,,,,4
10,20015,216,00:46.0,10,5260803,7051521,5123840,-102,-14,79.850676,6.911401,1725,-102,-15.5,-104,-16.5,-108,-20,5,1
11,20015,123,00:20.0,11,5123861,,,-92,-12.7,79.851548,6.911039,1725,-99,-16.5,,,,,5.3,0.7
0,24141,93,00:42.0,0,5556480,6180118,5556501,-118,-18,80.648147,7.872313,1725,-115,-15.5,-117,-17,-118,-18,9,3
20,21460,134,01:08.0,20,5228290,6903552,,-107,-17.5,81.527583,7.909567,1725,-106,-17,-108,-17.5,,,8,13
1,20382,425,01:15.0,1,5217794,5814529,5217792,-86,-14.5,80.809578,9.262653,1725,-90,-18.5,-99,-20,-99,-20,11,3
1,20382,425,01:01.0,1,5761537,,,-105.3,-14.7,80.821114,9.264102,1725,-109.3,-16.9,,,,,9.5,20.3
2,20015,125,00:43.0,2,5123329,5123330,5123350,-79,-11.5,79.850083,6.908253,1725,-83,-12.5,-84,-17,-85,-18,5,5
0,26389,34,00:36.0,0,5907979,5907970,,-115.5,-18,80.461293,7.461634,1725,-113.5,-16,-119.5,-19.8,,,7,15.5
0,26389,34,00:56.0,0,5907979,5907970,,-99,-18,80.456109,7.468972,1725,-102,-17.5,-103,-18,,,7,17
0,26389,34,01:12.0,0,5907979,,,-112.7,-16.3,80.46654,7.453959,1725,-114.7,-17.7,,,,,5.3,17
0,26389,34,01:43.0,0,5907999,,,-107.3,-16.8,80.477322,7.457145,1725,-110,-19.7,,,,,7,40.5
0,20697,339,00:52.0,0,5285890,,,-93.3,-13,79.950092,7.175198,1725,-100.3,-16.2,,,,,11,5
1,26020,178,01:49.0,1,6468609,6251778,5590284,-117,-12.5,80.203102,7.277207,1725,-123,-17,-124,-19,-125,-20,5,14
0,23470,270,01:14.0,0,5813250,6583554,,-114.5,-15.5,79.938177,7.384072,1725,-115.5,-17.5,-118,-18.3,,,6,22.5
0,26456,235,00:06.0,0,6008342,6008322,,-106,-16,79.921763,7.35509,1725,-113,-20,-113,-20,,,12,15
1,23017,55,01:58.0,1,5548290,,,-106.7,-14.2,80.301516,7.496962,1725,-110.3,-17,,,,,5,20
0,20661,441,00:30.0,0,5302786,6496001,6744833,-87,-19.5,79.911949,7.010359,1725,-86,-16,-87,-17,-88,-19,4,10
3,22962,408,00:36.0,3,5945344,,,-109.5,-14.5,80.074679,8.20275,1725,-109.5,-14.3,,,,,6.5,27.5
1,23007,268,01:39.0,1,6774528,,,-102.9,-13.8,79.942376,9.754307,1725,-106.4,-16.6,,,,,8.5,9.3
1,23925,386,00:24.0,1,6124802,,,-97.4,-13.3,81.343071,7.552411,1725,-99.6,-16.1,,,,,10,1.3
1,26890,175,01:36.0,1,6213888,6883840,,-96,-14,79.929589,6.844974,1725,-101,-14.5,-102,-18,,,9,3
21,23125,368,01:49.0,21,5920001,,,-100.5,-14.5,80.308906,7.362235,1725,-105.5,-19.1,,,,,7.5,9
0,20782,282,01:04.0,0,5320225,,,-93,-12,80.407726,9.365062,1725,-106,-20,,,,,5,4
1,26942,14,01:51.0,1,5912321,,,-99,-12.5,81.837173,7.38592,1725,-106,-19.5,,,,,8,11
2,20417,400,00:34.0,2,5226784,,,-99.5,-13.5,81.847581,7.227505,1725,-107,-18.3,,,,,9.5,4.5
2,20417,400,00:29.0,2,5226784,,,-101,-15.5,81.847994,7.228672,1725,-105,-18,,,,,,
1,20441,265,01:14.0,1,6311169,,,-97.1,-14.7,81.735013,7.670293,1725,-101.7,-17.7,,,,,8.6,7
0,20381,216,01:26.0,0,6243585,6023424,6297600,-104,-17,80.758966,7.956277,1725,-109,-16,-109,-19,-109,-17.5,,
92,27406,50,00:53.0,92,6898513,,,-110,-12.8,81.835779,6.870795,525,-115.8,-17.2,,,,,,7
20,20664,182,00:22.0,20,5289984,,,-92.3,-11.2,79.95596,7.002852,1725,-100,-17.8,,,,,10,2
2,23065,158,01:38.0,2,5904641,5896961,,-115,-20,80.251627,8.232459,1725,-121,-20,-126,-20,,,4,14
2,20742,339,00:54.0,2,5309955,,,-87,-15.5,80.01562,9.666245,1725,-89.8,-16.7,,,,,10.1,1.5
1,26020,178,01:37.0,1,6468609,5544471,5590284,-108,-11.5,80.20243,7.274108,1725,-111,-12.5,-112,-15.5,-115,-18.5,4,15
21,24764,9,01:24.0,21,5228820,5228810,6114048,-96,-15,81.615573,7.782257,1725,-100,-18,-101,-18.5,-104,-20,,10
1,21151,406,00:04.0,1,5333525,,,-105.3,-14.7,79.836497,7.382594,1725,-109.6,-16,,,,,13,11.8
0,23883,202,01:32.0,0,6705410,5767198,5232672,-111,-17.5,81.609889,7.771042,1725,-116,-20,-117,-20,-118,-20,10,0
82,21700,446,00:54.0,82,5328209,5327954,,-93,-16.5,79.9003,8.97603,525,-102,-20,-105,-20,,,,9
23,24137,263,00:40.0,23,6179072,5170453,,-103,-12,79.880696,6.803354,1725,-110,-19,-111,-20,,,8,7
1,20574,376,00:03.0,1,6883872,6886402,,-107,-14.5,79.922899,6.850636,1725,-111,-17,-111,-18,,,8,4
0,25446,70,00:58.0,0,5322251,,,-110.3,-14.3,80.128691,7.31318,1725,-114.3,-17,,,,,10.3,22
2,21700,421,01:33.0,2,5215254,5555222,,-99,-14,79.909818,8.98427,1725,-101,-15.5,-102,-17.3,,,,2.5
1,23457,325,01:14.0,1,6032386,,,-108.1,-14.9,81.018508,8.150206,1725,-112.9,-18.7,,,,,8.8,12.3
3,22962,408,00:56.0,3,5878284,,,-102.3,-13.1,80.106128,8.194033,1725,-105.3,-15,,,,,5,23.3
3,24710,402,01:38.0,3,5412894,5814038,,-109,-14.5,80.165928,7.368829,1725,-114,-19.5,-116,-20,,,,23
1,27095,205,00:29.0,1,6936322,,,-92.6,-11.9,79.824961,8.038936,1725,-95,-14.4,,,,,8.3,4
0,26431,3,01:36.0,0,6766338,,,-97.2,-12.9,,,1725,-102.2,-16.2,,,,,6.8,5.6
80,26431,277,00:14.0,80,5312091,5309777,6890834,-109,-13.5,,,525,-117,-20,-117,-20,-118,-20,,19
80,26431,277,01:01.0,80,5312091,6766418,5543024,-101,-16,80.196884,9.813022,525,-102,-16,-106,-19.5,-106,-19,6,16
80,26431,277,01:16.0,80,5312091,6766418,5543024,-106,-14.5,80.197105,9.813419,525,-107,-15,-111,-19,-113,-20,5,14
21,20626,410,01:14.0,21,5280267,7106304,5280256,-102,-18,79.856072,6.933613,1725,-101,-17,-105,-20,-105,-20,5,3
1,20132,308,00:00.0,1,5308182,5308162,,-79,-10.5,79.999258,7.088934,1725,-85,-15.5,-86,-17,,,9,4
0,20122,127,00:29.0,0,5151252,5128194,,-102,-10.5,79.853619,6.898332,1725,-103,-13,-104,-11.5,,,7,0
1,24401,389,01:42.0,1,5218591,,,-92.7,-12.6,79.790708,7.583816,1725,-97.9,-17.4,,,,,10,2.8
2,20752,72,01:14.0,2,5309962,,,-99,-15,80.022694,9.670426,1725,-102,-17.5,,,,,,9
0,20122,127,01:54.0,0,5128194,,,-103.4,-11.3,79.85488,6.898625,1725,-106,-13.5,,,,,6,1
41,21729,67,01:45.0,41,5944361,,,-112,-12,79.848522,7.744243,3650,-118,-18,,,,,,31
1,23934,142,01:46.0,1,6127104,,,-91.3,-14.6,81.518333,7.926517,1725,-95.3,-17,,,,,9.7,11.9
0,23934,141,01:56.0,0,5493760,6130690,6130688,-104,-15.5,81.51981,7.934042,1725,-109,-18.5,-110,-18.5,-112,-20,10,14
1,23934,142,01:25.0,1,6507265,,,-107.7,-16.2,81.516271,7.918348,1725,-107.7,-16.8,,,,,10,17.5
0,24675,54,01:15.0,0,6316832,5918230,,-105,-16.5,80.715935,8.273636,1725,-105,-17,-106,-17,,,5,81
2,23155,270,01:13.0,2,6010112,5927711,,-102,-13,80.191473,9.799469,1725,-104,-14.8,-108.5,-19,,,6.5,8
32,20378,31,01:29.0,32,5217292,5921281,4294967295,-106,-15,80.621191,7.8843,1725,-113,-19.5,-113,-20,-114,-20,8,49
32,20378,31,00:45.0,32,5216770,,,-95,-11.5,80.635969,7.871626,1725,-104,-19.3,,,,,8,7.5
91,27252,201,00:13.0,91,6976604,5764946,6976594,-117,-16.5,81.800148,7.357283,525,-117,-16.5,-119,-15.5,-120,-18.5,,11
91,27252,201,00:38.0,91,6128976,,,-101.4,-12.9,81.807898,7.364096,525,-107,-18.1,,,,,6.3,42
21,20834,300,00:05.0,21,5414657,,,-106,-16.2,79.847516,7.387139,1725,-107.7,-15.5,,,,,9,23.5
2,21664,413,01:14.0,2,6035971,5564683,,-113,-19,79.929836,7.575225,1725,-117,-17.5,-118,-20,,,,32
2,23219,354,00:27.0,2,5944064,,,-103,-16.3,79.914043,6.999541,1725,-102,-15.8,,,,,7,8
22,20823,395,00:09.0,22,5330690,5910785,6417922,-104,-14,79.858448,7.407639,1725,-110,-20,-112,-20,-112,-20,2,16
1,21717,53,00:03.0,1,6047234,6047232,,-104,-14,80.915607,8.037355,1725,-107,-18,-108,-20,,,8,17
1,21717,53,01:39.0,1,6047233,6369024,6047232,-113,-15.5,80.900076,8.012039,1725,-116,-16,-119,-18,-119,-19,6,56
1,26942,14,00:55.0,1,6897152,5225503,,-92,-11.5,81.843087,7.389393,1725,-99,-20,-100,-20,,,12,1
0,23550,52,00:27.0,0,6765825,6765826,6249994,-100,-13,80.548802,7.760375,1725,-105,-16,-107,-17,-107,-19,6,30
3,20774,54,01:20.0,3,5154314,,,-104.3,-15,80.037368,9.677456,1725,-109.7,-17.5,,,,,8.3,11
1,22957,85,00:56.0,1,5876994,,,-93,-13.9,79.872654,7.005065,1725,-100.3,-18,,,,,10,3.3
0,23453,217,00:32.0,0,6636288,,,-95,-12.5,79.96031,7.008915,1725,-98,-15.5,,,,,12,6
2,20819,246,00:16.0,2,5329685,5329687,5329667,-95,-14.5,79.88917,7.296075,1725,-101,-18,-102,-19,-103,-19.5,,
1,20840,184,00:58.0,1,5335060,,,-85.5,-11.3,81.216064,8.578274,1725,-91,-17.3,,,,,4.5,7
1,21574,375,00:34.0,1,5411841,,,-108.5,-15.5,79.862738,7.06443,1725,-112,-17,,,,,8,11.5
1,21574,375,00:40.0,1,5411841,5411861,,-111,-16,79.857222,7.065,1725,-110,-14.5,-118,-20,,,5,11
1,25638,443,00:31.0,1,5557002,6563328,,-113,-15.5,80.79533,9.226194,1725,-116,-16.5,-117,-17,,,7,11
82,23092,167,01:27.0,82,5911633,,,-100.9,-13.7,79.87457,7.230127,525,-105.3,-16.9,,,,,12,8
1,21544,355,01:17.0,1,5515264,5500672,5249283,-111,-18,79.958717,6.929459,1725,-112,-18.5,-115,-20,-115,-20,8,13
0,26431,3,00:49.0,0,6766338,,,-101,-11.5,,,1725,-108,-18.5,,,,,9,8
2,23457,326,01:20.0,2,5814785,,,-119.3,-18,81.000997,8.162412,1725,-123.8,-18.4,,,,,5.5,27
3,20779,252,01:16.0,3,4294967295,,,-110.8,-14.9,80.42149,7.318996,1725,-116.1,-17.7,,,,,9,50.2
41,21729,67,00:34.0,41,5939752,5425962,,-113.8,-15.5,79.863383,7.732625,3650,-114.7,-16.3,-117.6,-19.2,,,4.8,42
0,20122,127,01:19.0,0,5151234,5151254,5151252,-98,-17,79.853633,6.898827,1725,-96,-15,-99,-14.5,-99,-18,6,1
0,24675,54,00:08.0,0,5918209,,,-117,-14.5,80.752823,8.250159,1725,-117,-14.5,,,,,,
0,21460,133,00:11.0,0,5229314,5229334,,-104.8,-16.1,81.524008,7.907148,1725,-104.8,-16.4,-108.3,-19.1,,,4,11.3
31,20775,87,00:27.0,31,5318402,,,-104.1,-13.3,80.018118,9.653902,1725,-111,-18.9,,,,,9.5,3
1,23893,241,00:58.0,1,5540611,5540640,6224384,-107,-14.5,79.93245,7.052322,1725,-110,-17,-110,-17.5,-113,-18.5,,16
0,27040,84,00:46.0,0,5770250,,,-111,-12,79.990921,7.233808,1725,-114,-15.5,,,,,,12
2,20086,71,00:49.0,2,6382082,,,-96,-12,79.849516,6.905842,1725,-98,-14,,,,,5,3
21,20086,291,00:52.0,21,6382080,4294967295,,-92,-11.5,79.850912,6.908202,1725,-96,-15.5,-99,-17,,,7,1
2,21879,299,00:25.0,2,5870595,,,-102,-13.5,80.220022,8.175072,1725,-107,-18,,,,,,67
2,21879,299,00:41.0,2,5870595,5625858,,-103,-13,80.220022,8.175072,1725,-107,-17,-108,-18,,,,67
20,20122,144,00:59.0,20,5425409,5121283,5151233,-105,-17,79.85508,6.895925,1725,-105,-17.5,-107,-20,-109,-20,2,4
2,26389,33,00:41.0,2,6755585,,,-101,-16.5,80.443743,7.455922,1725,-108,-20,,,,,,10
10,20425,341,01:06.0,10,5228820,6339595,,-112,-13.5,81.611544,7.780974,1725,-115,-16.5,-116,-17,,,,
1,22993,92,00:00.0,1,5886210,,,-106.2,-14.8,80.47237,8.030513,1725,-111.6,-18.3,,,,,9.3,12.3
0,24182,81,00:54.0,0,5317633,5317632,,-112,-18,80.027956,9.659441,1725,-109,-15,-111,-17,,,,2
21,20814,222,01:32.0,21,5328395,5328386,,-100,-10,80.569622,7.75969,1725,-109,-19,-2,-19,,,11,4
21,20814,222,01:52.0,21,5328395,5328386,,-100,-15.5,80.570033,7.760546,1725,-103,-18.5,-4,-20,,,6,3
21,20814,222,01:17.0,21,5328385,5328386,,-100,-14.5,80.570729,7.760985,1725,-103,-17.5,-5,-19,,,6,3
21,20814,222,01:26.0,21,6765824,5328386,,-106,-14,80.569501,7.75843,1725,-112,-16.5,-6,-19.5,,,,6
21,20814,222,01:42.0,21,5328385,5328386,6249994,-99,-15,80.569813,7.760515,1725,-103,-18.5,-11,-20,-106,-19.5,6,3
21,20814,222,00:11.0,21,5328395,5328386,6765824,-110,-16,80.570175,7.760255,1725,-111,-16,-12,-17,-112,-18,,4
21,20814,222,00:48.0,21,6249994,5328386,,-110,-13,80.569253,7.751196,1725,-117,-19,-13,-20,,,,16
21,20814,222,00:36.0,21,6765824,5328386,5328395,-98,-14,80.569003,7.759275,1725,-99,-18,-14,-17,-101,-16.5,6,5
21,20814,222,01:08.0,21,6765824,5328386,5328395,-94.3,-16.3,80.571592,7.759448,1725,-94.7,-14.3,-15,-18.8,-99.3,-19.7,7,5.5
